{
    "change_date": 1758616775883.0,
    "changed_by": {
        "id": "4d82ae0d-2047-4c83-ac8c-e2da04a3b5a0",
        "name": "Brave Gujral",
        "type_": "USER"
    },
    "created_by": {
        "id": "4d82ae0d-2047-4c83-ac8c-e2da04a3b5a0",
        "name": "Brave Gujral",
        "type_": "USER"
    },
    "creation_date": 1758616054542.0,
    "data_source_connections": [],
    "description": null,
    "display_name": "Accounts Payable",
    "enable_date": 1758616775739.0,
    "enabled": false,
    "event_count": 40,
    "name": "AccountsPayable",
    "object_count": 38
}