[
    {
        "change_date": 1736420628742.0,
        "changed_by": {
            "id": "2e501ed7-9bdf-4dd6-8328-d853f30e6a1b",
            "name": "c.demosthenous",
            "type_": "USER"
        },
        "created_by": {
            "id": "2e501ed7-9bdf-4dd6-8328-d853f30e6a1b",
            "name": "c.demosthenous",
            "type_": "USER"
        },
        "creation_date": 1736420628229.0,
        "data_connection_id": "00000000-0000-0000-0000-000000000000",
        "disabled": null,
        "display_name": "UnlockParticipant transformation - copy - 6",
        "factory_id": "0160c284-0adb-4e00-b5fb-4bc9a016bc6b",
        "has_overwrites": null,
        "name": "UnlockParticipant transformation - copy - 6",
        "namespace": "custom",
        "target": {
            "entity_ref": {
                "name": "UnlockParticipant",
                "namespace": "custom"
            },
            "kind": "EVENT"
        },
        "user_factory_template_reference": null,
        "validation_status": "VALID"
    }
]