[
    {
        "change_date": 1737035004474.0,
        "changed_by": {
            "id": "2e501ed7-9bdf-4dd6-8328-d853f30e6a1b",
            "name": "c.demosthenous",
            "type_": "USER"
        },
        "created_by": {
            "id": "2e501ed7-9bdf-4dd6-8328-d853f30e6a1b",
            "name": "c.demosthenous",
            "type_": "USER"
        },
        "creation_date": 1736341699679.0,
        "data_connection_id": "468823c6-32f7-4d9b-a9d3-ff1971688698",
        "disabled": null,
        "display_name": "ContractWorkspaceHistory transformation - 1000 - RAW test data sets_31 - Ariba Sourcing - 1",
        "factory_id": "b40b864e-b734-4989-b3ae-0a90ace6e294",
        "has_overwrites": null,
        "name": "ContractWorkspaceHistory transformation - 1000 - RAW test data sets_31 - Ariba Sourcing - 1",
        "namespace": "custom",
        "target": {
            "entity_ref": {
                "name": "ContractWorkspaceHistory",
                "namespace": "custom"
            },
            "kind": "OBJECT"
        },
        "user_factory_template_reference": null,
        "validation_status": "VALID"
    }
]