[
    {
        "change_date": 1736341541669.0,
        "changed_by": {
            "id": "2e501ed7-9bdf-4dd6-8328-d853f30e6a1b",
            "name": "c.demosthenous",
            "type_": "USER"
        },
        "created_by": {
            "id": "2e501ed7-9bdf-4dd6-8328-d853f30e6a1b",
            "name": "c.demosthenous",
            "type_": "USER"
        },
        "creation_date": 1736341541290.0,
        "data_connection_id": "00000000-0000-0000-0000-000000000000",
        "disabled": null,
        "display_name": "SubmitRequisition transformation - copy - 3",
        "factory_id": "2b9ac88d-cd87-4d1d-903e-f57f206060e8",
        "has_overwrites": null,
        "name": "SubmitRequisition transformation - copy - 3",
        "namespace": "custom",
        "target": {
            "entity_ref": {
                "name": "SubmitRequisition",
                "namespace": "custom"
            },
            "kind": "EVENT"
        },
        "user_factory_template_reference": null,
        "validation_status": "VALID"
    }
]