[
    {
        "change_date": 1736244777423.0,
        "changed_by": {
            "id": "2e501ed7-9bdf-4dd6-8328-d853f30e6a1b",
            "name": "c.demosthenous",
            "type_": "USER"
        },
        "created_by": {
            "id": "2e501ed7-9bdf-4dd6-8328-d853f30e6a1b",
            "name": "c.demosthenous",
            "type_": "USER"
        },
        "creation_date": 1736244777025.0,
        "data_connection_id": "00000000-0000-0000-0000-000000000000",
        "disabled": null,
        "display_name": "EventClosingTimeExtendedReduced transformation - copy - 1",
        "factory_id": "b1337009-f69e-4427-b2dd-b76bcec3adfe",
        "has_overwrites": null,
        "name": "EventClosingTimeExtendedReduced transformation - copy - 1",
        "namespace": "custom",
        "target": {
            "entity_ref": {
                "name": "EventClosingTimeExtendedReduced",
                "namespace": "custom"
            },
            "kind": "EVENT"
        },
        "user_factory_template_reference": null,
        "validation_status": "VALID"
    }
]