[
    {
        "change_date": 1736420988684.0,
        "changed_by": {
            "id": "2e501ed7-9bdf-4dd6-8328-d853f30e6a1b",
            "name": "c.demosthenous",
            "type_": "USER"
        },
        "created_by": {
            "id": "2e501ed7-9bdf-4dd6-8328-d853f30e6a1b",
            "name": "c.demosthenous",
            "type_": "USER"
        },
        "creation_date": 1736420988299.0,
        "data_connection_id": "00000000-0000-0000-0000-000000000000",
        "disabled": null,
        "display_name": "CreateScenario transformation - copy - 7",
        "factory_id": "cbb68966-3ca8-4731-8670-0ad8d4f2eb43",
        "has_overwrites": null,
        "name": "CreateScenario transformation - copy - 7",
        "namespace": "custom",
        "target": {
            "entity_ref": {
                "name": "CreateScenario",
                "namespace": "custom"
            },
            "kind": "EVENT"
        },
        "user_factory_template_reference": null,
        "validation_status": "VALID"
    }
]