[
    {
        "change_date": 1736341708247.0,
        "changed_by": {
            "id": "2e501ed7-9bdf-4dd6-8328-d853f30e6a1b",
            "name": "c.demosthenous",
            "type_": "USER"
        },
        "created_by": {
            "id": "2e501ed7-9bdf-4dd6-8328-d853f30e6a1b",
            "name": "c.demosthenous",
            "type_": "USER"
        },
        "creation_date": 1736341707417.0,
        "data_connection_id": "468823c6-32f7-4d9b-a9d3-ff1971688698",
        "disabled": null,
        "display_name": "DocumentTask transformation - 1000 - RAW test data sets_31 - Ariba Sourcing - 1",
        "factory_id": "2e470e20-96e9-4356-a932-eb27399849f5",
        "has_overwrites": null,
        "name": "DocumentTask transformation - 1000 - RAW test data sets_31 - Ariba Sourcing - 1",
        "namespace": "custom",
        "target": {
            "entity_ref": {
                "name": "DocumentTask",
                "namespace": "custom"
            },
            "kind": "OBJECT"
        },
        "user_factory_template_reference": null,
        "validation_status": "VALID"
    }
]