[
    {
        "change_date": 1736247053936.0,
        "changed_by": {
            "id": "2e501ed7-9bdf-4dd6-8328-d853f30e6a1b",
            "name": "c.demosthenous",
            "type_": "USER"
        },
        "created_by": {
            "id": "2e501ed7-9bdf-4dd6-8328-d853f30e6a1b",
            "name": "c.demosthenous",
            "type_": "USER"
        },
        "creation_date": 1736247053557.0,
        "data_connection_id": "00000000-0000-0000-0000-000000000000",
        "disabled": null,
        "display_name": "CreateRequisition transformation - copy - 2",
        "factory_id": "27febdc2-273a-431b-a038-3d5428d21967",
        "has_overwrites": null,
        "name": "CreateRequisition transformation - copy - 2",
        "namespace": "custom",
        "target": {
            "entity_ref": {
                "name": "CreateRequisition",
                "namespace": "custom"
            },
            "kind": "EVENT"
        },
        "user_factory_template_reference": null,
        "validation_status": "VALID"
    }
]