[
    {
        "change_date": 1736420621129.0,
        "changed_by": {
            "id": "2e501ed7-9bdf-4dd6-8328-d853f30e6a1b",
            "name": "c.demosthenous",
            "type_": "USER"
        },
        "created_by": {
            "id": "2e501ed7-9bdf-4dd6-8328-d853f30e6a1b",
            "name": "c.demosthenous",
            "type_": "USER"
        },
        "creation_date": 1736420620764.0,
        "data_connection_id": "00000000-0000-0000-0000-000000000000",
        "disabled": null,
        "display_name": "CreateRFXItemLine transformation - copy - 6",
        "factory_id": "616eace6-75d4-4d89-b47b-65b6708a9c30",
        "has_overwrites": null,
        "name": "CreateRFXItemLine transformation - copy - 6",
        "namespace": "custom",
        "target": {
            "entity_ref": {
                "name": "CreateRFXItemLine",
                "namespace": "custom"
            },
            "kind": "EVENT"
        },
        "user_factory_template_reference": null,
        "validation_status": "VALID"
    }
]