[
    {
        "change_date": 1736420989254.0,
        "changed_by": {
            "id": "2e501ed7-9bdf-4dd6-8328-d853f30e6a1b",
            "name": "c.demosthenous",
            "type_": "USER"
        },
        "created_by": {
            "id": "2e501ed7-9bdf-4dd6-8328-d853f30e6a1b",
            "name": "c.demosthenous",
            "type_": "USER"
        },
        "creation_date": 1736420988859.0,
        "data_connection_id": "00000000-0000-0000-0000-000000000000",
        "disabled": null,
        "display_name": "EventMovesToOpenState transformation - copy - 7",
        "factory_id": "6111ce16-fe20-40a2-a68f-363135c271d6",
        "has_overwrites": null,
        "name": "EventMovesToOpenState transformation - copy - 7",
        "namespace": "custom",
        "target": {
            "entity_ref": {
                "name": "EventMovesToOpenState",
                "namespace": "custom"
            },
            "kind": "EVENT"
        },
        "user_factory_template_reference": null,
        "validation_status": "VALID"
    }
]