[
    {
        "change_date": 1736244784728.0,
        "changed_by": {
            "id": "2e501ed7-9bdf-4dd6-8328-d853f30e6a1b",
            "name": "c.demosthenous",
            "type_": "USER"
        },
        "created_by": {
            "id": "2e501ed7-9bdf-4dd6-8328-d853f30e6a1b",
            "name": "c.demosthenous",
            "type_": "USER"
        },
        "creation_date": 1736244784356.0,
        "data_connection_id": "00000000-0000-0000-0000-000000000000",
        "disabled": null,
        "display_name": "EventResumed transformation - copy - 1",
        "factory_id": "17dc6f22-544f-4d8f-b4a0-66f89fbc403a",
        "has_overwrites": null,
        "name": "EventResumed transformation - copy - 1",
        "namespace": "custom",
        "target": {
            "entity_ref": {
                "name": "EventResumed",
                "namespace": "custom"
            },
            "kind": "EVENT"
        },
        "user_factory_template_reference": null,
        "validation_status": "VALID"
    }
]