[
    {
        "change_date": 1736420976863.0,
        "changed_by": {
            "id": "2e501ed7-9bdf-4dd6-8328-d853f30e6a1b",
            "name": "c.demosthenous",
            "type_": "USER"
        },
        "created_by": {
            "id": "2e501ed7-9bdf-4dd6-8328-d853f30e6a1b",
            "name": "c.demosthenous",
            "type_": "USER"
        },
        "creation_date": 1736420976488.0,
        "data_connection_id": "00000000-0000-0000-0000-000000000000",
        "disabled": null,
        "display_name": "UpdateRequisition transformation - copy - 7",
        "factory_id": "9bebe85d-aa16-416d-be11-d90d44651192",
        "has_overwrites": null,
        "name": "UpdateRequisition transformation - copy - 7",
        "namespace": "custom",
        "target": {
            "entity_ref": {
                "name": "UpdateRequisition",
                "namespace": "custom"
            },
            "kind": "EVENT"
        },
        "user_factory_template_reference": null,
        "validation_status": "VALID"
    }
]