[
    {
        "change_date": 1736244778850.0,
        "changed_by": {
            "id": "2e501ed7-9bdf-4dd6-8328-d853f30e6a1b",
            "name": "c.demosthenous",
            "type_": "USER"
        },
        "created_by": {
            "id": "2e501ed7-9bdf-4dd6-8328-d853f30e6a1b",
            "name": "c.demosthenous",
            "type_": "USER"
        },
        "creation_date": 1736244778458.0,
        "data_connection_id": "00000000-0000-0000-0000-000000000000",
        "disabled": null,
        "display_name": "SubmitOperationalContract transformation - copy - 1",
        "factory_id": "d8102270-821f-488a-91b2-6f831c9d186d",
        "has_overwrites": null,
        "name": "SubmitOperationalContract transformation - copy - 1",
        "namespace": "custom",
        "target": {
            "entity_ref": {
                "name": "SubmitOperationalContract",
                "namespace": "custom"
            },
            "kind": "EVENT"
        },
        "user_factory_template_reference": null,
        "validation_status": "VALID"
    }
]