[
    {
        "change_date": 1736420647607.0,
        "changed_by": {
            "id": "2e501ed7-9bdf-4dd6-8328-d853f30e6a1b",
            "name": "c.demosthenous",
            "type_": "USER"
        },
        "created_by": {
            "id": "2e501ed7-9bdf-4dd6-8328-d853f30e6a1b",
            "name": "c.demosthenous",
            "type_": "USER"
        },
        "creation_date": 1736420646651.0,
        "data_connection_id": "00000000-0000-0000-0000-000000000000",
        "disabled": null,
        "display_name": "ApproveRequisition transformation - copy - 6",
        "factory_id": "b4a17d89-b09b-481a-8ce8-7b51f2451a39",
        "has_overwrites": null,
        "name": "ApproveRequisition transformation - copy - 6",
        "namespace": "custom",
        "target": {
            "entity_ref": {
                "name": "ApproveRequisition",
                "namespace": "custom"
            },
            "kind": "EVENT"
        },
        "user_factory_template_reference": null,
        "validation_status": "VALID"
    }
]