[
    {
        "change_date": 1736420975762.0,
        "changed_by": {
            "id": "2e501ed7-9bdf-4dd6-8328-d853f30e6a1b",
            "name": "c.demosthenous",
            "type_": "USER"
        },
        "created_by": {
            "id": "2e501ed7-9bdf-4dd6-8328-d853f30e6a1b",
            "name": "c.demosthenous",
            "type_": "USER"
        },
        "creation_date": 1736420975380.0,
        "data_connection_id": "00000000-0000-0000-0000-000000000000",
        "disabled": null,
        "display_name": "ResubmitOrder transformation - copy - 7",
        "factory_id": "e967bf13-8bc6-4cc2-bb1e-f4a1a48f51cd",
        "has_overwrites": null,
        "name": "ResubmitOrder transformation - copy - 7",
        "namespace": "custom",
        "target": {
            "entity_ref": {
                "name": "ResubmitOrder",
                "namespace": "custom"
            },
            "kind": "EVENT"
        },
        "user_factory_template_reference": null,
        "validation_status": "VALID"
    }
]