[
    {
        "change_date": 1736247022051.0,
        "changed_by": {
            "id": "2e501ed7-9bdf-4dd6-8328-d853f30e6a1b",
            "name": "c.demosthenous",
            "type_": "USER"
        },
        "created_by": {
            "id": "2e501ed7-9bdf-4dd6-8328-d853f30e6a1b",
            "name": "c.demosthenous",
            "type_": "USER"
        },
        "creation_date": 1736247020836.0,
        "data_connection_id": "00000000-0000-0000-0000-000000000000",
        "disabled": null,
        "display_name": "CreateSourcingRequest transformation - copy - 2",
        "factory_id": "8fac4df0-e162-4c1f-81c9-6c2b81f83479",
        "has_overwrites": null,
        "name": "CreateSourcingRequest transformation - copy - 2",
        "namespace": "custom",
        "target": {
            "entity_ref": {
                "name": "CreateSourcingRequest",
                "namespace": "custom"
            },
            "kind": "EVENT"
        },
        "user_factory_template_reference": null,
        "validation_status": "VALID"
    }
]