[
    {
        "change_date": 1736343275224.0,
        "changed_by": {
            "id": "2e501ed7-9bdf-4dd6-8328-d853f30e6a1b",
            "name": "c.demosthenous",
            "type_": "USER"
        },
        "created_by": {
            "id": "2e501ed7-9bdf-4dd6-8328-d853f30e6a1b",
            "name": "c.demosthenous",
            "type_": "USER"
        },
        "creation_date": 1736343274854.0,
        "data_connection_id": "00000000-0000-0000-0000-000000000000",
        "disabled": null,
        "display_name": "EventReopened transformation - copy - 5",
        "factory_id": "904f2fbd-f84d-46cd-8b4b-d9b2d6f8678c",
        "has_overwrites": null,
        "name": "EventReopened transformation - copy - 5",
        "namespace": "custom",
        "target": {
            "entity_ref": {
                "name": "EventReopened",
                "namespace": "custom"
            },
            "kind": "EVENT"
        },
        "user_factory_template_reference": null,
        "validation_status": "VALID"
    }
]