[
    {
        "change_date": 1737034948708.0,
        "changed_by": {
            "id": "2e501ed7-9bdf-4dd6-8328-d853f30e6a1b",
            "name": "c.demosthenous",
            "type_": "USER"
        },
        "created_by": {
            "id": "2e501ed7-9bdf-4dd6-8328-d853f30e6a1b",
            "name": "c.demosthenous",
            "type_": "USER"
        },
        "creation_date": 1736420948029.0,
        "data_connection_id": "468823c6-32f7-4d9b-a9d3-ff1971688698",
        "disabled": null,
        "display_name": "ContractWorkspace transformation - 1000 - RAW test data sets_31 - Ariba Sourcing - 4",
        "factory_id": "0895daf4-b7cb-4d6c-b5e2-c44cb69bc40a",
        "has_overwrites": null,
        "name": "ContractWorkspace transformation - 1000 - RAW test data sets_31 - Ariba Sourcing - 4",
        "namespace": "custom",
        "target": {
            "entity_ref": {
                "name": "ContractWorkspace",
                "namespace": "custom"
            },
            "kind": "OBJECT"
        },
        "user_factory_template_reference": null,
        "validation_status": "VALID"
    }
]