[
    {
        "change_date": 1736420639348.0,
        "changed_by": {
            "id": "2e501ed7-9bdf-4dd6-8328-d853f30e6a1b",
            "name": "c.demosthenous",
            "type_": "USER"
        },
        "created_by": {
            "id": "2e501ed7-9bdf-4dd6-8328-d853f30e6a1b",
            "name": "c.demosthenous",
            "type_": "USER"
        },
        "creation_date": 1736420638397.0,
        "data_connection_id": "00000000-0000-0000-0000-000000000000",
        "disabled": null,
        "display_name": "UpdateSourcingRequest transformation - copy - 6",
        "factory_id": "50d5c4b3-14cc-40be-adda-e6a386f3f746",
        "has_overwrites": null,
        "name": "UpdateSourcingRequest transformation - copy - 6",
        "namespace": "custom",
        "target": {
            "entity_ref": {
                "name": "UpdateSourcingRequest",
                "namespace": "custom"
            },
            "kind": "EVENT"
        },
        "user_factory_template_reference": null,
        "validation_status": "VALID"
    }
]