[
    {
        "change_date": 1736343267593.0,
        "changed_by": {
            "id": "2e501ed7-9bdf-4dd6-8328-d853f30e6a1b",
            "name": "c.demosthenous",
            "type_": "USER"
        },
        "created_by": {
            "id": "2e501ed7-9bdf-4dd6-8328-d853f30e6a1b",
            "name": "c.demosthenous",
            "type_": "USER"
        },
        "creation_date": 1736343267250.0,
        "data_connection_id": "00000000-0000-0000-0000-000000000000",
        "disabled": null,
        "display_name": "CreateSourcingEvent transformation - copy - 5",
        "factory_id": "d7025796-cb81-4f84-9a31-ff597a75dbff",
        "has_overwrites": null,
        "name": "CreateSourcingEvent transformation - copy - 5",
        "namespace": "custom",
        "target": {
            "entity_ref": {
                "name": "CreateSourcingEvent",
                "namespace": "custom"
            },
            "kind": "EVENT"
        },
        "user_factory_template_reference": null,
        "validation_status": "VALID"
    }
]