[
    {
        "change_date": 1737035542766.0,
        "changed_by": {
            "id": "2e501ed7-9bdf-4dd6-8328-d853f30e6a1b",
            "name": "c.demosthenous",
            "type_": "USER"
        },
        "created_by": {
            "id": "2e501ed7-9bdf-4dd6-8328-d853f30e6a1b",
            "name": "c.demosthenous",
            "type_": "USER"
        },
        "creation_date": 1736247009502.0,
        "data_connection_id": "ad7bbed7-c036-4eb3-8f14-4924d1759a4b",
        "disabled": null,
        "display_name": "ERPOrderHistory transformation - 1000 - RAW test data sets_32 - Ariba Procurement - 1",
        "factory_id": "de8df9c9-3ec2-4df9-b962-0704e07a7525",
        "has_overwrites": null,
        "name": "ERPOrderHistory transformation - 1000 - RAW test data sets_32 - Ariba Procurement - 1",
        "namespace": "custom",
        "target": {
            "entity_ref": {
                "name": "ERPOrderHistory",
                "namespace": "custom"
            },
            "kind": "OBJECT"
        },
        "user_factory_template_reference": null,
        "validation_status": "VALID"
    }
]