[
    {
        "change_date": 1736244758289.0,
        "changed_by": {
            "id": "2e501ed7-9bdf-4dd6-8328-d853f30e6a1b",
            "name": "c.demosthenous",
            "type_": "USER"
        },
        "created_by": {
            "id": "2e501ed7-9bdf-4dd6-8328-d853f30e6a1b",
            "name": "c.demosthenous",
            "type_": "USER"
        },
        "creation_date": 1736244757832.0,
        "data_connection_id": "00000000-0000-0000-0000-000000000000",
        "disabled": null,
        "display_name": "RelationshipSourcing transformation - OCPM Schema - 1",
        "factory_id": "1077861b-66cf-42cf-937a-e18e4e3b6a91",
        "has_overwrites": null,
        "name": "RelationshipSourcing transformation - OCPM Schema - 1",
        "namespace": "custom",
        "target": {
            "entity_ref": {
                "name": "RelationshipSourcing",
                "namespace": "custom"
            },
            "kind": "OBJECT"
        },
        "user_factory_template_reference": null,
        "validation_status": "VALID"
    }
]