[
    {
        "change_date": 1736247054879.0,
        "changed_by": {
            "id": "2e501ed7-9bdf-4dd6-8328-d853f30e6a1b",
            "name": "c.demosthenous",
            "type_": "USER"
        },
        "created_by": {
            "id": "2e501ed7-9bdf-4dd6-8328-d853f30e6a1b",
            "name": "c.demosthenous",
            "type_": "USER"
        },
        "creation_date": 1736247054481.0,
        "data_connection_id": "00000000-0000-0000-0000-000000000000",
        "disabled": null,
        "display_name": "OrderRequisition transformation - copy - 2",
        "factory_id": "118979ca-d550-4a05-9e04-b03a7eea36a7",
        "has_overwrites": null,
        "name": "OrderRequisition transformation - copy - 2",
        "namespace": "custom",
        "target": {
            "entity_ref": {
                "name": "OrderRequisition",
                "namespace": "custom"
            },
            "kind": "EVENT"
        },
        "user_factory_template_reference": null,
        "validation_status": "VALID"
    }
]