[
    {
        "change_date": 1736341741794.0,
        "changed_by": {
            "id": "2e501ed7-9bdf-4dd6-8328-d853f30e6a1b",
            "name": "c.demosthenous",
            "type_": "USER"
        },
        "created_by": {
            "id": "2e501ed7-9bdf-4dd6-8328-d853f30e6a1b",
            "name": "c.demosthenous",
            "type_": "USER"
        },
        "creation_date": 1736341741392.0,
        "data_connection_id": "00000000-0000-0000-0000-000000000000",
        "disabled": null,
        "display_name": "CancelledSourcingEvent transformation - copy - 4",
        "factory_id": "6b6442f1-ed7c-472e-8cf4-114b110cb2b0",
        "has_overwrites": null,
        "name": "CancelledSourcingEvent transformation - copy - 4",
        "namespace": "custom",
        "target": {
            "entity_ref": {
                "name": "CancelledSourcingEvent",
                "namespace": "custom"
            },
            "kind": "EVENT"
        },
        "user_factory_template_reference": null,
        "validation_status": "VALID"
    }
]