[
    {
        "change_date": 1736420977433.0,
        "changed_by": {
            "id": "2e501ed7-9bdf-4dd6-8328-d853f30e6a1b",
            "name": "c.demosthenous",
            "type_": "USER"
        },
        "created_by": {
            "id": "2e501ed7-9bdf-4dd6-8328-d853f30e6a1b",
            "name": "c.demosthenous",
            "type_": "USER"
        },
        "creation_date": 1736420977040.0,
        "data_connection_id": "00000000-0000-0000-0000-000000000000",
        "disabled": null,
        "display_name": "ApproveOrder transformation - copy - 7",
        "factory_id": "6dcc3c81-3a7d-4c27-82cd-46888530ba66",
        "has_overwrites": null,
        "name": "ApproveOrder transformation - copy - 7",
        "namespace": "custom",
        "target": {
            "entity_ref": {
                "name": "ApproveOrder",
                "namespace": "custom"
            },
            "kind": "EVENT"
        },
        "user_factory_template_reference": null,
        "validation_status": "VALID"
    }
]