[
    {
        "change_date": 1737112134429.0,
        "changed_by": {
            "id": "2e501ed7-9bdf-4dd6-8328-d853f30e6a1b",
            "name": "c.demosthenous",
            "type_": "USER"
        },
        "created_by": {
            "id": "2e501ed7-9bdf-4dd6-8328-d853f30e6a1b",
            "name": "c.demosthenous",
            "type_": "USER"
        },
        "creation_date": 1736420604853.0,
        "data_connection_id": "468823c6-32f7-4d9b-a9d3-ff1971688698",
        "disabled": null,
        "display_name": "SourcingRequest transformation - 1000 - RAW test data sets_31 - Ariba Sourcing - 2",
        "factory_id": "e55d6076-c8a5-4af2-b8b8-e0d0c07fbd76",
        "has_overwrites": null,
        "name": "SourcingRequest transformation - 1000 - RAW test data sets_31 - Ariba Sourcing - 2",
        "namespace": "custom",
        "target": {
            "entity_ref": {
                "name": "SourcingRequest",
                "namespace": "custom"
            },
            "kind": "OBJECT"
        },
        "user_factory_template_reference": null,
        "validation_status": "VALID"
    }
]