[
    {
        "change_date": 1736244766008.0,
        "changed_by": {
            "id": "2e501ed7-9bdf-4dd6-8328-d853f30e6a1b",
            "name": "c.demosthenous",
            "type_": "USER"
        },
        "created_by": {
            "id": "2e501ed7-9bdf-4dd6-8328-d853f30e6a1b",
            "name": "c.demosthenous",
            "type_": "USER"
        },
        "creation_date": 1736244765598.0,
        "data_connection_id": "00000000-0000-0000-0000-000000000000",
        "disabled": null,
        "display_name": "ArchivedSourcingEvent transformation - copy - 1",
        "factory_id": "16d1c0c1-af90-48fa-a563-11720c34842d",
        "has_overwrites": null,
        "name": "ArchivedSourcingEvent transformation - copy - 1",
        "namespace": "custom",
        "target": {
            "entity_ref": {
                "name": "ArchivedSourcingEvent",
                "namespace": "custom"
            },
            "kind": "EVENT"
        },
        "user_factory_template_reference": null,
        "validation_status": "VALID"
    }
]