[
    {
        "change_date": 1736420645220.0,
        "changed_by": {
            "id": "2e501ed7-9bdf-4dd6-8328-d853f30e6a1b",
            "name": "c.demosthenous",
            "type_": "USER"
        },
        "created_by": {
            "id": "2e501ed7-9bdf-4dd6-8328-d853f30e6a1b",
            "name": "c.demosthenous",
            "type_": "USER"
        },
        "creation_date": 1736420644372.0,
        "data_connection_id": "00000000-0000-0000-0000-000000000000",
        "disabled": null,
        "display_name": "SendOrder transformation - copy - 6",
        "factory_id": "5e590c85-9a78-49a5-9492-4a19c5a3d726",
        "has_overwrites": null,
        "name": "SendOrder transformation - copy - 6",
        "namespace": "custom",
        "target": {
            "entity_ref": {
                "name": "SendOrder",
                "namespace": "custom"
            },
            "kind": "EVENT"
        },
        "user_factory_template_reference": null,
        "validation_status": "VALID"
    }
]