[
    {
        "change_date": 1736341729071.0,
        "changed_by": {
            "id": "2e501ed7-9bdf-4dd6-8328-d853f30e6a1b",
            "name": "c.demosthenous",
            "type_": "USER"
        },
        "created_by": {
            "id": "2e501ed7-9bdf-4dd6-8328-d853f30e6a1b",
            "name": "c.demosthenous",
            "type_": "USER"
        },
        "creation_date": 1736341728675.0,
        "data_connection_id": "00000000-0000-0000-0000-000000000000",
        "disabled": null,
        "display_name": "BidIsSubmitted transformation - copy - 4",
        "factory_id": "84b2ff2c-32b8-424d-81c8-99ffc0082c74",
        "has_overwrites": null,
        "name": "BidIsSubmitted transformation - copy - 4",
        "namespace": "custom",
        "target": {
            "entity_ref": {
                "name": "BidIsSubmitted",
                "namespace": "custom"
            },
            "kind": "EVENT"
        },
        "user_factory_template_reference": null,
        "validation_status": "VALID"
    }
]