[
    {
        "change_date": 1737037475212.0,
        "changed_by": {
            "id": "2e501ed7-9bdf-4dd6-8328-d853f30e6a1b",
            "name": "c.demosthenous",
            "type_": "USER"
        },
        "created_by": {
            "id": "2e501ed7-9bdf-4dd6-8328-d853f30e6a1b",
            "name": "c.demosthenous",
            "type_": "USER"
        },
        "creation_date": 1736341535824.0,
        "data_connection_id": "ad7bbed7-c036-4eb3-8f14-4924d1759a4b",
        "disabled": null,
        "display_name": "Requisition transformation - 1000 - RAW test data sets_32 - Ariba Procurement - 2",
        "factory_id": "d714ffc5-8424-46a0-9c8d-53e1ecf7455b",
        "has_overwrites": null,
        "name": "Requisition transformation - 1000 - RAW test data sets_32 - Ariba Procurement - 2",
        "namespace": "custom",
        "target": {
            "entity_ref": {
                "name": "Requisition",
                "namespace": "custom"
            },
            "kind": "OBJECT"
        },
        "user_factory_template_reference": null,
        "validation_status": "VALID"
    }
]