[
    {
        "change_date": 1736343271087.0,
        "changed_by": {
            "id": "2e501ed7-9bdf-4dd6-8328-d853f30e6a1b",
            "name": "c.demosthenous",
            "type_": "USER"
        },
        "created_by": {
            "id": "2e501ed7-9bdf-4dd6-8328-d853f30e6a1b",
            "name": "c.demosthenous",
            "type_": "USER"
        },
        "creation_date": 1736343270731.0,
        "data_connection_id": "00000000-0000-0000-0000-000000000000",
        "disabled": null,
        "display_name": "BiddingEnds transformation - copy - 5",
        "factory_id": "78a827ec-b921-47c0-9d87-0c0bdb478328",
        "has_overwrites": null,
        "name": "BiddingEnds transformation - copy - 5",
        "namespace": "custom",
        "target": {
            "entity_ref": {
                "name": "BiddingEnds",
                "namespace": "custom"
            },
            "kind": "EVENT"
        },
        "user_factory_template_reference": null,
        "validation_status": "VALID"
    }
]