[
    {
        "change_date": 1736420976292.0,
        "changed_by": {
            "id": "2e501ed7-9bdf-4dd6-8328-d853f30e6a1b",
            "name": "c.demosthenous",
            "type_": "USER"
        },
        "created_by": {
            "id": "2e501ed7-9bdf-4dd6-8328-d853f30e6a1b",
            "name": "c.demosthenous",
            "type_": "USER"
        },
        "creation_date": 1736420975940.0,
        "data_connection_id": "00000000-0000-0000-0000-000000000000",
        "disabled": null,
        "display_name": "CreateRFXBid transformation - copy - 7",
        "factory_id": "03aac2e3-1d79-48bd-bd0c-42d2f7eb67f7",
        "has_overwrites": null,
        "name": "CreateRFXBid transformation - copy - 7",
        "namespace": "custom",
        "target": {
            "entity_ref": {
                "name": "CreateRFXBid",
                "namespace": "custom"
            },
            "kind": "EVENT"
        },
        "user_factory_template_reference": null,
        "validation_status": "VALID"
    }
]