[
    {
        "change_date": 1736420966829.0,
        "changed_by": {
            "id": "2e501ed7-9bdf-4dd6-8328-d853f30e6a1b",
            "name": "c.demosthenous",
            "type_": "USER"
        },
        "created_by": {
            "id": "2e501ed7-9bdf-4dd6-8328-d853f30e6a1b",
            "name": "c.demosthenous",
            "type_": "USER"
        },
        "creation_date": 1736420965962.0,
        "data_connection_id": "468823c6-32f7-4d9b-a9d3-ff1971688698",
        "disabled": null,
        "display_name": "User transformation - 1000 - RAW test data sets_31 - Ariba Sourcing - 5",
        "factory_id": "b849bbb7-6926-4bf8-bd5f-cee78a28451d",
        "has_overwrites": null,
        "name": "User transformation - 1000 - RAW test data sets_31 - Ariba Sourcing - 5",
        "namespace": "custom",
        "target": {
            "entity_ref": {
                "name": "User",
                "namespace": "celonis"
            },
            "kind": "OBJECT"
        },
        "user_factory_template_reference": null,
        "validation_status": "VALID"
    },
    {
        "change_date": 1770400786540.0,
        "changed_by": {
            "id": "cccccccc-cccc-cccc-cccc-cccccccccccc",
            "name": "Celonis",
            "type_": "APPLICATION"
        },
        "created_by": {
            "id": "cccccccc-cccc-cccc-cccc-cccccccccccc",
            "name": "Celonis",
            "type_": "APPLICATION"
        },
        "creation_date": 1770400786540.0,
        "data_connection_id": "b3c59e17-798d-49ea-b0b3-99d0bae2e011",
        "disabled": null,
        "display_name": "Celonis - User - 1000 - RAW test data sets_13 - TS1 - Full",
        "factory_id": "1943f39f-9433-41c2-84e0-9a7abb31b17a_b3c59e17-798d-49ea-b0b3-99d0bae2e011",
        "has_overwrites": null,
        "name": "User",
        "namespace": "celonis",
        "target": {
            "entity_ref": {
                "name": "User",
                "namespace": "celonis"
            },
            "kind": "OBJECT"
        },
        "user_factory_template_reference": null,
        "validation_status": "NOT_VALIDATED"
    }
]