[
    {
        "change_date": 1736341726606.0,
        "changed_by": {
            "id": "2e501ed7-9bdf-4dd6-8328-d853f30e6a1b",
            "name": "c.demosthenous",
            "type_": "USER"
        },
        "created_by": {
            "id": "2e501ed7-9bdf-4dd6-8328-d853f30e6a1b",
            "name": "c.demosthenous",
            "type_": "USER"
        },
        "creation_date": 1736341726196.0,
        "data_connection_id": "00000000-0000-0000-0000-000000000000",
        "disabled": null,
        "display_name": "RFXBidRejected transformation - copy - 4",
        "factory_id": "1f50d136-cceb-4196-bb53-479dc9643312",
        "has_overwrites": null,
        "name": "RFXBidRejected transformation - copy - 4",
        "namespace": "custom",
        "target": {
            "entity_ref": {
                "name": "RFXBidRejected",
                "namespace": "custom"
            },
            "kind": "EVENT"
        },
        "user_factory_template_reference": null,
        "validation_status": "VALID"
    }
]