[
    {
        "change_date": 1736420974846.0,
        "changed_by": {
            "id": "2e501ed7-9bdf-4dd6-8328-d853f30e6a1b",
            "name": "c.demosthenous",
            "type_": "USER"
        },
        "created_by": {
            "id": "2e501ed7-9bdf-4dd6-8328-d853f30e6a1b",
            "name": "c.demosthenous",
            "type_": "USER"
        },
        "creation_date": 1736420974477.0,
        "data_connection_id": "00000000-0000-0000-0000-000000000000",
        "disabled": null,
        "display_name": "CreateSourcingProject transformation - copy - 7",
        "factory_id": "093cbcc1-9995-411e-86fb-4f1947ed6854",
        "has_overwrites": null,
        "name": "CreateSourcingProject transformation - copy - 7",
        "namespace": "custom",
        "target": {
            "entity_ref": {
                "name": "CreateSourcingProject",
                "namespace": "custom"
            },
            "kind": "EVENT"
        },
        "user_factory_template_reference": null,
        "validation_status": "VALID"
    }
]