[
    {
        "change_date": 1736420985773.0,
        "changed_by": {
            "id": "2e501ed7-9bdf-4dd6-8328-d853f30e6a1b",
            "name": "c.demosthenous",
            "type_": "USER"
        },
        "created_by": {
            "id": "2e501ed7-9bdf-4dd6-8328-d853f30e6a1b",
            "name": "c.demosthenous",
            "type_": "USER"
        },
        "creation_date": 1736420985397.0,
        "data_connection_id": "00000000-0000-0000-0000-000000000000",
        "disabled": null,
        "display_name": "EndSourcingProject transformation - copy - 7",
        "factory_id": "da2d8114-d8e9-4b6b-b46e-6e9c387aceb0",
        "has_overwrites": null,
        "name": "EndSourcingProject transformation - copy - 7",
        "namespace": "custom",
        "target": {
            "entity_ref": {
                "name": "EndSourcingProject",
                "namespace": "custom"
            },
            "kind": "EVENT"
        },
        "user_factory_template_reference": null,
        "validation_status": "VALID"
    }
]