[
    {
        "change_date": 1736420632681.0,
        "changed_by": {
            "id": "2e501ed7-9bdf-4dd6-8328-d853f30e6a1b",
            "name": "c.demosthenous",
            "type_": "USER"
        },
        "created_by": {
            "id": "2e501ed7-9bdf-4dd6-8328-d853f30e6a1b",
            "name": "c.demosthenous",
            "type_": "USER"
        },
        "creation_date": 1736420632274.0,
        "data_connection_id": "00000000-0000-0000-0000-000000000000",
        "disabled": null,
        "display_name": "EndTaskSourcingRequest transformation - copy - 6",
        "factory_id": "114274bd-0ca2-4195-8153-f542ca50605a",
        "has_overwrites": null,
        "name": "EndTaskSourcingRequest transformation - copy - 6",
        "namespace": "custom",
        "target": {
            "entity_ref": {
                "name": "EndTaskSourcingRequest",
                "namespace": "custom"
            },
            "kind": "EVENT"
        },
        "user_factory_template_reference": null,
        "validation_status": "VALID"
    }
]