[
    {
        "change_date": 1736244782921.0,
        "changed_by": {
            "id": "2e501ed7-9bdf-4dd6-8328-d853f30e6a1b",
            "name": "c.demosthenous",
            "type_": "USER"
        },
        "created_by": {
            "id": "2e501ed7-9bdf-4dd6-8328-d853f30e6a1b",
            "name": "c.demosthenous",
            "type_": "USER"
        },
        "creation_date": 1736244782512.0,
        "data_connection_id": "00000000-0000-0000-0000-000000000000",
        "disabled": null,
        "display_name": "UpdateOperationalContract transformation - copy - 1",
        "factory_id": "ec4ac71b-f1b2-45b3-b0e5-d2ee41d15178",
        "has_overwrites": null,
        "name": "UpdateOperationalContract transformation - copy - 1",
        "namespace": "custom",
        "target": {
            "entity_ref": {
                "name": "UpdateOperationalContract",
                "namespace": "custom"
            },
            "kind": "EVENT"
        },
        "user_factory_template_reference": null,
        "validation_status": "VALID"
    }
]