[
    {
        "change_date": 1737112034891.0,
        "changed_by": {
            "id": "2e501ed7-9bdf-4dd6-8328-d853f30e6a1b",
            "name": "c.demosthenous",
            "type_": "USER"
        },
        "created_by": {
            "id": "2e501ed7-9bdf-4dd6-8328-d853f30e6a1b",
            "name": "c.demosthenous",
            "type_": "USER"
        },
        "creation_date": 1736343996235.0,
        "data_connection_id": "ad7bbed7-c036-4eb3-8f14-4924d1759a4b",
        "disabled": null,
        "display_name": "RequisitionItem - 1",
        "factory_id": "7a33a0b2-1ae0-4981-a711-9da2ca659b9f",
        "has_overwrites": null,
        "name": "RequisitionItem - 1",
        "namespace": "custom",
        "target": {
            "entity_ref": {
                "name": "RequisitionItem",
                "namespace": "custom"
            },
            "kind": "OBJECT"
        },
        "user_factory_template_reference": null,
        "validation_status": "VALID"
    }
]