[
    {
        "change_date": 1736247050988.0,
        "changed_by": {
            "id": "2e501ed7-9bdf-4dd6-8328-d853f30e6a1b",
            "name": "c.demosthenous",
            "type_": "USER"
        },
        "created_by": {
            "id": "2e501ed7-9bdf-4dd6-8328-d853f30e6a1b",
            "name": "c.demosthenous",
            "type_": "USER"
        },
        "creation_date": 1736247050504.0,
        "data_connection_id": "00000000-0000-0000-0000-000000000000",
        "disabled": null,
        "display_name": "ApproveOperationalContract transformation - copy - 2",
        "factory_id": "0395c47f-1b81-4fe9-979e-ca4ec8ef4f57",
        "has_overwrites": null,
        "name": "ApproveOperationalContract transformation - copy - 2",
        "namespace": "custom",
        "target": {
            "entity_ref": {
                "name": "ApproveOperationalContract",
                "namespace": "custom"
            },
            "kind": "EVENT"
        },
        "user_factory_template_reference": null,
        "validation_status": "VALID"
    }
]