[
    {
        "change_date": 1736341753800.0,
        "changed_by": {
            "id": "2e501ed7-9bdf-4dd6-8328-d853f30e6a1b",
            "name": "c.demosthenous",
            "type_": "USER"
        },
        "created_by": {
            "id": "2e501ed7-9bdf-4dd6-8328-d853f30e6a1b",
            "name": "c.demosthenous",
            "type_": "USER"
        },
        "creation_date": 1736341753311.0,
        "data_connection_id": "00000000-0000-0000-0000-000000000000",
        "disabled": null,
        "display_name": "CreateOrder transformation - copy - 4",
        "factory_id": "79318783-34aa-41bc-9fd5-4b0f96aafd35",
        "has_overwrites": null,
        "name": "CreateOrder transformation - copy - 4",
        "namespace": "custom",
        "target": {
            "entity_ref": {
                "name": "CreateOrder",
                "namespace": "custom"
            },
            "kind": "EVENT"
        },
        "user_factory_template_reference": null,
        "validation_status": "VALID"
    }
]