[
    {
        "change_date": 1736244768141.0,
        "changed_by": {
            "id": "2e501ed7-9bdf-4dd6-8328-d853f30e6a1b",
            "name": "c.demosthenous",
            "type_": "USER"
        },
        "created_by": {
            "id": "2e501ed7-9bdf-4dd6-8328-d853f30e6a1b",
            "name": "c.demosthenous",
            "type_": "USER"
        },
        "creation_date": 1736244767664.0,
        "data_connection_id": "00000000-0000-0000-0000-000000000000",
        "disabled": null,
        "display_name": "CloseSourcingEvent transformation - copy - 1",
        "factory_id": "89a47653-207c-4e86-b6f2-8391615356fa",
        "has_overwrites": null,
        "name": "CloseSourcingEvent transformation - copy - 1",
        "namespace": "custom",
        "target": {
            "entity_ref": {
                "name": "CloseSourcingEvent",
                "namespace": "custom"
            },
            "kind": "EVENT"
        },
        "user_factory_template_reference": null,
        "validation_status": "VALID"
    }
]