[
    {
        "change_date": 1736341742369.0,
        "changed_by": {
            "id": "2e501ed7-9bdf-4dd6-8328-d853f30e6a1b",
            "name": "c.demosthenous",
            "type_": "USER"
        },
        "created_by": {
            "id": "2e501ed7-9bdf-4dd6-8328-d853f30e6a1b",
            "name": "c.demosthenous",
            "type_": "USER"
        },
        "creation_date": 1736341741989.0,
        "data_connection_id": "00000000-0000-0000-0000-000000000000",
        "disabled": null,
        "display_name": "CreateFullSourcingProject transformation - copy - 4",
        "factory_id": "4a3383c7-4acc-4575-aa37-542b879059c9",
        "has_overwrites": null,
        "name": "CreateFullSourcingProject transformation - copy - 4",
        "namespace": "custom",
        "target": {
            "entity_ref": {
                "name": "CreateFullSourcingProject",
                "namespace": "custom"
            },
            "kind": "EVENT"
        },
        "user_factory_template_reference": null,
        "validation_status": "VALID"
    }
]