[
    {
        "change_date": 1736341564298.0,
        "changed_by": {
            "id": "2e501ed7-9bdf-4dd6-8328-d853f30e6a1b",
            "name": "c.demosthenous",
            "type_": "USER"
        },
        "created_by": {
            "id": "2e501ed7-9bdf-4dd6-8328-d853f30e6a1b",
            "name": "c.demosthenous",
            "type_": "USER"
        },
        "creation_date": 1736341563772.0,
        "data_connection_id": "00000000-0000-0000-0000-000000000000",
        "disabled": null,
        "display_name": "MessageCreatedByAUser transformation - copy - 3",
        "factory_id": "50ca955b-fbf0-48b0-b4ab-d4f9b943c46c",
        "has_overwrites": null,
        "name": "MessageCreatedByAUser transformation - copy - 3",
        "namespace": "custom",
        "target": {
            "entity_ref": {
                "name": "MessageCreatedByAUser",
                "namespace": "custom"
            },
            "kind": "EVENT"
        },
        "user_factory_template_reference": null,
        "validation_status": "VALID"
    }
]