[
    {
        "change_date": 1736247040950.0,
        "changed_by": {
            "id": "2e501ed7-9bdf-4dd6-8328-d853f30e6a1b",
            "name": "c.demosthenous",
            "type_": "USER"
        },
        "created_by": {
            "id": "2e501ed7-9bdf-4dd6-8328-d853f30e6a1b",
            "name": "c.demosthenous",
            "type_": "USER"
        },
        "creation_date": 1736247040106.0,
        "data_connection_id": "00000000-0000-0000-0000-000000000000",
        "disabled": null,
        "display_name": "UpdatePrerequisiteStatus transformation - copy - 2",
        "factory_id": "8191a3c1-ceec-44de-bb4c-d7afc037fafc",
        "has_overwrites": null,
        "name": "UpdatePrerequisiteStatus transformation - copy - 2",
        "namespace": "custom",
        "target": {
            "entity_ref": {
                "name": "UpdatePrerequisiteStatus",
                "namespace": "custom"
            },
            "kind": "EVENT"
        },
        "user_factory_template_reference": null,
        "validation_status": "VALID"
    }
]