[
    {
        "change_date": 1736420962350.0,
        "changed_by": {
            "id": "2e501ed7-9bdf-4dd6-8328-d853f30e6a1b",
            "name": "c.demosthenous",
            "type_": "USER"
        },
        "created_by": {
            "id": "2e501ed7-9bdf-4dd6-8328-d853f30e6a1b",
            "name": "c.demosthenous",
            "type_": "USER"
        },
        "creation_date": 1736420959895.0,
        "data_connection_id": "468823c6-32f7-4d9b-a9d3-ff1971688698",
        "disabled": null,
        "display_name": "SourcingScenario transformation - 1000 - RAW test data sets_31 - Ariba Sourcing - 3",
        "factory_id": "9704d77b-5196-4b53-bb30-db72302b18aa",
        "has_overwrites": null,
        "name": "SourcingScenario transformation - 1000 - RAW test data sets_31 - Ariba Sourcing - 3",
        "namespace": "custom",
        "target": {
            "entity_ref": {
                "name": "SourcingScenario",
                "namespace": "custom"
            },
            "kind": "OBJECT"
        },
        "user_factory_template_reference": null,
        "validation_status": "VALID"
    }
]