[
    {
        "change_date": 1736244780384.0,
        "changed_by": {
            "id": "2e501ed7-9bdf-4dd6-8328-d853f30e6a1b",
            "name": "c.demosthenous",
            "type_": "USER"
        },
        "created_by": {
            "id": "2e501ed7-9bdf-4dd6-8328-d853f30e6a1b",
            "name": "c.demosthenous",
            "type_": "USER"
        },
        "creation_date": 1736244779965.0,
        "data_connection_id": "00000000-0000-0000-0000-000000000000",
        "disabled": null,
        "display_name": "ResubmitRequisition transformation - copy - 1",
        "factory_id": "c2dd52fe-05c6-426a-b1f5-6f7738258da9",
        "has_overwrites": null,
        "name": "ResubmitRequisition transformation - copy - 1",
        "namespace": "custom",
        "target": {
            "entity_ref": {
                "name": "ResubmitRequisition",
                "namespace": "custom"
            },
            "kind": "EVENT"
        },
        "user_factory_template_reference": null,
        "validation_status": "VALID"
    }
]