[
    {
        "change_date": 1736341711038.0,
        "changed_by": {
            "id": "2e501ed7-9bdf-4dd6-8328-d853f30e6a1b",
            "name": "c.demosthenous",
            "type_": "USER"
        },
        "created_by": {
            "id": "2e501ed7-9bdf-4dd6-8328-d853f30e6a1b",
            "name": "c.demosthenous",
            "type_": "USER"
        },
        "creation_date": 1736341710177.0,
        "data_connection_id": "468823c6-32f7-4d9b-a9d3-ff1971688698",
        "disabled": null,
        "display_name": "RelationshipParentDocumentAriba transformation - 1000 - RAW test data sets_31 - Ariba Sourcing - 2",
        "factory_id": "834e2514-a5e0-4a51-8615-9cb4992cdf70",
        "has_overwrites": null,
        "name": "RelationshipParentDocumentAriba transformation - 1000 - RAW test data sets_31 - Ariba Sourcing - 2",
        "namespace": "custom",
        "target": {
            "entity_ref": {
                "name": "RelationshipParentDocumentAriba",
                "namespace": "custom"
            },
            "kind": "OBJECT"
        },
        "user_factory_template_reference": null,
        "validation_status": "VALID"
    }
]