[
    {
        "change_date": 1736420995073.0,
        "changed_by": {
            "id": "2e501ed7-9bdf-4dd6-8328-d853f30e6a1b",
            "name": "c.demosthenous",
            "type_": "USER"
        },
        "created_by": {
            "id": "2e501ed7-9bdf-4dd6-8328-d853f30e6a1b",
            "name": "c.demosthenous",
            "type_": "USER"
        },
        "creation_date": 1736420994688.0,
        "data_connection_id": "00000000-0000-0000-0000-000000000000",
        "disabled": null,
        "display_name": "AddResponseTeamMember transformation - copy - 7",
        "factory_id": "e6e6905e-ceb5-432a-a69d-3af41f1cc381",
        "has_overwrites": null,
        "name": "AddResponseTeamMember transformation - copy - 7",
        "namespace": "custom",
        "target": {
            "entity_ref": {
                "name": "AddResponseTeamMember",
                "namespace": "custom"
            },
            "kind": "EVENT"
        },
        "user_factory_template_reference": null,
        "validation_status": "VALID"
    }
]