[
    {
        "change_date": 1736247051946.0,
        "changed_by": {
            "id": "2e501ed7-9bdf-4dd6-8328-d853f30e6a1b",
            "name": "c.demosthenous",
            "type_": "USER"
        },
        "created_by": {
            "id": "2e501ed7-9bdf-4dd6-8328-d853f30e6a1b",
            "name": "c.demosthenous",
            "type_": "USER"
        },
        "creation_date": 1736247051559.0,
        "data_connection_id": "00000000-0000-0000-0000-000000000000",
        "disabled": null,
        "display_name": "DeclineBidderAgreement transformation - copy - 2",
        "factory_id": "7f947762-2f84-4c29-9559-ced7d09cc869",
        "has_overwrites": null,
        "name": "DeclineBidderAgreement transformation - copy - 2",
        "namespace": "custom",
        "target": {
            "entity_ref": {
                "name": "DeclineBidderAgreement",
                "namespace": "custom"
            },
            "kind": "EVENT"
        },
        "user_factory_template_reference": null,
        "validation_status": "VALID"
    }
]