[
    {
        "change_date": 1736341730011.0,
        "changed_by": {
            "id": "2e501ed7-9bdf-4dd6-8328-d853f30e6a1b",
            "name": "c.demosthenous",
            "type_": "USER"
        },
        "created_by": {
            "id": "2e501ed7-9bdf-4dd6-8328-d853f30e6a1b",
            "name": "c.demosthenous",
            "type_": "USER"
        },
        "creation_date": 1736341729618.0,
        "data_connection_id": "00000000-0000-0000-0000-000000000000",
        "disabled": null,
        "display_name": "BeginTaskContractWorkspace transformation - copy - 4",
        "factory_id": "5b99cd56-2541-42d7-8bb0-ffc49f0916be",
        "has_overwrites": null,
        "name": "BeginTaskContractWorkspace transformation - copy - 4",
        "namespace": "custom",
        "target": {
            "entity_ref": {
                "name": "BeginTaskContractWorkspace",
                "namespace": "custom"
            },
            "kind": "EVENT"
        },
        "user_factory_template_reference": null,
        "validation_status": "VALID"
    }
]