[
    {
        "change_date": 1736420645758.0,
        "changed_by": {
            "id": "2e501ed7-9bdf-4dd6-8328-d853f30e6a1b",
            "name": "c.demosthenous",
            "type_": "USER"
        },
        "created_by": {
            "id": "2e501ed7-9bdf-4dd6-8328-d853f30e6a1b",
            "name": "c.demosthenous",
            "type_": "USER"
        },
        "creation_date": 1736420645318.0,
        "data_connection_id": "00000000-0000-0000-0000-000000000000",
        "disabled": null,
        "display_name": "BeginTaskSourcingRequest transformation - copy - 6",
        "factory_id": "8c18dd67-58d8-4120-9de8-d01889d1891f",
        "has_overwrites": null,
        "name": "BeginTaskSourcingRequest transformation - copy - 6",
        "namespace": "custom",
        "target": {
            "entity_ref": {
                "name": "BeginTaskSourcingRequest",
                "namespace": "custom"
            },
            "kind": "EVENT"
        },
        "user_factory_template_reference": null,
        "validation_status": "VALID"
    }
]