[
    {
        "change_date": 1736343253060.0,
        "changed_by": {
            "id": "2e501ed7-9bdf-4dd6-8328-d853f30e6a1b",
            "name": "c.demosthenous",
            "type_": "USER"
        },
        "created_by": {
            "id": "2e501ed7-9bdf-4dd6-8328-d853f30e6a1b",
            "name": "c.demosthenous",
            "type_": "USER"
        },
        "creation_date": 1736343252689.0,
        "data_connection_id": "00000000-0000-0000-0000-000000000000",
        "disabled": null,
        "display_name": "ContractItem transformation - OCPM Schema - 5",
        "factory_id": "75674523-2c07-4ed9-9438-b69dea210c6c",
        "has_overwrites": null,
        "name": "ContractItem transformation - OCPM Schema - 5",
        "namespace": "custom",
        "target": {
            "entity_ref": {
                "name": "ContractItem",
                "namespace": "celonis"
            },
            "kind": "OBJECT"
        },
        "user_factory_template_reference": null,
        "validation_status": "VALID"
    }
]