[
    {
        "change_date": 1736244775354.0,
        "changed_by": {
            "id": "2e501ed7-9bdf-4dd6-8328-d853f30e6a1b",
            "name": "c.demosthenous",
            "type_": "USER"
        },
        "created_by": {
            "id": "2e501ed7-9bdf-4dd6-8328-d853f30e6a1b",
            "name": "c.demosthenous",
            "type_": "USER"
        },
        "creation_date": 1736244774848.0,
        "data_connection_id": "00000000-0000-0000-0000-000000000000",
        "disabled": null,
        "display_name": "BidIsAccepted transformation - copy - 1",
        "factory_id": "30295e22-4a45-44ba-a228-aaf9cdbe4d0e",
        "has_overwrites": null,
        "name": "BidIsAccepted transformation - copy - 1",
        "namespace": "custom",
        "target": {
            "entity_ref": {
                "name": "BidIsAccepted",
                "namespace": "custom"
            },
            "kind": "EVENT"
        },
        "user_factory_template_reference": null,
        "validation_status": "VALID"
    }
]