[
    {
        "change_date": 1736341709174.0,
        "changed_by": {
            "id": "2e501ed7-9bdf-4dd6-8328-d853f30e6a1b",
            "name": "c.demosthenous",
            "type_": "USER"
        },
        "created_by": {
            "id": "2e501ed7-9bdf-4dd6-8328-d853f30e6a1b",
            "name": "c.demosthenous",
            "type_": "USER"
        },
        "creation_date": 1736341708335.0,
        "data_connection_id": "468823c6-32f7-4d9b-a9d3-ff1971688698",
        "disabled": null,
        "display_name": "SourcingProjectHistory transformation - 1000 - RAW test data sets_31 - Ariba Sourcing - 2",
        "factory_id": "488e4257-726b-414b-8bcb-dcec76d7fe60",
        "has_overwrites": null,
        "name": "SourcingProjectHistory transformation - 1000 - RAW test data sets_31 - Ariba Sourcing - 2",
        "namespace": "custom",
        "target": {
            "entity_ref": {
                "name": "SourcingProjectHistory",
                "namespace": "custom"
            },
            "kind": "OBJECT"
        },
        "user_factory_template_reference": null,
        "validation_status": "VALID"
    }
]