[
    {
        "change_date": 1736244764393.0,
        "changed_by": {
            "id": "2e501ed7-9bdf-4dd6-8328-d853f30e6a1b",
            "name": "c.demosthenous",
            "type_": "USER"
        },
        "created_by": {
            "id": "2e501ed7-9bdf-4dd6-8328-d853f30e6a1b",
            "name": "c.demosthenous",
            "type_": "USER"
        },
        "creation_date": 1736244763958.0,
        "data_connection_id": "00000000-0000-0000-0000-000000000000",
        "disabled": null,
        "display_name": "SubmitOrder transformation - copy - 1",
        "factory_id": "9d4fcc03-956b-4955-b0d4-13375b16fcc8",
        "has_overwrites": null,
        "name": "SubmitOrder transformation - copy - 1",
        "namespace": "custom",
        "target": {
            "entity_ref": {
                "name": "SubmitOrder",
                "namespace": "custom"
            },
            "kind": "EVENT"
        },
        "user_factory_template_reference": null,
        "validation_status": "VALID"
    }
]