[
    {
        "change_date": 1736343289575.0,
        "changed_by": {
            "id": "2e501ed7-9bdf-4dd6-8328-d853f30e6a1b",
            "name": "c.demosthenous",
            "type_": "USER"
        },
        "created_by": {
            "id": "2e501ed7-9bdf-4dd6-8328-d853f30e6a1b",
            "name": "c.demosthenous",
            "type_": "USER"
        },
        "creation_date": 1736343289215.0,
        "data_connection_id": "00000000-0000-0000-0000-000000000000",
        "disabled": null,
        "display_name": "LockParticipant transformation - copy - 5",
        "factory_id": "b6ba000a-7ec0-42f1-885f-3febc6a9c87a",
        "has_overwrites": null,
        "name": "LockParticipant transformation - copy - 5",
        "namespace": "custom",
        "target": {
            "entity_ref": {
                "name": "LockParticipant",
                "namespace": "custom"
            },
            "kind": "EVENT"
        },
        "user_factory_template_reference": null,
        "validation_status": "VALID"
    }
]