[
    {
        "change_date": 1736420628099.0,
        "changed_by": {
            "id": "2e501ed7-9bdf-4dd6-8328-d853f30e6a1b",
            "name": "c.demosthenous",
            "type_": "USER"
        },
        "created_by": {
            "id": "2e501ed7-9bdf-4dd6-8328-d853f30e6a1b",
            "name": "c.demosthenous",
            "type_": "USER"
        },
        "creation_date": 1736420627610.0,
        "data_connection_id": "00000000-0000-0000-0000-000000000000",
        "disabled": null,
        "display_name": "CreateOrderVersion transformation - copy - 6",
        "factory_id": "d38a3ce0-933f-4ce6-a1dc-420553777afe",
        "has_overwrites": null,
        "name": "CreateOrderVersion transformation - copy - 6",
        "namespace": "custom",
        "target": {
            "entity_ref": {
                "name": "CreateOrderVersion",
                "namespace": "custom"
            },
            "kind": "EVENT"
        },
        "user_factory_template_reference": null,
        "validation_status": "VALID"
    }
]