[
    {
        "change_date": 1736341559332.0,
        "changed_by": {
            "id": "2e501ed7-9bdf-4dd6-8328-d853f30e6a1b",
            "name": "c.demosthenous",
            "type_": "USER"
        },
        "created_by": {
            "id": "2e501ed7-9bdf-4dd6-8328-d853f30e6a1b",
            "name": "c.demosthenous",
            "type_": "USER"
        },
        "creation_date": 1736341558511.0,
        "data_connection_id": "00000000-0000-0000-0000-000000000000",
        "disabled": null,
        "display_name": "BidIsRejected transformation - copy - 3",
        "factory_id": "e7c2a56b-049d-483c-bc5c-a624cabf5068",
        "has_overwrites": null,
        "name": "BidIsRejected transformation - copy - 3",
        "namespace": "custom",
        "target": {
            "entity_ref": {
                "name": "BidIsRejected",
                "namespace": "custom"
            },
            "kind": "EVENT"
        },
        "user_factory_template_reference": null,
        "validation_status": "VALID"
    }
]