[
    {
        "change_date": 1736343274337.0,
        "changed_by": {
            "id": "2e501ed7-9bdf-4dd6-8328-d853f30e6a1b",
            "name": "c.demosthenous",
            "type_": "USER"
        },
        "created_by": {
            "id": "2e501ed7-9bdf-4dd6-8328-d853f30e6a1b",
            "name": "c.demosthenous",
            "type_": "USER"
        },
        "creation_date": 1736343273983.0,
        "data_connection_id": "00000000-0000-0000-0000-000000000000",
        "disabled": null,
        "display_name": "UpdateSourcingProject transformation - copy - 5",
        "factory_id": "e901a8b4-562e-469e-be6b-8550c0f5e76d",
        "has_overwrites": null,
        "name": "UpdateSourcingProject transformation - copy - 5",
        "namespace": "custom",
        "target": {
            "entity_ref": {
                "name": "UpdateSourcingProject",
                "namespace": "custom"
            },
            "kind": "EVENT"
        },
        "user_factory_template_reference": null,
        "validation_status": "VALID"
    }
]