[
    {
        "change_date": 1736244795216.0,
        "changed_by": {
            "id": "2e501ed7-9bdf-4dd6-8328-d853f30e6a1b",
            "name": "c.demosthenous",
            "type_": "USER"
        },
        "created_by": {
            "id": "2e501ed7-9bdf-4dd6-8328-d853f30e6a1b",
            "name": "c.demosthenous",
            "type_": "USER"
        },
        "creation_date": 1736244794832.0,
        "data_connection_id": "00000000-0000-0000-0000-000000000000",
        "disabled": null,
        "display_name": "BidIsDeleted transformation - copy - 1",
        "factory_id": "0553853f-e6d1-40f4-ba41-a2f772072e94",
        "has_overwrites": null,
        "name": "BidIsDeleted transformation - copy - 1",
        "namespace": "custom",
        "target": {
            "entity_ref": {
                "name": "BidIsDeleted",
                "namespace": "custom"
            },
            "kind": "EVENT"
        },
        "user_factory_template_reference": null,
        "validation_status": "VALID"
    }
]