[
    {
        "change_date": 1737111507755.0,
        "changed_by": {
            "id": "2e501ed7-9bdf-4dd6-8328-d853f30e6a1b",
            "name": "c.demosthenous",
            "type_": "USER"
        },
        "created_by": {
            "id": "2e501ed7-9bdf-4dd6-8328-d853f30e6a1b",
            "name": "c.demosthenous",
            "type_": "USER"
        },
        "creation_date": 1736341532544.0,
        "data_connection_id": "ad7bbed7-c036-4eb3-8f14-4924d1759a4b",
        "disabled": null,
        "display_name": "RequisitionHistory transformation - 1000 - RAW test data sets_32 - Ariba Procurement - 2",
        "factory_id": "f6cade21-dfe1-429c-8c6a-7814ec01b7e5",
        "has_overwrites": null,
        "name": "RequisitionHistory transformation - 1000 - RAW test data sets_32 - Ariba Procurement - 2",
        "namespace": "custom",
        "target": {
            "entity_ref": {
                "name": "RequisitionHistory",
                "namespace": "custom"
            },
            "kind": "OBJECT"
        },
        "user_factory_template_reference": null,
        "validation_status": "VALID"
    }
]