[
    {
        "change_date": 1736341740820.0,
        "changed_by": {
            "id": "2e501ed7-9bdf-4dd6-8328-d853f30e6a1b",
            "name": "c.demosthenous",
            "type_": "USER"
        },
        "created_by": {
            "id": "2e501ed7-9bdf-4dd6-8328-d853f30e6a1b",
            "name": "c.demosthenous",
            "type_": "USER"
        },
        "creation_date": 1736341740345.0,
        "data_connection_id": "00000000-0000-0000-0000-000000000000",
        "disabled": null,
        "display_name": "MessageRepliedToByAUser transformation - copy - 4",
        "factory_id": "7bc21066-e341-491a-91f7-5d574bbd7169",
        "has_overwrites": null,
        "name": "MessageRepliedToByAUser transformation - copy - 4",
        "namespace": "custom",
        "target": {
            "entity_ref": {
                "name": "MessageRepliedToByAUser",
                "namespace": "custom"
            },
            "kind": "EVENT"
        },
        "user_factory_template_reference": null,
        "validation_status": "VALID"
    }
]