[
    {
        "change_date": 1736420980157.0,
        "changed_by": {
            "id": "2e501ed7-9bdf-4dd6-8328-d853f30e6a1b",
            "name": "c.demosthenous",
            "type_": "USER"
        },
        "created_by": {
            "id": "2e501ed7-9bdf-4dd6-8328-d853f30e6a1b",
            "name": "c.demosthenous",
            "type_": "USER"
        },
        "creation_date": 1736420979778.0,
        "data_connection_id": "00000000-0000-0000-0000-000000000000",
        "disabled": null,
        "display_name": "CreateContractWorkspace transformation - copy - 7",
        "factory_id": "392b27f4-4c99-4690-a39b-5b34ba15def5",
        "has_overwrites": null,
        "name": "CreateContractWorkspace transformation - copy - 7",
        "namespace": "custom",
        "target": {
            "entity_ref": {
                "name": "CreateContractWorkspace",
                "namespace": "custom"
            },
            "kind": "EVENT"
        },
        "user_factory_template_reference": null,
        "validation_status": "VALID"
    }
]