[
    {
        "change_date": 1736420618036.0,
        "changed_by": {
            "id": "2e501ed7-9bdf-4dd6-8328-d853f30e6a1b",
            "name": "c.demosthenous",
            "type_": "USER"
        },
        "created_by": {
            "id": "2e501ed7-9bdf-4dd6-8328-d853f30e6a1b",
            "name": "c.demosthenous",
            "type_": "USER"
        },
        "creation_date": 1736420617466.0,
        "data_connection_id": "00000000-0000-0000-0000-000000000000",
        "disabled": null,
        "display_name": "EventEditedAndRepublished transformation - copy - 6",
        "factory_id": "be76c3c0-83dc-402a-b519-add941689a2e",
        "has_overwrites": null,
        "name": "EventEditedAndRepublished transformation - copy - 6",
        "namespace": "custom",
        "target": {
            "entity_ref": {
                "name": "EventEditedAndRepublished",
                "namespace": "custom"
            },
            "kind": "EVENT"
        },
        "user_factory_template_reference": null,
        "validation_status": "VALID"
    }
]