[
    {
        "change_date": 1736247038801.0,
        "changed_by": {
            "id": "2e501ed7-9bdf-4dd6-8328-d853f30e6a1b",
            "name": "c.demosthenous",
            "type_": "USER"
        },
        "created_by": {
            "id": "2e501ed7-9bdf-4dd6-8328-d853f30e6a1b",
            "name": "c.demosthenous",
            "type_": "USER"
        },
        "creation_date": 1736247038422.0,
        "data_connection_id": "00000000-0000-0000-0000-000000000000",
        "disabled": null,
        "display_name": "BeginTaskSourcingProject transformation - copy - 2",
        "factory_id": "ea41fe00-aa5e-4bdd-8671-5dc22a13b91e",
        "has_overwrites": null,
        "name": "BeginTaskSourcingProject transformation - copy - 2",
        "namespace": "custom",
        "target": {
            "entity_ref": {
                "name": "BeginTaskSourcingProject",
                "namespace": "custom"
            },
            "kind": "EVENT"
        },
        "user_factory_template_reference": null,
        "validation_status": "VALID"
    }
]