[
    {
        "change_date": 1736420979243.0,
        "changed_by": {
            "id": "2e501ed7-9bdf-4dd6-8328-d853f30e6a1b",
            "name": "c.demosthenous",
            "type_": "USER"
        },
        "created_by": {
            "id": "2e501ed7-9bdf-4dd6-8328-d853f30e6a1b",
            "name": "c.demosthenous",
            "type_": "USER"
        },
        "creation_date": 1736420978871.0,
        "data_connection_id": "00000000-0000-0000-0000-000000000000",
        "disabled": null,
        "display_name": "ScenarioAwardedSourcingEvent transformation - copy - 7",
        "factory_id": "7aa0939a-8d51-4a2e-888a-272b1c9ef8e4",
        "has_overwrites": null,
        "name": "ScenarioAwardedSourcingEvent transformation - copy - 7",
        "namespace": "custom",
        "target": {
            "entity_ref": {
                "name": "ScenarioAwardedSourcingEvent",
                "namespace": "custom"
            },
            "kind": "EVENT"
        },
        "user_factory_template_reference": null,
        "validation_status": "VALID"
    }
]