[
    {
        "change_date": 1736247031692.0,
        "changed_by": {
            "id": "2e501ed7-9bdf-4dd6-8328-d853f30e6a1b",
            "name": "c.demosthenous",
            "type_": "USER"
        },
        "created_by": {
            "id": "2e501ed7-9bdf-4dd6-8328-d853f30e6a1b",
            "name": "c.demosthenous",
            "type_": "USER"
        },
        "creation_date": 1736247031014.0,
        "data_connection_id": "00000000-0000-0000-0000-000000000000",
        "disabled": null,
        "display_name": "EventPaused transformation - copy - 2",
        "factory_id": "b1c72397-b310-4f98-8ecc-419009d06a85",
        "has_overwrites": null,
        "name": "EventPaused transformation - copy - 2",
        "namespace": "custom",
        "target": {
            "entity_ref": {
                "name": "EventPaused",
                "namespace": "custom"
            },
            "kind": "EVENT"
        },
        "user_factory_template_reference": null,
        "validation_status": "VALID"
    }
]