[
    {
        "change_date": 1736341551771.0,
        "changed_by": {
            "id": "2e501ed7-9bdf-4dd6-8328-d853f30e6a1b",
            "name": "c.demosthenous",
            "type_": "USER"
        },
        "created_by": {
            "id": "2e501ed7-9bdf-4dd6-8328-d853f30e6a1b",
            "name": "c.demosthenous",
            "type_": "USER"
        },
        "creation_date": 1736341551406.0,
        "data_connection_id": "00000000-0000-0000-0000-000000000000",
        "disabled": null,
        "display_name": "EndTaskContractWorkspace transformation - copy - 3",
        "factory_id": "23c32607-f12c-4dda-ae43-79383815ec7e",
        "has_overwrites": null,
        "name": "EndTaskContractWorkspace transformation - copy - 3",
        "namespace": "custom",
        "target": {
            "entity_ref": {
                "name": "EndTaskContractWorkspace",
                "namespace": "custom"
            },
            "kind": "EVENT"
        },
        "user_factory_template_reference": null,
        "validation_status": "VALID"
    }
]