[
    {
        "change_date": 1736341728021.0,
        "changed_by": {
            "id": "2e501ed7-9bdf-4dd6-8328-d853f30e6a1b",
            "name": "c.demosthenous",
            "type_": "USER"
        },
        "created_by": {
            "id": "2e501ed7-9bdf-4dd6-8328-d853f30e6a1b",
            "name": "c.demosthenous",
            "type_": "USER"
        },
        "creation_date": 1736341727618.0,
        "data_connection_id": "00000000-0000-0000-0000-000000000000",
        "disabled": null,
        "display_name": "DeclineToRespond transformation - copy - 4",
        "factory_id": "90a18704-8449-4349-aa8c-09660570a03a",
        "has_overwrites": null,
        "name": "DeclineToRespond transformation - copy - 4",
        "namespace": "custom",
        "target": {
            "entity_ref": {
                "name": "DeclineToRespond",
                "namespace": "custom"
            },
            "kind": "EVENT"
        },
        "user_factory_template_reference": null,
        "validation_status": "VALID"
    }
]