[
    {
        "change_date": 1736420959708.0,
        "changed_by": {
            "id": "2e501ed7-9bdf-4dd6-8328-d853f30e6a1b",
            "name": "c.demosthenous",
            "type_": "USER"
        },
        "created_by": {
            "id": "2e501ed7-9bdf-4dd6-8328-d853f30e6a1b",
            "name": "c.demosthenous",
            "type_": "USER"
        },
        "creation_date": 1736420957664.0,
        "data_connection_id": "468823c6-32f7-4d9b-a9d3-ff1971688698",
        "disabled": null,
        "display_name": "RfxDocument transformation - 1000 - RAW test data sets_31 - Ariba Sourcing - 4",
        "factory_id": "26e91722-0863-402c-b0fa-8624f83d7f0f",
        "has_overwrites": null,
        "name": "RfxDocument transformation - 1000 - RAW test data sets_31 - Ariba Sourcing - 4",
        "namespace": "custom",
        "target": {
            "entity_ref": {
                "name": "RfxDocument",
                "namespace": "custom"
            },
            "kind": "OBJECT"
        },
        "user_factory_template_reference": null,
        "validation_status": "VALID"
    }
]