[
    {
        "change_date": 1736244779321.0,
        "changed_by": {
            "id": "2e501ed7-9bdf-4dd6-8328-d853f30e6a1b",
            "name": "c.demosthenous",
            "type_": "USER"
        },
        "created_by": {
            "id": "2e501ed7-9bdf-4dd6-8328-d853f30e6a1b",
            "name": "c.demosthenous",
            "type_": "USER"
        },
        "creation_date": 1736244778935.0,
        "data_connection_id": "00000000-0000-0000-0000-000000000000",
        "disabled": null,
        "display_name": "ChangeRFXBid transformation - copy - 1",
        "factory_id": "6cbffeb0-a1d5-4101-bc41-f3374dcbaa98",
        "has_overwrites": null,
        "name": "ChangeRFXBid transformation - copy - 1",
        "namespace": "custom",
        "target": {
            "entity_ref": {
                "name": "ChangeRFXBid",
                "namespace": "custom"
            },
            "kind": "EVENT"
        },
        "user_factory_template_reference": null,
        "validation_status": "VALID"
    }
]