{
    "categories": [
        {
            "metadata": {
                "name": "Processes",
                "namespace": "celonis"
            },
            "values": [
                {
                    "name": "OrderManagement",
                    "namespace": "celonis"
                }
            ]
        }
    ],
    "change_date": 1727172986460.0,
    "changed_by": {
        "id": "cccccccc-cccc-cccc-cccc-cccccccccccc",
        "name": "Celonis",
        "type_": "APPLICATION"
    },
    "color": "#006A6F",
    "created_by": {
        "id": "cccccccc-cccc-cccc-cccc-cccccccccccc",
        "name": "Celonis",
        "type_": "APPLICATION"
    },
    "creation_date": 1727172986460.0,
    "description": "A document that is the central object in the delivery process providing general information about goods movement. The different entries are split into seperate DeliveryItem entities.",
    "fields": [
        {
            "data_type": "CT_UTF8_STRING",
            "name": "ID",
            "namespace": "celonis"
        },
        {
            "data_type": "CT_INSTANT",
            "name": "CreationTime",
            "namespace": "celonis"
        },
        {
            "data_type": "CT_UTF8_STRING",
            "name": "CreationExecutionType",
            "namespace": "celonis"
        },
        {
            "data_type": "CT_UTF8_STRING",
            "name": "DeliveryType",
            "namespace": "celonis"
        },
        {
            "data_type": "CT_INSTANT",
            "name": "PickingDate",
            "namespace": "celonis"
        },
        {
            "data_type": "CT_INSTANT",
            "name": "ProofOfDeliveryDate",
            "namespace": "celonis"
        },
        {
            "data_type": "CT_INSTANT",
            "name": "DeliveryDate",
            "namespace": "celonis"
        },
        {
            "data_type": "CT_DOUBLE",
            "name": "NetWeight",
            "namespace": "celonis"
        },
        {
            "data_type": "CT_DOUBLE",
            "name": "GrossWeight",
            "namespace": "celonis"
        },
        {
            "data_type": "CT_UTF8_STRING",
            "name": "WeightUnit",
            "namespace": "celonis"
        },
        {
            "data_type": "CT_DOUBLE",
            "name": "Volume",
            "namespace": "celonis"
        },
        {
            "data_type": "CT_UTF8_STRING",
            "name": "VolumeUnit",
            "namespace": "celonis"
        },
        {
            "data_type": "CT_UTF8_STRING",
            "name": "SourceSystemType",
            "namespace": "celonis"
        },
        {
            "data_type": "CT_UTF8_STRING",
            "name": "SourceSystemInstance",
            "namespace": "celonis"
        },
        {
            "data_type": "CT_UTF8_STRING",
            "name": "SystemDeliveryNumber",
            "namespace": "celonis"
        },
        {
            "data_type": "CT_UTF8_STRING",
            "name": "DatabaseDeliveryNumber",
            "namespace": "celonis"
        },
        {
            "data_type": "CT_INSTANT",
            "name": "ExpectedGoodsIssueDate",
            "namespace": "celonis"
        }
    ],
    "id": "f7ecf3f1-a0e6-4f11-b2d6-5b336252638c",
    "managed": true,
    "multi_link": false,
    "name": "Delivery",
    "namespace": "celonis",
    "relationships": [
        {
            "cardinality": "HAS_ONE",
            "name": "CreatedBy",
            "namespace": "celonis",
            "target": {
                "mapped_by": null,
                "mapped_by_namespace": null,
                "object_ref": {
                    "name": "User",
                    "namespace": "celonis"
                }
            }
        },
        {
            "cardinality": "HAS_ONE",
            "name": "Customer",
            "namespace": "celonis",
            "target": {
                "mapped_by": null,
                "mapped_by_namespace": null,
                "object_ref": {
                    "name": "Customer",
                    "namespace": "celonis"
                }
            }
        },
        {
            "cardinality": "HAS_MANY",
            "name": "Items",
            "namespace": "celonis",
            "target": {
                "mapped_by": "Header",
                "mapped_by_namespace": null,
                "object_ref": {
                    "name": "DeliveryItem",
                    "namespace": "celonis"
                }
            }
        },
        {
            "cardinality": "HAS_MANY",
            "name": "Shipments",
            "namespace": "celonis",
            "target": {
                "mapped_by": "Delivery",
                "mapped_by_namespace": null,
                "object_ref": {
                    "name": "ShipmentItem",
                    "namespace": "celonis"
                }
            }
        }
    ],
    "tags": [
        "OrderManagement"
    ]
}