{
    "categories": [
        {
            "metadata": {
                "name": "Processes",
                "namespace": "celonis"
            },
            "values": [
                {
                    "name": "OrderManagement",
                    "namespace": "celonis"
                },
                {
                    "name": "AccountsReceivable",
                    "namespace": "celonis"
                }
            ]
        }
    ],
    "change_date": 1727172986416.0,
    "changed_by": {
        "id": "cccccccc-cccc-cccc-cccc-cccccccccccc",
        "name": "Celonis",
        "type_": "APPLICATION"
    },
    "color": "#48D2D6",
    "created_by": {
        "id": "cccccccc-cccc-cccc-cccc-cccccccccccc",
        "name": "Celonis",
        "type_": "APPLICATION"
    },
    "creation_date": 1727172986416.0,
    "description": "A line item level document detailing money owed to a customer by a business.",
    "fields": [
        {
            "data_type": "CT_UTF8_STRING",
            "name": "ID",
            "namespace": "celonis"
        },
        {
            "data_type": "CT_INSTANT",
            "name": "CreationTime",
            "namespace": "celonis"
        },
        {
            "data_type": "CT_UTF8_STRING",
            "name": "CreationExecutionType",
            "namespace": "celonis"
        },
        {
            "data_type": "CT_UTF8_STRING",
            "name": "CustomerAccountHead",
            "namespace": "celonis"
        },
        {
            "data_type": "CT_UTF8_STRING",
            "name": "CustomerAccountTransactionType",
            "namespace": "celonis"
        },
        {
            "data_type": "CT_INSTANT",
            "name": "BaselineDate",
            "namespace": "celonis"
        },
        {
            "data_type": "CT_DOUBLE",
            "name": "CashDiscountPercentage1",
            "namespace": "celonis"
        },
        {
            "data_type": "CT_UTF8_STRING",
            "name": "PaymentMethod",
            "namespace": "celonis"
        },
        {
            "data_type": "CT_DOUBLE",
            "name": "Amount",
            "namespace": "celonis"
        },
        {
            "data_type": "CT_UTF8_STRING",
            "name": "Currency",
            "namespace": "celonis"
        },
        {
            "data_type": "CT_UTF8_STRING",
            "name": "DocumentType",
            "namespace": "celonis"
        },
        {
            "data_type": "CT_INSTANT",
            "name": "DocumentDate",
            "namespace": "celonis"
        },
        {
            "data_type": "CT_INSTANT",
            "name": "ClearingDate",
            "namespace": "celonis"
        },
        {
            "data_type": "CT_DOUBLE",
            "name": "CashDiscountTakenAmount",
            "namespace": "celonis"
        },
        {
            "data_type": "CT_DOUBLE",
            "name": "CashDiscountEligibleAmount",
            "namespace": "celonis"
        },
        {
            "data_type": "CT_UTF8_STRING",
            "name": "SystemAccountingDocumentNumber",
            "namespace": "celonis"
        },
        {
            "data_type": "CT_UTF8_STRING",
            "name": "ReversalIndicator",
            "namespace": "celonis"
        },
        {
            "data_type": "CT_UTF8_STRING",
            "name": "SourceSystemType",
            "namespace": "celonis"
        },
        {
            "data_type": "CT_UTF8_STRING",
            "name": "SourceSystemInstance",
            "namespace": "celonis"
        },
        {
            "data_type": "CT_UTF8_STRING",
            "name": "SystemAccountingDocumentItemNumber",
            "namespace": "celonis"
        },
        {
            "data_type": "CT_UTF8_STRING",
            "name": "DatabaseAccountingDocumentNumber",
            "namespace": "celonis"
        },
        {
            "data_type": "CT_UTF8_STRING",
            "name": "DatabaseAccountingDocumentItemNumber",
            "namespace": "celonis"
        },
        {
            "data_type": "CT_UTF8_STRING",
            "name": "CompanyCode",
            "namespace": "celonis"
        },
        {
            "data_type": "CT_LONG",
            "name": "FiscalYear",
            "namespace": "celonis"
        }
    ],
    "id": "55e4ad95-3a76-40f0-a3eb-072007bc6cb8",
    "managed": true,
    "multi_link": false,
    "name": "CustomerAccountCreditItem",
    "namespace": "celonis",
    "relationships": [
        {
            "cardinality": "HAS_MANY",
            "name": "Clearings",
            "namespace": "celonis",
            "target": {
                "mapped_by": "CustomerAccountCreditItems",
                "mapped_by_namespace": null,
                "object_ref": {
                    "name": "CustomerAccountClearingAssignment",
                    "namespace": "celonis"
                }
            }
        },
        {
            "cardinality": "HAS_ONE",
            "name": "CreatedBy",
            "namespace": "celonis",
            "target": {
                "mapped_by": null,
                "mapped_by_namespace": null,
                "object_ref": {
                    "name": "User",
                    "namespace": "celonis"
                }
            }
        },
        {
            "cardinality": "HAS_ONE",
            "name": "CreditMemo",
            "namespace": "celonis",
            "target": {
                "mapped_by": null,
                "mapped_by_namespace": null,
                "object_ref": {
                    "name": "CreditMemo",
                    "namespace": "celonis"
                }
            }
        },
        {
            "cardinality": "HAS_ONE",
            "name": "Customer",
            "namespace": "celonis",
            "target": {
                "mapped_by": null,
                "mapped_by_namespace": null,
                "object_ref": {
                    "name": "Customer",
                    "namespace": "celonis"
                }
            }
        },
        {
            "cardinality": "HAS_MANY",
            "name": "CustomerAccountDebitItems",
            "namespace": "celonis",
            "target": {
                "mapped_by": "CustomerAccountCreditItems",
                "mapped_by_namespace": null,
                "object_ref": {
                    "name": "CustomerAccountDebitItem",
                    "namespace": "celonis"
                }
            }
        },
        {
            "cardinality": "HAS_ONE",
            "name": "CustomerInvoiceCancellation",
            "namespace": "celonis",
            "target": {
                "mapped_by": null,
                "mapped_by_namespace": null,
                "object_ref": {
                    "name": "CustomerInvoiceCancellation",
                    "namespace": "celonis"
                }
            }
        },
        {
            "cardinality": "HAS_ONE",
            "name": "CustomerMasterCompanyCode",
            "namespace": "celonis",
            "target": {
                "mapped_by": null,
                "mapped_by_namespace": null,
                "object_ref": {
                    "name": "CustomerMasterCompanyCode",
                    "namespace": "celonis"
                }
            }
        }
    ],
    "tags": [
        "AccountsReceivable",
        "OrderManagement"
    ]
}