{
    "categories": [],
    "change_date": 1736420933080.0,
    "changed_by": {
        "id": "2e501ed7-9bdf-4dd6-8328-d853f30e6a1b",
        "name": "c.demosthenous",
        "type_": "USER"
    },
    "color": "#0A18BB",
    "created_by": {
        "id": "2e501ed7-9bdf-4dd6-8328-d853f30e6a1b",
        "name": "c.demosthenous",
        "type_": "USER"
    },
    "creation_date": 1736244711441.0,
    "description": null,
    "fields": [
        {
            "data_type": "CT_UTF8_STRING",
            "name": "ID",
            "namespace": "custom"
        },
        {
            "data_type": "CT_UTF8_STRING",
            "name": "ItemId",
            "namespace": "custom"
        },
        {
            "data_type": "CT_UTF8_STRING",
            "name": "VersionId",
            "namespace": "custom"
        },
        {
            "data_type": "CT_UTF8_STRING",
            "name": "Description",
            "namespace": "custom"
        },
        {
            "data_type": "CT_LONG",
            "name": "EnvelopedIf",
            "namespace": "custom"
        },
        {
            "data_type": "CT_UTF8_STRING",
            "name": "IsRealItem",
            "namespace": "custom"
        },
        {
            "data_type": "CT_UTF8_STRING",
            "name": "SoftDelete",
            "namespace": "custom"
        },
        {
            "data_type": "CT_UTF8_STRING",
            "name": "ItemType",
            "namespace": "custom"
        },
        {
            "data_type": "CT_UTF8_STRING",
            "name": "DecimalPrecision",
            "namespace": "custom"
        },
        {
            "data_type": "CT_UTF8_STRING",
            "name": "ArbRequisitionLineItemNumber",
            "namespace": "custom"
        },
        {
            "data_type": "CT_UTF8_STRING",
            "name": "ArbRequisitionId",
            "namespace": "custom"
        },
        {
            "data_type": "CT_UTF8_STRING",
            "name": "LineNumber",
            "namespace": "custom"
        },
        {
            "data_type": "CT_UTF8_STRING",
            "name": "ItemSubType",
            "namespace": "custom"
        },
        {
            "data_type": "CT_INSTANT",
            "name": "TimeCreated",
            "namespace": "custom"
        },
        {
            "data_type": "CT_UTF8_STRING",
            "name": "ArbPlant",
            "namespace": "custom"
        },
        {
            "data_type": "CT_UTF8_STRING",
            "name": "ArbIncoterms",
            "namespace": "custom"
        },
        {
            "data_type": "CT_UTF8_STRING",
            "name": "ArbRfqLineItemNumber",
            "namespace": "custom"
        },
        {
            "data_type": "CT_UTF8_STRING",
            "name": "Commodity",
            "namespace": "custom"
        },
        {
            "data_type": "CT_UTF8_STRING",
            "name": "Numbering",
            "namespace": "custom"
        },
        {
            "data_type": "CT_UTF8_STRING",
            "name": "TargetScore",
            "namespace": "custom"
        },
        {
            "data_type": "CT_UTF8_STRING",
            "name": "ParticipantReadOnlyItem",
            "namespace": "custom"
        },
        {
            "data_type": "CT_UTF8_STRING",
            "name": "ArbMaterialNumber",
            "namespace": "custom"
        },
        {
            "data_type": "CT_UTF8_STRING",
            "name": "ArbMaterialGroup",
            "namespace": "custom"
        },
        {
            "data_type": "CT_UTF8_STRING",
            "name": "ArbMaterialCode",
            "namespace": "custom"
        },
        {
            "data_type": "CT_UTF8_STRING",
            "name": "Title",
            "namespace": "custom"
        },
        {
            "data_type": "CT_INSTANT",
            "name": "TimeUpdated",
            "namespace": "custom"
        },
        {
            "data_type": "CT_UTF8_STRING",
            "name": "Weight",
            "namespace": "custom"
        },
        {
            "data_type": "CT_UTF8_STRING",
            "name": "ParentItemId",
            "namespace": "custom"
        },
        {
            "data_type": "CT_UTF8_STRING",
            "name": "Active",
            "namespace": "custom"
        },
        {
            "data_type": "CT_UTF8_STRING",
            "name": "NextVersion",
            "namespace": "custom"
        },
        {
            "data_type": "CT_UTF8_STRING",
            "name": "LinkedItemId",
            "namespace": "custom"
        },
        {
            "data_type": "CT_UTF8_STRING",
            "name": "RootItemId",
            "namespace": "custom"
        },
        {
            "data_type": "CT_UTF8_STRING",
            "name": "ArbItemCategory",
            "namespace": "custom"
        },
        {
            "data_type": "CT_UTF8_STRING",
            "name": "ExternalSystemCorrelationId",
            "namespace": "custom"
        },
        {
            "data_type": "CT_UTF8_STRING",
            "name": "ArbRfqId",
            "namespace": "custom"
        },
        {
            "data_type": "CT_UTF8_STRING",
            "name": "ArbMaterialType",
            "namespace": "custom"
        },
        {
            "data_type": "CT_INSTANT",
            "name": "LastUpdateDate",
            "namespace": "custom"
        },
        {
            "data_type": "CT_UTF8_STRING",
            "name": "DescriptionDefaultStringTranslation",
            "namespace": "custom"
        },
        {
            "data_type": "CT_UTF8_STRING",
            "name": "CommodityDomain",
            "namespace": "custom"
        },
        {
            "data_type": "CT_UTF8_STRING",
            "name": "CommodityUniqueName",
            "namespace": "custom"
        },
        {
            "data_type": "CT_UTF8_STRING",
            "name": "CurrencyUniqueName",
            "namespace": "custom"
        },
        {
            "data_type": "CT_UTF8_STRING",
            "name": "TitleDefaultStringTranslation",
            "namespace": "custom"
        },
        {
            "data_type": "CT_UTF8_STRING",
            "name": "NextVersionUniqueName",
            "namespace": "custom"
        }
    ],
    "id": "2bbbabe0-e03b-4c73-aa16-3151642cb416",
    "managed": true,
    "multi_link": false,
    "name": "RFXItem",
    "namespace": "custom",
    "relationships": [
        {
            "cardinality": "HAS_MANY",
            "name": "RfxItemValue",
            "namespace": "custom",
            "target": {
                "mapped_by": "RfxDocumentItem",
                "mapped_by_namespace": "custom",
                "object_ref": {
                    "name": "RfxItemValue",
                    "namespace": "custom"
                }
            }
        },
        {
            "cardinality": "HAS_MANY",
            "name": "RfxDocument",
            "namespace": "custom",
            "target": {
                "mapped_by": null,
                "mapped_by_namespace": null,
                "object_ref": {
                    "name": "RfxDocument",
                    "namespace": "custom"
                }
            }
        }
    ],
    "tags": []
}