{
    "categories": [
        {
            "metadata": {
                "name": "Processes",
                "namespace": "celonis"
            },
            "values": [
                {
                    "name": "Procurement",
                    "namespace": "celonis"
                },
                {
                    "name": "AccountsPayable",
                    "namespace": "celonis"
                }
            ]
        }
    ],
    "change_date": 1736244707651.0,
    "changed_by": {
        "id": "2e501ed7-9bdf-4dd6-8328-d853f30e6a1b",
        "name": "c.demosthenous",
        "type_": "USER"
    },
    "color": "#1E4ADF",
    "created_by": {
        "id": "cccccccc-cccc-cccc-cccc-cccccccccccc",
        "name": "Celonis",
        "type_": "APPLICATION"
    },
    "creation_date": 1727172986143.0,
    "description": null,
    "fields": [
        {
            "data_type": "CT_UTF8_STRING",
            "name": "ID",
            "namespace": "DuplicateInvoiceChecker"
        },
        {
            "data_type": "CT_INSTANT",
            "name": "CreationTime",
            "namespace": "DuplicateInvoiceChecker"
        },
        {
            "data_type": "CT_INSTANT",
            "name": "CheckedTime",
            "namespace": "DuplicateInvoiceChecker"
        },
        {
            "data_type": "CT_UTF8_STRING",
            "name": "RunId",
            "namespace": "DuplicateInvoiceChecker"
        },
        {
            "data_type": "CT_UTF8_STRING",
            "name": "ReversalFlag",
            "namespace": "DuplicateInvoiceChecker"
        }
    ],
    "id": "8cb85d51-9c16-4465-941a-ce171e8a6da4",
    "managed": true,
    "multi_link": false,
    "name": "CheckedInvoice",
    "namespace": "DuplicateInvoiceChecker",
    "relationships": [
        {
            "cardinality": "HAS_ONE",
            "name": "celonisVendorAccountCreditItem",
            "namespace": "custom",
            "target": {
                "mapped_by": null,
                "mapped_by_namespace": null,
                "object_ref": {
                    "name": "VendorAccountCreditItem",
                    "namespace": "celonis"
                }
            }
        },
        {
            "cardinality": "HAS_ONE",
            "name": "DuplicateGroup",
            "namespace": "DuplicateInvoiceChecker",
            "target": {
                "mapped_by": null,
                "mapped_by_namespace": null,
                "object_ref": {
                    "name": "DuplicateGroup",
                    "namespace": "DuplicateInvoiceChecker"
                }
            }
        },
        {
            "cardinality": "HAS_ONE",
            "name": "VendorAccountItem",
            "namespace": "DuplicateInvoiceChecker",
            "target": {
                "mapped_by": null,
                "mapped_by_namespace": null,
                "object_ref": {
                    "name": "VendorAccountItem",
                    "namespace": "DuplicateInvoiceChecker"
                }
            }
        }
    ],
    "tags": [
        "Procurement",
        "AccountsPayable"
    ]
}