{
    "categories": [
        {
            "metadata": {
                "name": "Processes",
                "namespace": "celonis"
            },
            "values": [
                {
                    "name": "OrderManagement",
                    "namespace": "celonis"
                },
                {
                    "name": "AccountsReceivable",
                    "namespace": "celonis"
                },
                {
                    "name": "Procurement",
                    "namespace": "celonis"
                },
                {
                    "name": "AccountsPayable",
                    "namespace": "celonis"
                },
                {
                    "name": "InventoryManagement",
                    "namespace": "celonis"
                }
            ]
        },
        {
            "metadata": {
                "name": "Metadata",
                "namespace": "celonis"
            },
            "values": [
                {
                    "name": "Helper",
                    "namespace": "celonis"
                }
            ]
        }
    ],
    "change_date": 1727172986189.0,
    "changed_by": {
        "id": "cccccccc-cccc-cccc-cccc-cccccccccccc",
        "name": "Celonis",
        "type_": "APPLICATION"
    },
    "color": "#00000B",
    "created_by": {
        "id": "cccccccc-cccc-cccc-cccc-cccccccccccc",
        "name": "Celonis",
        "type_": "APPLICATION"
    },
    "creation_date": 1727172986189.0,
    "description": "A helper table to convert currencies to other currencies. See also the \"CURRENCY_CONVERT\" PQL operator.",
    "fields": [
        {
            "data_type": "CT_UTF8_STRING",
            "name": "ID",
            "namespace": "celonis"
        },
        {
            "data_type": "CT_UTF8_STRING",
            "name": "FromCurrency",
            "namespace": "celonis"
        },
        {
            "data_type": "CT_UTF8_STRING",
            "name": "ToCurrency",
            "namespace": "celonis"
        },
        {
            "data_type": "CT_INSTANT",
            "name": "FromDate",
            "namespace": "celonis"
        },
        {
            "data_type": "CT_INSTANT",
            "name": "ToDate",
            "namespace": "celonis"
        },
        {
            "data_type": "CT_DOUBLE",
            "name": "Rate",
            "namespace": "celonis"
        },
        {
            "data_type": "CT_UTF8_STRING",
            "name": "SourceSystemType",
            "namespace": "celonis"
        },
        {
            "data_type": "CT_UTF8_STRING",
            "name": "SourceSystemInstance",
            "namespace": "celonis"
        },
        {
            "data_type": "CT_UTF8_STRING",
            "name": "ExchangeRateType",
            "namespace": "celonis"
        }
    ],
    "id": "bb108951-92fc-4536-b24d-d9c1e9d0c6de",
    "managed": true,
    "multi_link": false,
    "name": "CurrencyConversion",
    "namespace": "celonis",
    "relationships": [],
    "tags": [
        "Helper",
        "Procurement",
        "AccountsPayable",
        "AccountsReceivable",
        "InventoryManagement",
        "OrderManagement"
    ]
}