{
    "categories": [
        {
            "metadata": {
                "name": "Processes",
                "namespace": "celonis"
            },
            "values": [
                {
                    "name": "Procurement",
                    "namespace": "celonis"
                }
            ]
        }
    ],
    "change_date": 1737111562033.0,
    "changed_by": {
        "id": "2e501ed7-9bdf-4dd6-8328-d853f30e6a1b",
        "name": "c.demosthenous",
        "type_": "USER"
    },
    "color": "#8C0001",
    "created_by": {
        "id": "2e501ed7-9bdf-4dd6-8328-d853f30e6a1b",
        "name": "c.demosthenous",
        "type_": "USER"
    },
    "creation_date": 1736244709702.0,
    "description": "",
    "fields": [
        {
            "data_type": "CT_UTF8_STRING",
            "name": "NumberOnPO",
            "namespace": "custom"
        },
        {
            "data_type": "CT_UTF8_STRING",
            "name": "DescriptionPriceCurrencyUniqueName",
            "namespace": "custom"
        },
        {
            "data_type": "CT_INSTANT",
            "name": "DescriptionPriceConversionDate",
            "namespace": "custom"
        },
        {
            "data_type": "CT_LONG",
            "name": "NumberInCollection",
            "namespace": "custom"
        },
        {
            "data_type": "CT_LONG",
            "name": "PushStatus",
            "namespace": "custom"
        },
        {
            "data_type": "CT_UTF8_STRING",
            "name": "PurchaseOrg",
            "namespace": "custom"
        },
        {
            "data_type": "CT_UTF8_STRING",
            "name": "DescriptionCommonCommodityCode",
            "namespace": "custom"
        },
        {
            "data_type": "CT_LONG",
            "name": "ExternalLineNumber",
            "namespace": "custom"
        },
        {
            "data_type": "CT_UTF8_STRING",
            "name": "OriginalPrice",
            "namespace": "custom"
        },
        {
            "data_type": "CT_UTF8_STRING",
            "name": "IsAdHoc",
            "namespace": "custom"
        },
        {
            "data_type": "CT_LONG",
            "name": "DescriptionLeadTime",
            "namespace": "custom"
        },
        {
            "data_type": "CT_DOUBLE",
            "name": "QuantityInKitItem",
            "namespace": "custom"
        },
        {
            "data_type": "CT_UTF8_STRING",
            "name": "AccountingsType",
            "namespace": "custom"
        },
        {
            "data_type": "CT_UTF8_STRING",
            "name": "DiverseSupplier",
            "namespace": "custom"
        },
        {
            "data_type": "CT_UTF8_STRING",
            "name": "DescriptionShortName",
            "namespace": "custom"
        },
        {
            "data_type": "CT_DOUBLE",
            "name": "NumberConfirmedBackOrdered",
            "namespace": "custom"
        },
        {
            "data_type": "CT_UTF8_STRING",
            "name": "AccountCategory",
            "namespace": "custom"
        },
        {
            "data_type": "CT_UTF8_STRING",
            "name": "Description",
            "namespace": "custom"
        },
        {
            "data_type": "CT_DOUBLE",
            "name": "NumberConfirmedSubstituted",
            "namespace": "custom"
        },
        {
            "data_type": "CT_INSTANT",
            "name": "NeedBy",
            "namespace": "custom"
        },
        {
            "data_type": "CT_UTF8_STRING",
            "name": "Supplier",
            "namespace": "custom"
        },
        {
            "data_type": "CT_UTF8_STRING",
            "name": "DescriptionIsPartialItem",
            "namespace": "custom"
        },
        {
            "data_type": "CT_UTF8_STRING",
            "name": "IsRecurring",
            "namespace": "custom"
        },
        {
            "data_type": "CT_UTF8_STRING",
            "name": "SupplierLocation",
            "namespace": "custom"
        },
        {
            "data_type": "CT_DOUBLE",
            "name": "NumberConfirmedRejected",
            "namespace": "custom"
        },
        {
            "data_type": "CT_UTF8_STRING",
            "name": "MALineItem",
            "namespace": "custom"
        },
        {
            "data_type": "CT_UTF8_STRING",
            "name": "ERPLineItemNumber",
            "namespace": "custom"
        },
        {
            "data_type": "CT_UTF8_STRING",
            "name": "MasterAgreement",
            "namespace": "custom"
        },
        {
            "data_type": "CT_UTF8_STRING",
            "name": "DescriptionUnitOfMeasure",
            "namespace": "custom"
        },
        {
            "data_type": "CT_DOUBLE",
            "name": "NumberShipped",
            "namespace": "custom"
        },
        {
            "data_type": "CT_UTF8_STRING",
            "name": "DescriptionCustomPrice",
            "namespace": "custom"
        },
        {
            "data_type": "CT_UTF8_STRING",
            "name": "DescriptionCatalogItemRefSupplierPartNumber",
            "namespace": "custom"
        },
        {
            "data_type": "CT_UTF8_STRING",
            "name": "CommodityCode",
            "namespace": "custom"
        },
        {
            "data_type": "CT_UTF8_STRING",
            "name": "IsPriceModifiedByUser",
            "namespace": "custom"
        },
        {
            "data_type": "CT_UTF8_STRING",
            "name": "UsedInReqPush",
            "namespace": "custom"
        },
        {
            "data_type": "CT_UTF8_STRING",
            "name": "KitRequiredItem",
            "namespace": "custom"
        },
        {
            "data_type": "CT_DOUBLE",
            "name": "NumberConfirmedAccepted",
            "namespace": "custom"
        },
        {
            "data_type": "CT_LONG",
            "name": "QuotePricingTermsNumber",
            "namespace": "custom"
        },
        {
            "data_type": "CT_DOUBLE",
            "name": "Quantity",
            "namespace": "custom"
        },
        {
            "data_type": "CT_LONG",
            "name": "ParentLineNumber",
            "namespace": "custom"
        },
        {
            "data_type": "CT_LONG",
            "name": "DescriptionExtAttributesBitMask",
            "namespace": "custom"
        },
        {
            "data_type": "CT_UTF8_STRING",
            "name": "BoughtFromPreferredSupplier",
            "namespace": "custom"
        },
        {
            "data_type": "CT_UTF8_STRING",
            "name": "DescriptionPrice",
            "namespace": "custom"
        },
        {
            "data_type": "CT_UTF8_STRING",
            "name": "QuickSourced",
            "namespace": "custom"
        },
        {
            "data_type": "CT_UTF8_STRING",
            "name": "DeliverTo",
            "namespace": "custom"
        },
        {
            "data_type": "CT_UTF8_STRING",
            "name": "PurchaseGroup",
            "namespace": "custom"
        },
        {
            "data_type": "CT_DOUBLE",
            "name": "NumberConfirmedAcceptedWithChanges",
            "namespace": "custom"
        },
        {
            "data_type": "CT_UTF8_STRING",
            "name": "Amount",
            "namespace": "custom"
        },
        {
            "data_type": "CT_UTF8_STRING",
            "name": "ERSAllowed",
            "namespace": "custom"
        },
        {
            "data_type": "CT_UTF8_STRING",
            "name": "BasePrice",
            "namespace": "custom"
        },
        {
            "data_type": "CT_UTF8_STRING",
            "name": "CommodityExportMapEntry",
            "namespace": "custom"
        },
        {
            "data_type": "CT_UTF8_STRING",
            "name": "DescriptionCatalogItemRefCommonSupplierSystemID",
            "namespace": "custom"
        },
        {
            "data_type": "CT_UTF8_STRING",
            "name": "DescriptionLineItem",
            "namespace": "custom"
        },
        {
            "data_type": "CT_LONG",
            "name": "OriginatingSystemLineNumber",
            "namespace": "custom"
        },
        {
            "data_type": "CT_UTF8_STRING",
            "name": "RequisitionUniqueName",
            "namespace": "custom"
        },
        {
            "data_type": "CT_LONG",
            "name": "DescriptionCommonCommodityCodeUniqueName",
            "namespace": "custom"
        },
        {
            "data_type": "CT_UTF8_STRING",
            "name": "DescriptionCommonCommodityCodeName",
            "namespace": "custom"
        },
        {
            "data_type": "CT_DOUBLE",
            "name": "OriginalPriceAmountInReportingCurrency",
            "namespace": "custom"
        },
        {
            "data_type": "CT_DOUBLE",
            "name": "OriginalPriceApproxAmountInBaseCurrency",
            "namespace": "custom"
        },
        {
            "data_type": "CT_DOUBLE",
            "name": "OriginalPriceAmount",
            "namespace": "custom"
        },
        {
            "data_type": "CT_INSTANT",
            "name": "OriginalPriceConversionDate",
            "namespace": "custom"
        },
        {
            "data_type": "CT_UTF8_STRING",
            "name": "OriginalPriceCurrencyUniqueName",
            "namespace": "custom"
        },
        {
            "data_type": "CT_UTF8_STRING",
            "name": "AccountCategoryUniqueName",
            "namespace": "custom"
        },
        {
            "data_type": "CT_UTF8_STRING",
            "name": "PurchaseOrgUniqueName",
            "namespace": "custom"
        },
        {
            "data_type": "CT_UTF8_STRING",
            "name": "DescriptionUnitOfMeasureUniqueName",
            "namespace": "custom"
        },
        {
            "data_type": "CT_LONG",
            "name": "DescriptionLineItemNumberInCollection",
            "namespace": "custom"
        },
        {
            "data_type": "CT_UTF8_STRING",
            "name": "MasterAgreementUniqueName",
            "namespace": "custom"
        },
        {
            "data_type": "CT_LONG",
            "name": "CommodityCodeUniqueName",
            "namespace": "custom"
        },
        {
            "data_type": "CT_UTF8_STRING",
            "name": "SupplierUniqueName",
            "namespace": "custom"
        },
        {
            "data_type": "CT_UTF8_STRING",
            "name": "SupplierName",
            "namespace": "custom"
        },
        {
            "data_type": "CT_DOUBLE",
            "name": "AmountAmountInReportingCurrency",
            "namespace": "custom"
        },
        {
            "data_type": "CT_DOUBLE",
            "name": "AmountApproxAmountInBaseCurrency",
            "namespace": "custom"
        },
        {
            "data_type": "CT_DOUBLE",
            "name": "AmountAmount",
            "namespace": "custom"
        },
        {
            "data_type": "CT_INSTANT",
            "name": "AmountConversionDate",
            "namespace": "custom"
        },
        {
            "data_type": "CT_UTF8_STRING",
            "name": "AmountCurrencyUniqueName",
            "namespace": "custom"
        },
        {
            "data_type": "CT_DOUBLE",
            "name": "DescriptionCustomPriceAmountInReportingCurrency",
            "namespace": "custom"
        },
        {
            "data_type": "CT_DOUBLE",
            "name": "DescriptionCustomPriceApproxAmountInBaseCurrency",
            "namespace": "custom"
        },
        {
            "data_type": "CT_DOUBLE",
            "name": "DescriptionCustomPriceAmount",
            "namespace": "custom"
        },
        {
            "data_type": "CT_INSTANT",
            "name": "DescriptionCustomPriceConversionDate",
            "namespace": "custom"
        },
        {
            "data_type": "CT_UTF8_STRING",
            "name": "DescriptionCustomPriceCurrencyUniqueName",
            "namespace": "custom"
        },
        {
            "data_type": "CT_UTF8_STRING",
            "name": "ShipToState",
            "namespace": "custom"
        },
        {
            "data_type": "CT_UTF8_STRING",
            "name": "ShipToCountryUniqueName",
            "namespace": "custom"
        },
        {
            "data_type": "CT_UTF8_STRING",
            "name": "ShipToCity",
            "namespace": "custom"
        },
        {
            "data_type": "CT_UTF8_STRING",
            "name": "ShipToUniqueName",
            "namespace": "custom"
        },
        {
            "data_type": "CT_UTF8_STRING",
            "name": "CommodityExportMapEntryCommodityCodeUniqueName",
            "namespace": "custom"
        },
        {
            "data_type": "CT_UTF8_STRING",
            "name": "CommodityExportMapEntryCommodityCodeName",
            "namespace": "custom"
        },
        {
            "data_type": "CT_UTF8_STRING",
            "name": "CommodityExportMapEntryAccountTypeUniqueName",
            "namespace": "custom"
        },
        {
            "data_type": "CT_UTF8_STRING",
            "name": "CommodityExportMapEntryAccountTypeName",
            "namespace": "custom"
        },
        {
            "data_type": "CT_DOUBLE",
            "name": "BasePriceAmountInReportingCurrency",
            "namespace": "custom"
        },
        {
            "data_type": "CT_DOUBLE",
            "name": "BasePriceApproxAmountInBaseCurrency",
            "namespace": "custom"
        },
        {
            "data_type": "CT_INSTANT",
            "name": "BasePriceConversionDate",
            "namespace": "custom"
        },
        {
            "data_type": "CT_UTF8_STRING",
            "name": "BasePriceCurrencyUniqueName",
            "namespace": "custom"
        },
        {
            "data_type": "CT_UTF8_STRING",
            "name": "SupplierLocationState",
            "namespace": "custom"
        },
        {
            "data_type": "CT_UTF8_STRING",
            "name": "SupplierLocationCountryUniqueName",
            "namespace": "custom"
        },
        {
            "data_type": "CT_UTF8_STRING",
            "name": "SupplierLocationUniqueName",
            "namespace": "custom"
        },
        {
            "data_type": "CT_UTF8_STRING",
            "name": "PurchaseGroupUniqueName",
            "namespace": "custom"
        },
        {
            "data_type": "CT_DOUBLE",
            "name": "DescriptionPriceAmountInReportingCurrency",
            "namespace": "custom"
        },
        {
            "data_type": "CT_DOUBLE",
            "name": "DescriptionPriceApproxAmountInBaseCurrency",
            "namespace": "custom"
        },
        {
            "data_type": "CT_DOUBLE",
            "name": "DescriptionPriceAmount",
            "namespace": "custom"
        },
        {
            "data_type": "CT_LONG",
            "name": "MALineItemNumberInCollection",
            "namespace": "custom"
        },
        {
            "data_type": "CT_UTF8_STRING",
            "name": "ID",
            "namespace": "custom"
        }
    ],
    "id": "8340b3e2-08ee-489f-b9e4-debcbb349db7",
    "managed": true,
    "multi_link": false,
    "name": "RequisitionItem",
    "namespace": "custom",
    "relationships": [
        {
            "cardinality": "HAS_MANY",
            "name": "RequisitionItemHistory",
            "namespace": "custom",
            "target": {
                "mapped_by": "RequisitionItem",
                "mapped_by_namespace": "custom",
                "object_ref": {
                    "name": "RequisitionItemHistory",
                    "namespace": "custom"
                }
            }
        },
        {
            "cardinality": "HAS_MANY",
            "name": "ERPOrderLineItem",
            "namespace": "custom",
            "target": {
                "mapped_by": "RequisitionItem",
                "mapped_by_namespace": "custom",
                "object_ref": {
                    "name": "ERPOrderLineItem",
                    "namespace": "custom"
                }
            }
        },
        {
            "cardinality": "HAS_ONE",
            "name": "Requisition",
            "namespace": "custom",
            "target": {
                "mapped_by": null,
                "mapped_by_namespace": null,
                "object_ref": {
                    "name": "Requisition",
                    "namespace": "custom"
                }
            }
        },
        {
            "cardinality": "HAS_ONE",
            "name": "PurchaseRequisitionItem",
            "namespace": "custom",
            "target": {
                "mapped_by": null,
                "mapped_by_namespace": null,
                "object_ref": {
                    "name": "PurchaseRequisitionItem",
                    "namespace": "celonis"
                }
            }
        },
        {
            "cardinality": "HAS_ONE",
            "name": "OperationalContract",
            "namespace": "custom",
            "target": {
                "mapped_by": null,
                "mapped_by_namespace": null,
                "object_ref": {
                    "name": "OperationalContract",
                    "namespace": "custom"
                }
            }
        },
        {
            "cardinality": "HAS_ONE",
            "name": "OperationalContractLineItem",
            "namespace": "custom",
            "target": {
                "mapped_by": null,
                "mapped_by_namespace": null,
                "object_ref": {
                    "name": "OperationalContractLineItem",
                    "namespace": "custom"
                }
            }
        },
        {
            "cardinality": "HAS_ONE",
            "name": "ContractItem",
            "namespace": "custom",
            "target": {
                "mapped_by": null,
                "mapped_by_namespace": null,
                "object_ref": {
                    "name": "ContractItem",
                    "namespace": "celonis"
                }
            }
        }
    ],
    "tags": [
        "Procurement"
    ]
}