{
    "categories": [
        {
            "metadata": {
                "name": "Processes",
                "namespace": "celonis"
            },
            "values": [
                {
                    "name": "AccountsPayable",
                    "namespace": "celonis"
                }
            ]
        }
    ],
    "change_date": 1737112121095.0,
    "changed_by": {
        "id": "2e501ed7-9bdf-4dd6-8328-d853f30e6a1b",
        "name": "c.demosthenous",
        "type_": "USER"
    },
    "color": "#0A18BB",
    "created_by": {
        "id": "2e501ed7-9bdf-4dd6-8328-d853f30e6a1b",
        "name": "c.demosthenous",
        "type_": "USER"
    },
    "creation_date": 1736244711845.0,
    "description": "",
    "fields": [
        {
            "data_type": "CT_INSTANT",
            "name": "TimeUpdated",
            "namespace": "custom"
        },
        {
            "data_type": "CT_DOUBLE",
            "name": "BaselineSpendAmount",
            "namespace": "custom"
        },
        {
            "data_type": "CT_UTF8_STRING",
            "name": "ID",
            "namespace": "custom"
        },
        {
            "data_type": "CT_UTF8_STRING",
            "name": "InternalId",
            "namespace": "custom"
        },
        {
            "data_type": "CT_INSTANT",
            "name": "CreateDate",
            "namespace": "custom"
        },
        {
            "data_type": "CT_INSTANT",
            "name": "LastModified",
            "namespace": "custom"
        },
        {
            "data_type": "CT_INSTANT",
            "name": "TimeCreated",
            "namespace": "custom"
        },
        {
            "data_type": "CT_INSTANT",
            "name": "ContractEffectiveDate",
            "namespace": "custom"
        },
        {
            "data_type": "CT_UTF8_STRING",
            "name": "ProjectAddin",
            "namespace": "custom"
        },
        {
            "data_type": "CT_UTF8_STRING",
            "name": "ParentDocument",
            "namespace": "custom"
        },
        {
            "data_type": "CT_UTF8_STRING",
            "name": "Currency",
            "namespace": "custom"
        },
        {
            "data_type": "CT_UTF8_STRING",
            "name": "Status",
            "namespace": "custom"
        },
        {
            "data_type": "CT_UTF8_STRING",
            "name": "TemplateObject",
            "namespace": "custom"
        },
        {
            "data_type": "CT_UTF8_STRING",
            "name": "Active",
            "namespace": "custom"
        },
        {
            "data_type": "CT_UTF8_STRING",
            "name": "NextVersion",
            "namespace": "custom"
        },
        {
            "data_type": "CT_UTF8_STRING",
            "name": "Description",
            "namespace": "custom"
        },
        {
            "data_type": "CT_UTF8_STRING",
            "name": "ProcessStatus",
            "namespace": "custom"
        },
        {
            "data_type": "CT_INSTANT",
            "name": "PlannedStartDate",
            "namespace": "custom"
        },
        {
            "data_type": "CT_UTF8_STRING",
            "name": "Changed",
            "namespace": "custom"
        },
        {
            "data_type": "CT_LONG",
            "name": "DocumentVersion",
            "namespace": "custom"
        },
        {
            "data_type": "CT_UTF8_STRING",
            "name": "IsVersionPinned",
            "namespace": "custom"
        },
        {
            "data_type": "CT_UTF8_STRING",
            "name": "Title",
            "namespace": "custom"
        },
        {
            "data_type": "CT_UTF8_STRING",
            "name": "ParentWorkspace",
            "namespace": "custom"
        },
        {
            "data_type": "CT_UTF8_STRING",
            "name": "BaseLanguage",
            "namespace": "custom"
        },
        {
            "data_type": "CT_INSTANT",
            "name": "LannedEndDate",
            "namespace": "custom"
        },
        {
            "data_type": "CT_UTF8_STRING",
            "name": "Alert",
            "namespace": "custom"
        },
        {
            "data_type": "CT_UTF8_STRING",
            "name": "ProcessId",
            "namespace": "custom"
        },
        {
            "data_type": "CT_UTF8_STRING",
            "name": "ProjectAddinIsTest",
            "namespace": "custom"
        },
        {
            "data_type": "CT_UTF8_STRING",
            "name": "ProjectAddinFollowOnPath",
            "namespace": "custom"
        },
        {
            "data_type": "CT_UTF8_STRING",
            "name": "ProjectAddinPlanTitleDefaultStringTranslation",
            "namespace": "custom"
        },
        {
            "data_type": "CT_UTF8_STRING",
            "name": "ProjectAddinPlanProcessId",
            "namespace": "custom"
        },
        {
            "data_type": "CT_UTF8_STRING",
            "name": "ProjectAddinPlanWorkspaceInternalId",
            "namespace": "custom"
        },
        {
            "data_type": "CT_UTF8_STRING",
            "name": "ProjectAddinIsSubproject",
            "namespace": "custom"
        },
        {
            "data_type": "CT_UTF8_STRING",
            "name": "ParentDocumentInternalId",
            "namespace": "custom"
        },
        {
            "data_type": "CT_UTF8_STRING",
            "name": "CurrencyUniqueName",
            "namespace": "custom"
        },
        {
            "data_type": "CT_UTF8_STRING",
            "name": "TemplateObjectInternalId",
            "namespace": "custom"
        },
        {
            "data_type": "CT_UTF8_STRING",
            "name": "BaseLanguageUniqueName",
            "namespace": "custom"
        }
    ],
    "id": "07a07974-6677-4853-9943-fb798639f9f3",
    "managed": true,
    "multi_link": false,
    "name": "SourcingRequest",
    "namespace": "custom",
    "relationships": [
        {
            "cardinality": "HAS_MANY",
            "name": "SourcingProject",
            "namespace": "custom",
            "target": {
                "mapped_by": "SourcingRequest",
                "mapped_by_namespace": "custom",
                "object_ref": {
                    "name": "Sourcingproject",
                    "namespace": "custom"
                }
            }
        },
        {
            "cardinality": "HAS_MANY",
            "name": "SourcingRequestHistory",
            "namespace": "custom",
            "target": {
                "mapped_by": "SourcingRequest",
                "mapped_by_namespace": "custom",
                "object_ref": {
                    "name": "SourcingRequestHistory",
                    "namespace": "custom"
                }
            }
        },
        {
            "cardinality": "HAS_MANY",
            "name": "ContractWorkspace",
            "namespace": "custom",
            "target": {
                "mapped_by": "SourcingRequest",
                "mapped_by_namespace": "custom",
                "object_ref": {
                    "name": "ContractWorkspace",
                    "namespace": "custom"
                }
            }
        },
        {
            "cardinality": "HAS_MANY",
            "name": "DocumentTask",
            "namespace": "custom",
            "target": {
                "mapped_by": "SourcingRequest",
                "mapped_by_namespace": "custom",
                "object_ref": {
                    "name": "DocumentTask",
                    "namespace": "custom"
                }
            }
        },
        {
            "cardinality": "HAS_MANY",
            "name": "RelationshipParentDocumentAriba",
            "namespace": "custom",
            "target": {
                "mapped_by": "SourcingRequest",
                "mapped_by_namespace": "custom",
                "object_ref": {
                    "name": "RelationshipParentDocumentAriba",
                    "namespace": "custom"
                }
            }
        },
        {
            "cardinality": "HAS_MANY",
            "name": "RelationshipSourcing",
            "namespace": "custom",
            "target": {
                "mapped_by": "SourcingRequest",
                "mapped_by_namespace": "custom",
                "object_ref": {
                    "name": "RelationshipSourcing",
                    "namespace": "custom"
                }
            }
        },
        {
            "cardinality": "HAS_MANY",
            "name": "Task",
            "namespace": "custom",
            "target": {
                "mapped_by": "SourcingRequest",
                "mapped_by_namespace": "custom",
                "object_ref": {
                    "name": "Task",
                    "namespace": "custom"
                }
            }
        }
    ],
    "tags": [
        "AccountsPayable"
    ]
}