{
    "categories": [],
    "change_date": 1736341685039.0,
    "changed_by": {
        "id": "2e501ed7-9bdf-4dd6-8328-d853f30e6a1b",
        "name": "c.demosthenous",
        "type_": "USER"
    },
    "color": "#4608B3",
    "created_by": {
        "id": "2e501ed7-9bdf-4dd6-8328-d853f30e6a1b",
        "name": "c.demosthenous",
        "type_": "USER"
    },
    "creation_date": 1736244710700.0,
    "description": "",
    "fields": [
        {
            "data_type": "CT_UTF8_STRING",
            "name": "ID",
            "namespace": "custom"
        }
    ],
    "id": "cf23e8b2-1b20-40a7-92e0-6e0a6a2c2c5a",
    "managed": true,
    "multi_link": false,
    "name": "RelationshipParentDocumentAriba",
    "namespace": "custom",
    "relationships": [
        {
            "cardinality": "HAS_MANY",
            "name": "ContractWorkspace",
            "namespace": "custom",
            "target": {
                "mapped_by": "RelationshipParentDocumentAriba",
                "mapped_by_namespace": "custom",
                "object_ref": {
                    "name": "ContractWorkspace",
                    "namespace": "custom"
                }
            }
        },
        {
            "cardinality": "HAS_MANY",
            "name": "SourcingProject",
            "namespace": "custom",
            "target": {
                "mapped_by": "RelationshipParentDocumentAriba",
                "mapped_by_namespace": "custom",
                "object_ref": {
                    "name": "Sourcingproject",
                    "namespace": "custom"
                }
            }
        },
        {
            "cardinality": "HAS_ONE",
            "name": "SourcingRequest",
            "namespace": "custom",
            "target": {
                "mapped_by": null,
                "mapped_by_namespace": null,
                "object_ref": {
                    "name": "SourcingRequest",
                    "namespace": "custom"
                }
            }
        }
    ],
    "tags": []
}