{
    "categories": [
        {
            "metadata": {
                "name": "Processes",
                "namespace": "celonis"
            },
            "values": [
                {
                    "name": "Procurement",
                    "namespace": "celonis"
                },
                {
                    "name": "AccountsPayable",
                    "namespace": "celonis"
                }
            ]
        }
    ],
    "change_date": 1727172986601.0,
    "changed_by": {
        "id": "cccccccc-cccc-cccc-cccc-cccccccccccc",
        "name": "Celonis",
        "type_": "APPLICATION"
    },
    "color": "#9F5A00",
    "created_by": {
        "id": "cccccccc-cccc-cccc-cccc-cccccccccccc",
        "name": "Celonis",
        "type_": "APPLICATION"
    },
    "creation_date": 1727172986601.0,
    "description": "A document that states a current organization's payment obligations to a vendor. The different entries are split into seperate VendorInvoiceItem entities.",
    "fields": [
        {
            "data_type": "CT_UTF8_STRING",
            "name": "ID",
            "namespace": "celonis"
        },
        {
            "data_type": "CT_INSTANT",
            "name": "CreationTime",
            "namespace": "celonis"
        },
        {
            "data_type": "CT_INSTANT",
            "name": "DeletionTime",
            "namespace": "celonis"
        },
        {
            "data_type": "CT_INSTANT",
            "name": "DocumentDate",
            "namespace": "celonis"
        },
        {
            "data_type": "CT_UTF8_STRING",
            "name": "CreationExecutionType",
            "namespace": "celonis"
        },
        {
            "data_type": "CT_UTF8_STRING",
            "name": "PaymentTerms",
            "namespace": "celonis"
        },
        {
            "data_type": "CT_UTF8_STRING",
            "name": "PaymentBlock",
            "namespace": "celonis"
        },
        {
            "data_type": "CT_UTF8_STRING",
            "name": "PaymentMethod",
            "namespace": "celonis"
        },
        {
            "data_type": "CT_INSTANT",
            "name": "BaseLineDate",
            "namespace": "celonis"
        },
        {
            "data_type": "CT_LONG",
            "name": "PaymentDays1",
            "namespace": "celonis"
        },
        {
            "data_type": "CT_LONG",
            "name": "PaymentDays2",
            "namespace": "celonis"
        },
        {
            "data_type": "CT_LONG",
            "name": "PaymentDays3",
            "namespace": "celonis"
        },
        {
            "data_type": "CT_DOUBLE",
            "name": "CashDiscountPercentage1",
            "namespace": "celonis"
        },
        {
            "data_type": "CT_DOUBLE",
            "name": "CashDiscountPercentage2",
            "namespace": "celonis"
        },
        {
            "data_type": "CT_UTF8_STRING",
            "name": "ItemText",
            "namespace": "celonis"
        },
        {
            "data_type": "CT_INSTANT",
            "name": "CashDiscountDueDate",
            "namespace": "celonis"
        },
        {
            "data_type": "CT_INSTANT",
            "name": "DueDate",
            "namespace": "celonis"
        },
        {
            "data_type": "CT_UTF8_STRING",
            "name": "SourceSystemType",
            "namespace": "celonis"
        },
        {
            "data_type": "CT_UTF8_STRING",
            "name": "SourceSystemInstance",
            "namespace": "celonis"
        },
        {
            "data_type": "CT_UTF8_STRING",
            "name": "SystemVendorInvoiceNumber",
            "namespace": "celonis"
        },
        {
            "data_type": "CT_UTF8_STRING",
            "name": "DatabaseVendorInvoiceNumber",
            "namespace": "celonis"
        },
        {
            "data_type": "CT_LONG",
            "name": "FiscalYear",
            "namespace": "celonis"
        }
    ],
    "id": "79acc687-5381-47ce-b3b0-fb0a6b157a36",
    "managed": true,
    "multi_link": false,
    "name": "VendorInvoice",
    "namespace": "celonis",
    "relationships": [
        {
            "cardinality": "HAS_ONE",
            "name": "CreatedBy",
            "namespace": "celonis",
            "target": {
                "mapped_by": null,
                "mapped_by_namespace": null,
                "object_ref": {
                    "name": "User",
                    "namespace": "celonis"
                }
            }
        },
        {
            "cardinality": "HAS_MANY",
            "name": "IncomingMaterialDocumentItems",
            "namespace": "celonis",
            "target": {
                "mapped_by": "VendorInvoice",
                "mapped_by_namespace": null,
                "object_ref": {
                    "name": "IncomingMaterialDocumentItem",
                    "namespace": "celonis"
                }
            }
        },
        {
            "cardinality": "HAS_MANY",
            "name": "Items",
            "namespace": "celonis",
            "target": {
                "mapped_by": "Header",
                "mapped_by_namespace": null,
                "object_ref": {
                    "name": "VendorInvoiceItem",
                    "namespace": "celonis"
                }
            }
        },
        {
            "cardinality": "HAS_ONE",
            "name": "Vendor",
            "namespace": "celonis",
            "target": {
                "mapped_by": null,
                "mapped_by_namespace": null,
                "object_ref": {
                    "name": "Vendor",
                    "namespace": "celonis"
                }
            }
        },
        {
            "cardinality": "HAS_MANY",
            "name": "VendorAccountCreditItems",
            "namespace": "celonis",
            "target": {
                "mapped_by": "VendorInvoice",
                "mapped_by_namespace": null,
                "object_ref": {
                    "name": "VendorAccountCreditItem",
                    "namespace": "celonis"
                }
            }
        },
        {
            "cardinality": "HAS_ONE",
            "name": "VendorMasterCompanyCode",
            "namespace": "celonis",
            "target": {
                "mapped_by": null,
                "mapped_by_namespace": null,
                "object_ref": {
                    "name": "VendorMasterCompanyCode",
                    "namespace": "celonis"
                }
            }
        }
    ],
    "tags": [
        "Procurement",
        "AccountsPayable"
    ]
}