{
    "categories": [
        {
            "metadata": {
                "name": "Processes",
                "namespace": "celonis"
            },
            "values": [
                {
                    "name": "AccountsPayable",
                    "namespace": "celonis"
                }
            ]
        }
    ],
    "change_date": 1736420933003.0,
    "changed_by": {
        "id": "2e501ed7-9bdf-4dd6-8328-d853f30e6a1b",
        "name": "c.demosthenous",
        "type_": "USER"
    },
    "color": "#0A18BB",
    "created_by": {
        "id": "2e501ed7-9bdf-4dd6-8328-d853f30e6a1b",
        "name": "c.demosthenous",
        "type_": "USER"
    },
    "creation_date": 1736244711362.0,
    "description": null,
    "fields": [
        {
            "data_type": "CT_UTF8_STRING",
            "name": "ID",
            "namespace": "custom"
        },
        {
            "data_type": "CT_UTF8_STRING",
            "name": "AlternativeId",
            "namespace": "custom"
        },
        {
            "data_type": "CT_UTF8_STRING",
            "name": "AlternativeStatus",
            "namespace": "custom"
        },
        {
            "data_type": "CT_LONG",
            "name": "SliceType",
            "namespace": "custom"
        },
        {
            "data_type": "CT_INSTANT",
            "name": "SavedDate",
            "namespace": "custom"
        },
        {
            "data_type": "CT_UTF8_STRING",
            "name": "SliceId",
            "namespace": "custom"
        },
        {
            "data_type": "CT_UTF8_STRING",
            "name": "IsEmailBid",
            "namespace": "custom"
        },
        {
            "data_type": "CT_INSTANT",
            "name": "SubmissionDate",
            "namespace": "custom"
        },
        {
            "data_type": "CT_UTF8_STRING",
            "name": "IsSurrogateBid",
            "namespace": "custom"
        },
        {
            "data_type": "CT_INSTANT",
            "name": "TimeUpdated",
            "namespace": "custom"
        },
        {
            "data_type": "CT_INSTANT",
            "name": "ProcessedDate",
            "namespace": "custom"
        },
        {
            "data_type": "CT_INSTANT",
            "name": "TimeCreated",
            "namespace": "custom"
        },
        {
            "data_type": "CT_UTF8_STRING",
            "name": "Active",
            "namespace": "custom"
        },
        {
            "data_type": "CT_UTF8_STRING",
            "name": "AlternativeType",
            "namespace": "custom"
        },
        {
            "data_type": "CT_UTF8_STRING",
            "name": "ContectDocumentReferenceUniqueName",
            "namespace": "custom"
        },
        {
            "data_type": "CT_UTF8_STRING",
            "name": "ContectDocumentReferenceDocumentMinorVersion",
            "namespace": "custom"
        },
        {
            "data_type": "CT_UTF8_STRING",
            "name": "ContectDocumentReferenceDocumentVersion",
            "namespace": "custom"
        },
        {
            "data_type": "CT_UTF8_STRING",
            "name": "ContectDocumentReferenceDocumentId",
            "namespace": "custom"
        }
    ],
    "id": "ec0e4ee4-4b90-41a4-99e9-18d0c189aea7",
    "managed": true,
    "multi_link": false,
    "name": "Bid",
    "namespace": "custom",
    "relationships": [
        {
            "cardinality": "HAS_ONE",
            "name": "RfxDocument",
            "namespace": "custom",
            "target": {
                "mapped_by": null,
                "mapped_by_namespace": null,
                "object_ref": {
                    "name": "RfxDocument",
                    "namespace": "custom"
                }
            }
        }
    ],
    "tags": [
        "AccountsPayable"
    ]
}