{
    "categories": [
        {
            "metadata": {
                "name": "Processes",
                "namespace": "celonis"
            },
            "values": [
                {
                    "name": "Procurement",
                    "namespace": "celonis"
                }
            ]
        }
    ],
    "change_date": 1737037686788.0,
    "changed_by": {
        "id": "2e501ed7-9bdf-4dd6-8328-d853f30e6a1b",
        "name": "c.demosthenous",
        "type_": "USER"
    },
    "color": "#8C0001",
    "created_by": {
        "id": "2e501ed7-9bdf-4dd6-8328-d853f30e6a1b",
        "name": "c.demosthenous",
        "type_": "USER"
    },
    "creation_date": 1736244709221.0,
    "description": "",
    "fields": [
        {
            "data_type": "CT_INSTANT",
            "name": "OrderedDate",
            "namespace": "custom"
        },
        {
            "data_type": "CT_INSTANT",
            "name": "ResubmitDate",
            "namespace": "custom"
        },
        {
            "data_type": "CT_UTF8_STRING",
            "name": "ERPRequisitionID",
            "namespace": "custom"
        },
        {
            "data_type": "CT_UTF8_STRING",
            "name": "UniqueName",
            "namespace": "custom"
        },
        {
            "data_type": "CT_UTF8_STRING",
            "name": "IsForecast",
            "namespace": "custom"
        },
        {
            "data_type": "CT_UTF8_STRING",
            "name": "IsServiceRequisition",
            "namespace": "custom"
        },
        {
            "data_type": "CT_UTF8_STRING",
            "name": "StatusString",
            "namespace": "custom"
        },
        {
            "data_type": "CT_INSTANT",
            "name": "TimeUpdated",
            "namespace": "custom"
        },
        {
            "data_type": "CT_UTF8_STRING",
            "name": "ApprovedState",
            "namespace": "custom"
        },
        {
            "data_type": "CT_INSTANT",
            "name": "CreateDate",
            "namespace": "custom"
        },
        {
            "data_type": "CT_UTF8_STRING",
            "name": "Name",
            "namespace": "custom"
        },
        {
            "data_type": "CT_UTF8_STRING",
            "name": "Version",
            "namespace": "custom"
        },
        {
            "data_type": "CT_INSTANT",
            "name": "ApprovedDate",
            "namespace": "custom"
        },
        {
            "data_type": "CT_UTF8_STRING",
            "name": "PreviousApprovalRequestsVersion",
            "namespace": "custom"
        },
        {
            "data_type": "CT_DOUBLE",
            "name": "NumberBilled",
            "namespace": "custom"
        },
        {
            "data_type": "CT_LONG",
            "name": "BudgetCheckStatus",
            "namespace": "custom"
        },
        {
            "data_type": "CT_UTF8_STRING",
            "name": "AreOrdersStuck",
            "namespace": "custom"
        },
        {
            "data_type": "CT_UTF8_STRING",
            "name": "PaymentTerms",
            "namespace": "custom"
        },
        {
            "data_type": "CT_LONG",
            "name": "ApprovalRequestsVersion",
            "namespace": "custom"
        },
        {
            "data_type": "CT_UTF8_STRING",
            "name": "InitialUniqueName",
            "namespace": "custom"
        },
        {
            "data_type": "CT_INSTANT",
            "name": "SubmitDate",
            "namespace": "custom"
        },
        {
            "data_type": "CT_INSTANT",
            "name": "LastModified",
            "namespace": "custom"
        },
        {
            "data_type": "CT_DOUBLE",
            "name": "NumberCleared",
            "namespace": "custom"
        },
        {
            "data_type": "CT_LONG",
            "name": "VersionNumber",
            "namespace": "custom"
        },
        {
            "data_type": "CT_UTF8_STRING",
            "name": "Type",
            "namespace": "custom"
        },
        {
            "data_type": "CT_UTF8_STRING",
            "name": "IsServiceOrder",
            "namespace": "custom"
        },
        {
            "data_type": "CT_LONG",
            "name": "SourcingStatus",
            "namespace": "custom"
        },
        {
            "data_type": "CT_UTF8_STRING",
            "name": "ReceivedState",
            "namespace": "custom"
        },
        {
            "data_type": "CT_UTF8_STRING",
            "name": "NumberReceivableOrders",
            "namespace": "custom"
        },
        {
            "data_type": "CT_INSTANT",
            "name": "TimeCreated",
            "namespace": "custom"
        },
        {
            "data_type": "CT_UTF8_STRING",
            "name": "Requester",
            "namespace": "custom"
        },
        {
            "data_type": "CT_UTF8_STRING",
            "name": "OrderedState",
            "namespace": "custom"
        },
        {
            "data_type": "CT_UTF8_STRING",
            "name": "Active",
            "namespace": "custom"
        },
        {
            "data_type": "CT_UTF8_STRING",
            "name": "PreviousVersion",
            "namespace": "custom"
        },
        {
            "data_type": "CT_UTF8_STRING",
            "name": "IsExternalReq",
            "namespace": "custom"
        },
        {
            "data_type": "CT_UTF8_STRING",
            "name": "Preparer",
            "namespace": "custom"
        },
        {
            "data_type": "CT_DOUBLE",
            "name": "TotalCostAmountInReportingCurrency",
            "namespace": "custom"
        },
        {
            "data_type": "CT_DOUBLE",
            "name": "TotalCostApproxAmountInBaseCurrency",
            "namespace": "custom"
        },
        {
            "data_type": "CT_DOUBLE",
            "name": "TotalCostAmount",
            "namespace": "custom"
        },
        {
            "data_type": "CT_INSTANT",
            "name": "TotalCostConversionDate",
            "namespace": "custom"
        },
        {
            "data_type": "CT_UTF8_STRING",
            "name": "TotalCostCurrencyUniqueName",
            "namespace": "custom"
        },
        {
            "data_type": "CT_UTF8_STRING",
            "name": "RequesterUniqueName",
            "namespace": "custom"
        },
        {
            "data_type": "CT_UTF8_STRING",
            "name": "ChangedByUniqueName",
            "namespace": "custom"
        },
        {
            "data_type": "CT_UTF8_STRING",
            "name": "RealTimeBudgetResponseUniqueName",
            "namespace": "custom"
        },
        {
            "data_type": "CT_UTF8_STRING",
            "name": "ProcurementUnitUniqueName",
            "namespace": "custom"
        },
        {
            "data_type": "CT_UTF8_STRING",
            "name": "ReportingCurrencyUniqueName",
            "namespace": "custom"
        },
        {
            "data_type": "CT_UTF8_STRING",
            "name": "PreviousVersionUniqueName",
            "namespace": "custom"
        },
        {
            "data_type": "CT_UTF8_STRING",
            "name": "PreparerUniqueName",
            "namespace": "custom"
        },
        {
            "data_type": "CT_UTF8_STRING",
            "name": "ID",
            "namespace": "custom"
        }
    ],
    "id": "0399c88d-67bc-48c1-884c-441654e81b43",
    "managed": true,
    "multi_link": false,
    "name": "Requisition",
    "namespace": "custom",
    "relationships": [
        {
            "cardinality": "HAS_MANY",
            "name": "RequisitionItem",
            "namespace": "custom",
            "target": {
                "mapped_by": "Requisition",
                "mapped_by_namespace": "custom",
                "object_ref": {
                    "name": "RequisitionItem",
                    "namespace": "custom"
                }
            }
        },
        {
            "cardinality": "HAS_MANY",
            "name": "RequisitionHistory",
            "namespace": "custom",
            "target": {
                "mapped_by": "Requisition",
                "mapped_by_namespace": "custom",
                "object_ref": {
                    "name": "RequisitionHistory",
                    "namespace": "custom"
                }
            }
        }
    ],
    "tags": [
        "Procurement"
    ]
}