{
    "categories": [
        {
            "metadata": {
                "name": "Processes",
                "namespace": "celonis"
            },
            "values": [
                {
                    "name": "Procurement",
                    "namespace": "celonis"
                }
            ]
        },
        {
            "metadata": {
                "name": "Metadata",
                "namespace": "celonis"
            },
            "values": [
                {
                    "name": "Helper",
                    "namespace": "celonis"
                }
            ]
        }
    ],
    "change_date": 1727172986281.0,
    "changed_by": {
        "id": "cccccccc-cccc-cccc-cccc-cccccccccccc",
        "name": "Celonis",
        "type_": "APPLICATION"
    },
    "color": "#00000D",
    "created_by": {
        "id": "cccccccc-cccc-cccc-cccc-cccccccccccc",
        "name": "Celonis",
        "type_": "APPLICATION"
    },
    "creation_date": 1727172986281.0,
    "description": "",
    "fields": [
        {
            "data_type": "CT_UTF8_STRING",
            "name": "ID",
            "namespace": "celonis"
        }
    ],
    "id": "73bb8b8b-3860-4b56-b0b0-52343cd27478",
    "managed": true,
    "multi_link": true,
    "name": "RelationshipContractItem",
    "namespace": "celonis",
    "relationships": [
        {
            "cardinality": "HAS_ONE",
            "name": "ContractItem",
            "namespace": "celonis",
            "target": {
                "mapped_by": null,
                "mapped_by_namespace": null,
                "object_ref": {
                    "name": "ContractItem",
                    "namespace": "celonis"
                }
            }
        },
        {
            "cardinality": "HAS_ONE",
            "name": "PurchaseOrderItem",
            "namespace": "celonis",
            "target": {
                "mapped_by": null,
                "mapped_by_namespace": null,
                "object_ref": {
                    "name": "PurchaseOrderItem",
                    "namespace": "celonis"
                }
            }
        },
        {
            "cardinality": "HAS_ONE",
            "name": "PurchaseRequisitionItem",
            "namespace": "celonis",
            "target": {
                "mapped_by": null,
                "mapped_by_namespace": null,
                "object_ref": {
                    "name": "PurchaseRequisitionItem",
                    "namespace": "celonis"
                }
            }
        }
    ],
    "tags": [
        "Helper",
        "Procurement"
    ]
}