{
    "categories": [
        {
            "metadata": {
                "name": "Processes",
                "namespace": "celonis"
            },
            "values": [
                {
                    "name": "OrderManagement",
                    "namespace": "celonis"
                },
                {
                    "name": "AccountsReceivable",
                    "namespace": "celonis"
                },
                {
                    "name": "InventoryManagement",
                    "namespace": "celonis"
                }
            ]
        }
    ],
    "change_date": 1727172986548.0,
    "changed_by": {
        "id": "cccccccc-cccc-cccc-cccc-cccccccccccc",
        "name": "Celonis",
        "type_": "APPLICATION"
    },
    "color": "#AF3CFF",
    "created_by": {
        "id": "cccccccc-cccc-cccc-cccc-cccccccccccc",
        "name": "Celonis",
        "type_": "APPLICATION"
    },
    "creation_date": 1727172986548.0,
    "description": "A line item level document detailing a specific piece of a sales order agreement.",
    "fields": [
        {
            "data_type": "CT_UTF8_STRING",
            "name": "ID",
            "namespace": "celonis"
        },
        {
            "data_type": "CT_INSTANT",
            "name": "CreationTime",
            "namespace": "celonis"
        },
        {
            "data_type": "CT_UTF8_STRING",
            "name": "CreationExecutionType",
            "namespace": "celonis"
        },
        {
            "data_type": "CT_DOUBLE",
            "name": "NetAmount",
            "namespace": "celonis"
        },
        {
            "data_type": "CT_UTF8_STRING",
            "name": "Currency",
            "namespace": "celonis"
        },
        {
            "data_type": "CT_DOUBLE",
            "name": "NetUnitPrice",
            "namespace": "celonis"
        },
        {
            "data_type": "CT_UTF8_STRING",
            "name": "RejectionReason",
            "namespace": "celonis"
        },
        {
            "data_type": "CT_UTF8_STRING",
            "name": "RejectionReasonText",
            "namespace": "celonis"
        },
        {
            "data_type": "CT_UTF8_STRING",
            "name": "ObjectNumber",
            "namespace": "celonis"
        },
        {
            "data_type": "CT_UTF8_STRING",
            "name": "BillingRelevance",
            "namespace": "celonis"
        },
        {
            "data_type": "CT_UTF8_STRING",
            "name": "ItemCategory",
            "namespace": "celonis"
        },
        {
            "data_type": "CT_UTF8_STRING",
            "name": "ItemCategoryText",
            "namespace": "celonis"
        },
        {
            "data_type": "CT_LONG",
            "name": "TransitDurationDays",
            "namespace": "celonis"
        },
        {
            "data_type": "CT_UTF8_STRING",
            "name": "SourceSystemType",
            "namespace": "celonis"
        },
        {
            "data_type": "CT_UTF8_STRING",
            "name": "SourceSystemInstance",
            "namespace": "celonis"
        },
        {
            "data_type": "CT_UTF8_STRING",
            "name": "SystemSalesOrderNumber",
            "namespace": "celonis"
        },
        {
            "data_type": "CT_UTF8_STRING",
            "name": "SystemSalesOrderItemNumber",
            "namespace": "celonis"
        },
        {
            "data_type": "CT_UTF8_STRING",
            "name": "DatabaseSalesOrderNumber",
            "namespace": "celonis"
        },
        {
            "data_type": "CT_UTF8_STRING",
            "name": "DatabaseSalesOrderItemNumber",
            "namespace": "celonis"
        },
        {
            "data_type": "CT_DOUBLE",
            "name": "GrossItemWeight",
            "namespace": "celonis"
        },
        {
            "data_type": "CT_UTF8_STRING",
            "name": "WeightUnit",
            "namespace": "celonis"
        },
        {
            "data_type": "CT_DOUBLE",
            "name": "NetItemWeight",
            "namespace": "celonis"
        },
        {
            "data_type": "CT_UTF8_STRING",
            "name": "ProcessingStatus",
            "namespace": "celonis"
        },
        {
            "data_type": "CT_DOUBLE",
            "name": "OrderedQuantity",
            "namespace": "celonis"
        },
        {
            "data_type": "CT_UTF8_STRING",
            "name": "QuantityUnit",
            "namespace": "celonis"
        },
        {
            "data_type": "CT_UTF8_STRING",
            "name": "ExternalMaterialNumber",
            "namespace": "celonis"
        }
    ],
    "id": "e27e9209-c90e-4354-a20c-6079a3471d57",
    "managed": true,
    "multi_link": false,
    "name": "SalesOrderItem",
    "namespace": "celonis",
    "relationships": [
        {
            "cardinality": "HAS_MANY",
            "name": "Blocks",
            "namespace": "celonis",
            "target": {
                "mapped_by": "SalesOrderItem",
                "mapped_by_namespace": null,
                "object_ref": {
                    "name": "SalesOrderItemBlock",
                    "namespace": "celonis"
                }
            }
        },
        {
            "cardinality": "HAS_ONE",
            "name": "CreatedBy",
            "namespace": "celonis",
            "target": {
                "mapped_by": null,
                "mapped_by_namespace": null,
                "object_ref": {
                    "name": "User",
                    "namespace": "celonis"
                }
            }
        },
        {
            "cardinality": "HAS_MANY",
            "name": "CustomerInvoiceItems",
            "namespace": "celonis",
            "target": {
                "mapped_by": "SalesOrderItem",
                "mapped_by_namespace": null,
                "object_ref": {
                    "name": "CustomerInvoiceItem",
                    "namespace": "celonis"
                }
            }
        },
        {
            "cardinality": "HAS_MANY",
            "name": "CustomerInvoiceMultiLinks",
            "namespace": "celonis",
            "target": {
                "mapped_by": "SalesOrderItem",
                "mapped_by_namespace": null,
                "object_ref": {
                    "name": "RelationshipCustomerInvoiceItem",
                    "namespace": "celonis"
                }
            }
        },
        {
            "cardinality": "HAS_MANY",
            "name": "DeliveryItems",
            "namespace": "celonis",
            "target": {
                "mapped_by": "SalesOrderItem",
                "mapped_by_namespace": null,
                "object_ref": {
                    "name": "DeliveryItem",
                    "namespace": "celonis"
                }
            }
        },
        {
            "cardinality": "HAS_ONE",
            "name": "Header",
            "namespace": "celonis",
            "target": {
                "mapped_by": null,
                "mapped_by_namespace": null,
                "object_ref": {
                    "name": "SalesOrder",
                    "namespace": "celonis"
                }
            }
        },
        {
            "cardinality": "HAS_ONE",
            "name": "Material",
            "namespace": "celonis",
            "target": {
                "mapped_by": null,
                "mapped_by_namespace": null,
                "object_ref": {
                    "name": "Material",
                    "namespace": "celonis"
                }
            }
        },
        {
            "cardinality": "HAS_ONE",
            "name": "MaterialMasterPlant",
            "namespace": "celonis",
            "target": {
                "mapped_by": null,
                "mapped_by_namespace": null,
                "object_ref": {
                    "name": "MaterialMasterPlant",
                    "namespace": "celonis"
                }
            }
        },
        {
            "cardinality": "HAS_MANY",
            "name": "OutgoingMaterialDocumentItems",
            "namespace": "celonis",
            "target": {
                "mapped_by": "SalesOrderItem",
                "mapped_by_namespace": null,
                "object_ref": {
                    "name": "OutgoingMaterialDocumentItem",
                    "namespace": "celonis"
                }
            }
        },
        {
            "cardinality": "HAS_ONE",
            "name": "Plant",
            "namespace": "celonis",
            "target": {
                "mapped_by": null,
                "mapped_by_namespace": null,
                "object_ref": {
                    "name": "Plant",
                    "namespace": "celonis"
                }
            }
        },
        {
            "cardinality": "HAS_ONE",
            "name": "QuotationItem",
            "namespace": "celonis",
            "target": {
                "mapped_by": null,
                "mapped_by_namespace": null,
                "object_ref": {
                    "name": "QuotationItem",
                    "namespace": "celonis"
                }
            }
        },
        {
            "cardinality": "HAS_MANY",
            "name": "ScheduleLines",
            "namespace": "celonis",
            "target": {
                "mapped_by": "SalesOrderItem",
                "mapped_by_namespace": null,
                "object_ref": {
                    "name": "SalesOrderScheduleLine",
                    "namespace": "celonis"
                }
            }
        }
    ],
    "tags": [
        "AccountsReceivable",
        "InventoryManagement",
        "OrderManagement"
    ]
}