{
    "categories": [],
    "change_date": 1736341684246.0,
    "changed_by": {
        "id": "2e501ed7-9bdf-4dd6-8328-d853f30e6a1b",
        "name": "c.demosthenous",
        "type_": "USER"
    },
    "color": "#0A18BB",
    "created_by": {
        "id": "2e501ed7-9bdf-4dd6-8328-d853f30e6a1b",
        "name": "c.demosthenous",
        "type_": "USER"
    },
    "creation_date": 1736244710014.0,
    "description": "",
    "fields": [
        {
            "data_type": "CT_UTF8_STRING",
            "name": "ID",
            "namespace": "custom"
        },
        {
            "data_type": "CT_UTF8_STRING",
            "name": "ExternalApprovalEnabled",
            "namespace": "custom"
        },
        {
            "data_type": "CT_UTF8_STRING",
            "name": "Description",
            "namespace": "custom"
        },
        {
            "data_type": "CT_UTF8_STRING",
            "name": "CommittedDueDate",
            "namespace": "custom"
        },
        {
            "data_type": "CT_INSTANT",
            "name": "TimeCreated",
            "namespace": "custom"
        },
        {
            "data_type": "CT_UTF8_STRING",
            "name": "Required",
            "namespace": "custom"
        },
        {
            "data_type": "CT_INSTANT",
            "name": "EndDateTime",
            "namespace": "custom"
        },
        {
            "data_type": "CT_UTF8_STRING",
            "name": "Approvers",
            "namespace": "custom"
        },
        {
            "data_type": "CT_UTF8_STRING",
            "name": "BoardingType",
            "namespace": "custom"
        },
        {
            "data_type": "CT_UTF8_STRING",
            "name": "RoundNumber",
            "namespace": "custom"
        },
        {
            "data_type": "CT_UTF8_STRING",
            "name": "ActiveApprovers",
            "namespace": "custom"
        },
        {
            "data_type": "CT_INSTANT",
            "name": "DueDate",
            "namespace": "custom"
        },
        {
            "data_type": "CT_UTF8_STRING",
            "name": "Status",
            "namespace": "custom"
        },
        {
            "data_type": "CT_UTF8_STRING",
            "name": "ApprovalRuleFlowType",
            "namespace": "custom"
        },
        {
            "data_type": "CT_UTF8_STRING",
            "name": "InternalId",
            "namespace": "custom"
        },
        {
            "data_type": "CT_UTF8_STRING",
            "name": "CreatedBy",
            "namespace": "custom"
        },
        {
            "data_type": "CT_UTF8_STRING",
            "name": "Observers",
            "namespace": "custom"
        },
        {
            "data_type": "CT_UTF8_STRING",
            "name": "Title",
            "namespace": "custom"
        },
        {
            "data_type": "CT_INSTANT",
            "name": "EndDate",
            "namespace": "custom"
        },
        {
            "data_type": "CT_UTF8_STRING",
            "name": "IsMilestone",
            "namespace": "custom"
        },
        {
            "data_type": "CT_INSTANT",
            "name": "TimeUpdated",
            "namespace": "custom"
        },
        {
            "data_type": "CT_INSTANT",
            "name": "BeginDate",
            "namespace": "custom"
        },
        {
            "data_type": "CT_UTF8_STRING",
            "name": "TaskApprovable",
            "namespace": "custom"
        },
        {
            "data_type": "CT_UTF8_STRING",
            "name": "Active",
            "namespace": "custom"
        },
        {
            "data_type": "CT_UTF8_STRING",
            "name": "Type",
            "namespace": "custom"
        },
        {
            "data_type": "CT_UTF8_STRING",
            "name": "Alert",
            "namespace": "custom"
        },
        {
            "data_type": "CT_UTF8_STRING",
            "name": "IsAutoComplete",
            "namespace": "custom"
        },
        {
            "data_type": "CT_UTF8_STRING",
            "name": "AltStatus",
            "namespace": "custom"
        },
        {
            "data_type": "CT_UTF8_STRING",
            "name": "OwnerUniqueName",
            "namespace": "custom"
        },
        {
            "data_type": "CT_UTF8_STRING",
            "name": "DescriptionDefaultStringTranslation",
            "namespace": "custom"
        },
        {
            "data_type": "CT_UTF8_STRING",
            "name": "CreatedByFirstName",
            "namespace": "custom"
        },
        {
            "data_type": "CT_UTF8_STRING",
            "name": "CreatedByPhone",
            "namespace": "custom"
        },
        {
            "data_type": "CT_UTF8_STRING",
            "name": "CreatedByLastName",
            "namespace": "custom"
        },
        {
            "data_type": "CT_UTF8_STRING",
            "name": "CreatedByFax",
            "namespace": "custom"
        },
        {
            "data_type": "CT_UTF8_STRING",
            "name": "CreatedByMiddleName",
            "namespace": "custom"
        },
        {
            "data_type": "CT_UTF8_STRING",
            "name": "CreatedByUniqueName",
            "namespace": "custom"
        },
        {
            "data_type": "CT_UTF8_STRING",
            "name": "CreatedByEmailAddress",
            "namespace": "custom"
        },
        {
            "data_type": "CT_UTF8_STRING",
            "name": "CreatedByName",
            "namespace": "custom"
        },
        {
            "data_type": "CT_UTF8_STRING",
            "name": "ParentPlanTitleDefaultStringTranslation",
            "namespace": "custom"
        },
        {
            "data_type": "CT_UTF8_STRING",
            "name": "ParentPlanUniqueId",
            "namespace": "custom"
        },
        {
            "data_type": "CT_UTF8_STRING",
            "name": "ParentPlanProcessId",
            "namespace": "custom"
        },
        {
            "data_type": "CT_UTF8_STRING",
            "name": "ParentPlanWorkspaceInternalId",
            "namespace": "custom"
        },
        {
            "data_type": "CT_UTF8_STRING",
            "name": "TitleDefaultStringTranslation",
            "namespace": "custom"
        },
        {
            "data_type": "CT_UTF8_STRING",
            "name": "TemplateObjectInternalId",
            "namespace": "custom"
        },
        {
            "data_type": "CT_UTF8_STRING",
            "name": "TaskApprovableApprovalRequestsLastModified",
            "namespace": "custom"
        },
        {
            "data_type": "CT_UTF8_STRING",
            "name": "TaskApprovableRequesterFirstName",
            "namespace": "custom"
        },
        {
            "data_type": "CT_UTF8_STRING",
            "name": "TaskApprovableRequesterPhone",
            "namespace": "custom"
        },
        {
            "data_type": "CT_UTF8_STRING",
            "name": "TaskApprovableRequesterLastName",
            "namespace": "custom"
        },
        {
            "data_type": "CT_UTF8_STRING",
            "name": "TaskApprovableRequesterFax",
            "namespace": "custom"
        },
        {
            "data_type": "CT_UTF8_STRING",
            "name": "TaskApprovableRequesterMiddleName",
            "namespace": "custom"
        },
        {
            "data_type": "CT_UTF8_STRING",
            "name": "TaskApprovableRequesterUniqueName",
            "namespace": "custom"
        },
        {
            "data_type": "CT_UTF8_STRING",
            "name": "TaskApprovableRequesterEmailAddress",
            "namespace": "custom"
        },
        {
            "data_type": "CT_UTF8_STRING",
            "name": "TaskApprovableRequesterName",
            "namespace": "custom"
        },
        {
            "data_type": "CT_UTF8_STRING",
            "name": "TaskApprovableType",
            "namespace": "custom"
        },
        {
            "data_type": "CT_UTF8_STRING",
            "name": "TaskApprovableStatusString",
            "namespace": "custom"
        },
        {
            "data_type": "CT_INSTANT",
            "name": "TaskApprovableApprovedDate",
            "namespace": "custom"
        },
        {
            "data_type": "CT_UTF8_STRING",
            "name": "TaskApprovableUniqueName",
            "namespace": "custom"
        },
        {
            "data_type": "CT_UTF8_STRING",
            "name": "TaskApprovablePreparerFirstName",
            "namespace": "custom"
        },
        {
            "data_type": "CT_UTF8_STRING",
            "name": "TaskApprovablePreparerPhone",
            "namespace": "custom"
        },
        {
            "data_type": "CT_UTF8_STRING",
            "name": "TaskApprovablePreparerLastName",
            "namespace": "custom"
        },
        {
            "data_type": "CT_UTF8_STRING",
            "name": "TaskApprovablePreparerFax",
            "namespace": "custom"
        },
        {
            "data_type": "CT_UTF8_STRING",
            "name": "TaskApprovablePreparerMiddleName",
            "namespace": "custom"
        },
        {
            "data_type": "CT_UTF8_STRING",
            "name": "TaskApprovablePreparerUniqueName",
            "namespace": "custom"
        },
        {
            "data_type": "CT_UTF8_STRING",
            "name": "TaskApprovablePreparerEmailAddress",
            "namespace": "custom"
        },
        {
            "data_type": "CT_UTF8_STRING",
            "name": "TaskApprovablePreparerName",
            "namespace": "custom"
        },
        {
            "data_type": "CT_UTF8_STRING",
            "name": "TaskApprovableName",
            "namespace": "custom"
        }
    ],
    "id": "00551a15-9cb3-438a-bb09-f5960296b64d",
    "managed": true,
    "multi_link": false,
    "name": "DocumentTask",
    "namespace": "custom",
    "relationships": [
        {
            "cardinality": "HAS_ONE",
            "name": "SourcingProject",
            "namespace": "custom",
            "target": {
                "mapped_by": null,
                "mapped_by_namespace": null,
                "object_ref": {
                    "name": "Sourcingproject",
                    "namespace": "custom"
                }
            }
        },
        {
            "cardinality": "HAS_ONE",
            "name": "SourcingRequest",
            "namespace": "custom",
            "target": {
                "mapped_by": null,
                "mapped_by_namespace": null,
                "object_ref": {
                    "name": "SourcingRequest",
                    "namespace": "custom"
                }
            }
        },
        {
            "cardinality": "HAS_ONE",
            "name": "ContractWorkspace",
            "namespace": "custom",
            "target": {
                "mapped_by": null,
                "mapped_by_namespace": null,
                "object_ref": {
                    "name": "ContractWorkspace",
                    "namespace": "custom"
                }
            }
        }
    ],
    "tags": []
}