{
    "categories": [
        {
            "metadata": {
                "name": "Processes",
                "namespace": "celonis"
            },
            "values": [
                {
                    "name": "AccountsReceivable",
                    "namespace": "celonis"
                }
            ]
        },
        {
            "metadata": {
                "name": "Metadata",
                "namespace": "celonis"
            },
            "values": [
                {
                    "name": "MasterData",
                    "namespace": "celonis"
                }
            ]
        }
    ],
    "change_date": 1727172986227.0,
    "changed_by": {
        "id": "cccccccc-cccc-cccc-cccc-cccccccccccc",
        "name": "Celonis",
        "type_": "APPLICATION"
    },
    "color": "#FC5147",
    "created_by": {
        "id": "cccccccc-cccc-cccc-cccc-cccccccccccc",
        "name": "Celonis",
        "type_": "APPLICATION"
    },
    "creation_date": 1727172986227.0,
    "description": "Contains master data for customers divided into credit control areas.",
    "fields": [
        {
            "data_type": "CT_UTF8_STRING",
            "name": "ID",
            "namespace": "celonis"
        },
        {
            "data_type": "CT_INSTANT",
            "name": "CreationTime",
            "namespace": "celonis"
        },
        {
            "data_type": "CT_DOUBLE",
            "name": "BaseLimitAmount",
            "namespace": "celonis"
        },
        {
            "data_type": "CT_INSTANT",
            "name": "CreditLimitLastReviewDate",
            "namespace": "celonis"
        },
        {
            "data_type": "CT_UTF8_STRING",
            "name": "RiskCategory",
            "namespace": "celonis"
        },
        {
            "data_type": "CT_UTF8_STRING",
            "name": "BlockIndicator",
            "namespace": "celonis"
        },
        {
            "data_type": "CT_INSTANT",
            "name": "LastChangeDate",
            "namespace": "celonis"
        },
        {
            "data_type": "CT_UTF8_STRING",
            "name": "LastChangedBy",
            "namespace": "celonis"
        },
        {
            "data_type": "CT_INSTANT",
            "name": "LastPaymentDate",
            "namespace": "celonis"
        },
        {
            "data_type": "CT_UTF8_STRING",
            "name": "BaseCurrency",
            "namespace": "celonis"
        },
        {
            "data_type": "CT_UTF8_STRING",
            "name": "OpenBillingCurrency",
            "namespace": "celonis"
        },
        {
            "data_type": "CT_UTF8_STRING",
            "name": "SourceSystemType",
            "namespace": "celonis"
        },
        {
            "data_type": "CT_UTF8_STRING",
            "name": "SourceSystemInstance",
            "namespace": "celonis"
        }
    ],
    "id": "ce26a8bf-da56-4a57-84db-21700188c396",
    "managed": true,
    "multi_link": false,
    "name": "CustomerMasterCreditManagement",
    "namespace": "celonis",
    "relationships": [
        {
            "cardinality": "HAS_ONE",
            "name": "Customer",
            "namespace": "celonis",
            "target": {
                "mapped_by": null,
                "mapped_by_namespace": null,
                "object_ref": {
                    "name": "Customer",
                    "namespace": "celonis"
                }
            }
        },
        {
            "cardinality": "HAS_MANY",
            "name": "SalesOrders",
            "namespace": "celonis",
            "target": {
                "mapped_by": "CreditManagement",
                "mapped_by_namespace": null,
                "object_ref": {
                    "name": "SalesOrder",
                    "namespace": "celonis"
                }
            }
        }
    ],
    "tags": [
        "MasterData",
        "AccountsReceivable"
    ]
}