{
    "categories": [
        {
            "metadata": {
                "name": "Processes",
                "namespace": "celonis"
            },
            "values": [
                {
                    "name": "Procurement",
                    "namespace": "celonis"
                },
                {
                    "name": "AccountsPayable",
                    "namespace": "celonis"
                }
            ]
        }
    ],
    "change_date": 1736244707283.0,
    "changed_by": {
        "id": "2e501ed7-9bdf-4dd6-8328-d853f30e6a1b",
        "name": "c.demosthenous",
        "type_": "USER"
    },
    "color": "#1E4ADF",
    "created_by": {
        "id": "cccccccc-cccc-cccc-cccc-cccccccccccc",
        "name": "Celonis",
        "type_": "APPLICATION"
    },
    "creation_date": 1727172986163.0,
    "description": null,
    "fields": [
        {
            "data_type": "CT_UTF8_STRING",
            "name": "ID",
            "namespace": "DuplicateInvoiceChecker"
        },
        {
            "data_type": "CT_INSTANT",
            "name": "CreationTime",
            "namespace": "DuplicateInvoiceChecker"
        },
        {
            "data_type": "CT_UTF8_STRING",
            "name": "Fingerprint",
            "namespace": "DuplicateInvoiceChecker"
        },
        {
            "data_type": "CT_UTF8_STRING",
            "name": "MatchPattern",
            "namespace": "DuplicateInvoiceChecker"
        },
        {
            "data_type": "CT_DOUBLE",
            "name": "MatchScore",
            "namespace": "DuplicateInvoiceChecker"
        },
        {
            "data_type": "CT_UTF8_STRING",
            "name": "ReversalStatus",
            "namespace": "DuplicateInvoiceChecker"
        },
        {
            "data_type": "CT_BOOLEAN",
            "name": "ReversedFlag",
            "namespace": "DuplicateInvoiceChecker"
        },
        {
            "data_type": "CT_BOOLEAN",
            "name": "UniqueDocFlag",
            "namespace": "DuplicateInvoiceChecker"
        },
        {
            "data_type": "CT_BOOLEAN",
            "name": "RecurringFlag",
            "namespace": "DuplicateInvoiceChecker"
        }
    ],
    "id": "00249ba6-d294-4b0a-9e7f-3de46cb1c944",
    "managed": true,
    "multi_link": false,
    "name": "DuplicateGroup",
    "namespace": "DuplicateInvoiceChecker",
    "relationships": [
        {
            "cardinality": "HAS_ONE",
            "name": "celonisVendorAccountCreditItem",
            "namespace": "custom",
            "target": {
                "mapped_by": null,
                "mapped_by_namespace": null,
                "object_ref": {
                    "name": "VendorAccountCreditItem",
                    "namespace": "celonis"
                }
            }
        },
        {
            "cardinality": "HAS_MANY",
            "name": "CheckedInvoices",
            "namespace": "DuplicateInvoiceChecker",
            "target": {
                "mapped_by": "DuplicateGroup",
                "mapped_by_namespace": null,
                "object_ref": {
                    "name": "CheckedInvoice",
                    "namespace": "DuplicateInvoiceChecker"
                }
            }
        }
    ],
    "tags": [
        "Procurement",
        "AccountsPayable"
    ]
}