{
    "categories": [],
    "change_date": 1736420933173.0,
    "changed_by": {
        "id": "2e501ed7-9bdf-4dd6-8328-d853f30e6a1b",
        "name": "c.demosthenous",
        "type_": "USER"
    },
    "color": "#1E4ADF",
    "created_by": {
        "id": "2e501ed7-9bdf-4dd6-8328-d853f30e6a1b",
        "name": "c.demosthenous",
        "type_": "USER"
    },
    "creation_date": 1736244711518.0,
    "description": "",
    "fields": [
        {
            "data_type": "CT_INSTANT",
            "name": "LastVersionTimeCreated",
            "namespace": "custom"
        },
        {
            "data_type": "CT_INSTANT",
            "name": "TimeCreated",
            "namespace": "custom"
        },
        {
            "data_type": "CT_UTF8_STRING",
            "name": "ID",
            "namespace": "custom"
        },
        {
            "data_type": "CT_UTF8_STRING",
            "name": "ExcludeChargesOnAvailableAmount",
            "namespace": "custom"
        },
        {
            "data_type": "CT_UTF8_STRING",
            "name": "IsAutoRelease",
            "namespace": "custom"
        },
        {
            "data_type": "CT_UTF8_STRING",
            "name": "CustomCatalogSearchConstraint",
            "namespace": "custom"
        },
        {
            "data_type": "CT_UTF8_STRING",
            "name": "Totalcost",
            "namespace": "custom"
        },
        {
            "data_type": "CT_UTF8_STRING",
            "name": "Currency",
            "namespace": "custom"
        },
        {
            "data_type": "CT_UTF8_STRING",
            "name": "CloseContractOnMaxLimit",
            "namespace": "custom"
        },
        {
            "data_type": "CT_UTF8_STRING",
            "name": "LimitType",
            "namespace": "custom"
        },
        {
            "data_type": "CT_UTF8_STRING",
            "name": "AmountAccepted",
            "namespace": "custom"
        },
        {
            "data_type": "CT_UTF8_STRING",
            "name": "AutoReleasePreparer",
            "namespace": "custom"
        },
        {
            "data_type": "CT_UTF8_STRING",
            "name": "ChangedBy",
            "namespace": "custom"
        },
        {
            "data_type": "CT_UTF8_STRING",
            "name": "GlobalReleaseFlag",
            "namespace": "custom"
        },
        {
            "data_type": "CT_UTF8_STRING",
            "name": "ProcurementUnit",
            "namespace": "custom"
        },
        {
            "data_type": "CT_UTF8_STRING",
            "name": "RestrictReleaseAccessFlag",
            "namespace": "custom"
        },
        {
            "data_type": "CT_UTF8_STRING",
            "name": "UniqueName",
            "namespace": "custom"
        },
        {
            "data_type": "CT_UTF8_STRING",
            "name": "ReportingCurrency",
            "namespace": "custom"
        },
        {
            "data_type": "CT_UTF8_STRING",
            "name": "AllowNonCatalogOnInvoice",
            "namespace": "custom"
        },
        {
            "data_type": "CT_UTF8_STRING",
            "name": "AmountCleared",
            "namespace": "custom"
        },
        {
            "data_type": "CT_UTF8_STRING",
            "name": "AllowInvoiceUnitPriceEditable",
            "namespace": "custom"
        },
        {
            "data_type": "CT_UTF8_STRING",
            "name": "AmountReconciled",
            "namespace": "custom"
        },
        {
            "data_type": "CT_UTF8_STRING",
            "name": "ParentAgreement",
            "namespace": "custom"
        },
        {
            "data_type": "CT_UTF8_STRING",
            "name": "StatusString",
            "namespace": "custom"
        },
        {
            "data_type": "CT_UTF8_STRING",
            "name": "IsInvoiceable",
            "namespace": "custom"
        },
        {
            "data_type": "CT_UTF8_STRING",
            "name": "IsBlanketPurchaseOrder",
            "namespace": "custom"
        },
        {
            "data_type": "CT_INSTANT",
            "name": "TimeUpdated",
            "namespace": "custom"
        },
        {
            "data_type": "CT_UTF8_STRING",
            "name": "MAClosedReason",
            "namespace": "custom"
        },
        {
            "data_type": "CT_UTF8_STRING",
            "name": "AvailableAmountNotificationPercent",
            "namespace": "custom"
        },
        {
            "data_type": "CT_UTF8_STRING",
            "name": "ApprovedState",
            "namespace": "custom"
        },
        {
            "data_type": "CT_UTF8_STRING",
            "name": "InvoicedState",
            "namespace": "custom"
        },
        {
            "data_type": "CT_UTF8_STRING",
            "name": "SupplierLocation",
            "namespace": "custom"
        },
        {
            "data_type": "CT_UTF8_STRING",
            "name": "CreateSubscription",
            "namespace": "custom"
        },
        {
            "data_type": "CT_INSTANT",
            "name": "CreateDate",
            "namespace": "custom"
        },
        {
            "data_type": "CT_UTF8_STRING",
            "name": "TermType",
            "namespace": "custom"
        },
        {
            "data_type": "CT_UTF8_STRING",
            "name": "Name",
            "namespace": "custom"
        },
        {
            "data_type": "CT_UTF8_STRING",
            "name": "Version",
            "namespace": "custom"
        },
        {
            "data_type": "CT_INSTANT",
            "name": "InvoicedDate",
            "namespace": "custom"
        },
        {
            "data_type": "CT_UTF8_STRING",
            "name": "MaxAmountTolerancePercent",
            "namespace": "custom"
        },
        {
            "data_type": "CT_INSTANT",
            "name": "ApprovedDate",
            "namespace": "custom"
        },
        {
            "data_type": "CT_UTF8_STRING",
            "name": "PreviousApprovalRequestsVersion",
            "namespace": "custom"
        },
        {
            "data_type": "CT_UTF8_STRING",
            "name": "MinAvailableAmountNotificationPercent",
            "namespace": "custom"
        },
        {
            "data_type": "CT_UTF8_STRING",
            "name": "IsReceivable",
            "namespace": "custom"
        },
        {
            "data_type": "CT_UTF8_STRING",
            "name": "ReleaseMinAmount",
            "namespace": "custom"
        },
        {
            "data_type": "CT_INSTANT",
            "name": "ReceivedDate",
            "namespace": "custom"
        },
        {
            "data_type": "CT_UTF8_STRING",
            "name": "IsHardReleaseMinAmount",
            "namespace": "custom"
        },
        {
            "data_type": "CT_UTF8_STRING",
            "name": "NextVersion",
            "namespace": "custom"
        },
        {
            "data_type": "CT_UTF8_STRING",
            "name": "ReleaseTolerancePercent",
            "namespace": "custom"
        },
        {
            "data_type": "CT_UTF8_STRING",
            "name": "NumberBilled",
            "namespace": "custom"
        },
        {
            "data_type": "CT_UTF8_STRING",
            "name": "MinAvailableAmountNotificationDays",
            "namespace": "custom"
        },
        {
            "data_type": "CT_UTF8_STRING",
            "name": "IsHardReleaseMaxAmount",
            "namespace": "custom"
        },
        {
            "data_type": "CT_UTF8_STRING",
            "name": "PaymentTerms",
            "namespace": "custom"
        },
        {
            "data_type": "CT_INSTANT",
            "name": "PercentageOfBalanceNotificationDate",
            "namespace": "custom"
        },
        {
            "data_type": "CT_UTF8_STRING",
            "name": "IsHardMaxAmount",
            "namespace": "custom"
        },
        {
            "data_type": "CT_UTF8_STRING",
            "name": "ExternalSourcingId",
            "namespace": "custom"
        },
        {
            "data_type": "CT_UTF8_STRING",
            "name": "GBQuoteRequestRef",
            "namespace": "custom"
        },
        {
            "data_type": "CT_UTF8_STRING",
            "name": "MinAmount",
            "namespace": "custom"
        },
        {
            "data_type": "CT_UTF8_STRING",
            "name": "AmountRejected",
            "namespace": "custom"
        },
        {
            "data_type": "CT_UTF8_STRING",
            "name": "ApprovalRequestsVersion",
            "namespace": "custom"
        },
        {
            "data_type": "CT_UTF8_STRING",
            "name": "LastReleaseNumber",
            "namespace": "custom"
        },
        {
            "data_type": "CT_UTF8_STRING",
            "name": "HideAmount",
            "namespace": "custom"
        },
        {
            "data_type": "CT_UTF8_STRING",
            "name": "Receipts",
            "namespace": "custom"
        },
        {
            "data_type": "CT_UTF8_STRING",
            "name": "CompanyCode",
            "namespace": "custom"
        },
        {
            "data_type": "CT_UTF8_STRING",
            "name": "InitialUniqueName",
            "namespace": "custom"
        },
        {
            "data_type": "CT_INSTANT",
            "name": "SubmitDate",
            "namespace": "custom"
        },
        {
            "data_type": "CT_UTF8_STRING",
            "name": "AllowReleaseAgainstClosedContract",
            "namespace": "custom"
        },
        {
            "data_type": "CT_INSTANT",
            "name": "LastModified",
            "namespace": "custom"
        },
        {
            "data_type": "CT_UTF8_STRING",
            "name": "AutoReleaseSuppressOrder",
            "namespace": "custom"
        },
        {
            "data_type": "CT_UTF8_STRING",
            "name": "ExcludeTaxesOnAvailableAmount",
            "namespace": "custom"
        },
        {
            "data_type": "CT_INSTANT",
            "name": "ExpirationNotificationDate",
            "namespace": "custom"
        },
        {
            "data_type": "CT_INSTANT",
            "name": "ResubmitDate",
            "namespace": "custom"
        },
        {
            "data_type": "CT_UTF8_STRING",
            "name": "NumberCleared",
            "namespace": "custom"
        },
        {
            "data_type": "CT_UTF8_STRING",
            "name": "PurchaseOrg",
            "namespace": "custom"
        },
        {
            "data_type": "CT_UTF8_STRING",
            "name": "ReleaseMaxAmount",
            "namespace": "custom"
        },
        {
            "data_type": "CT_INSTANT",
            "name": "MinLimitNotificationDate",
            "namespace": "custom"
        },
        {
            "data_type": "CT_UTF8_STRING",
            "name": "AmountBilled",
            "namespace": "custom"
        },
        {
            "data_type": "CT_UTF8_STRING",
            "name": "Description",
            "namespace": "custom"
        },
        {
            "data_type": "CT_UTF8_STRING",
            "name": "SubPreloadAmount",
            "namespace": "custom"
        },
        {
            "data_type": "CT_UTF8_STRING",
            "name": "NumberReceivableLineItems",
            "namespace": "custom"
        },
        {
            "data_type": "CT_UTF8_STRING",
            "name": "MaxAmount",
            "namespace": "custom"
        },
        {
            "data_type": "CT_UTF8_STRING",
            "name": "SourcingStatusString",
            "namespace": "custom"
        },
        {
            "data_type": "CT_INSTANT",
            "name": "MAClosedDate",
            "namespace": "custom"
        },
        {
            "data_type": "CT_UTF8_STRING",
            "name": "Supplier",
            "namespace": "custom"
        },
        {
            "data_type": "CT_UTF8_STRING",
            "name": "IsServiceHierarchyContract",
            "namespace": "custom"
        },
        {
            "data_type": "CT_UTF8_STRING",
            "name": "AmountInvoiced",
            "namespace": "custom"
        },
        {
            "data_type": "CT_UTF8_STRING",
            "name": "VersionNumber",
            "namespace": "custom"
        },
        {
            "data_type": "CT_UTF8_STRING",
            "name": "Type",
            "namespace": "custom"
        },
        {
            "data_type": "CT_INSTANT",
            "name": "Expirationdate",
            "namespace": "custom"
        },
        {
            "data_type": "CT_UTF8_STRING",
            "name": "IsCollaborationAllowed",
            "namespace": "custom"
        },
        {
            "data_type": "CT_UTF8_STRING",
            "name": "CatalogsVisibleFlag",
            "namespace": "custom"
        },
        {
            "data_type": "CT_UTF8_STRING",
            "name": "ReceivedState",
            "namespace": "custom"
        },
        {
            "data_type": "CT_UTF8_STRING",
            "name": "NumberReceivableOrders",
            "namespace": "custom"
        },
        {
            "data_type": "CT_UTF8_STRING",
            "name": "Requester",
            "namespace": "custom"
        },
        {
            "data_type": "CT_UTF8_STRING",
            "name": "DefaultRequesterOnInvoiceFromContract",
            "namespace": "custom"
        },
        {
            "data_type": "CT_UTF8_STRING",
            "name": "AllowSupplierEditInvoiceAccounting",
            "namespace": "custom"
        },
        {
            "data_type": "CT_UTF8_STRING",
            "name": "HideUnitPrice",
            "namespace": "custom"
        },
        {
            "data_type": "CT_UTF8_STRING",
            "name": "OrderedState",
            "namespace": "custom"
        },
        {
            "data_type": "CT_UTF8_STRING",
            "name": "NotificationRecurringDays",
            "namespace": "custom"
        },
        {
            "data_type": "CT_UTF8_STRING",
            "name": "IsNonCatalogItemsAccumulated",
            "namespace": "custom"
        },
        {
            "data_type": "CT_UTF8_STRING",
            "name": "MAState",
            "namespace": "custom"
        },
        {
            "data_type": "CT_UTF8_STRING",
            "name": "Active",
            "namespace": "custom"
        },
        {
            "data_type": "CT_UTF8_STRING",
            "name": "ApplySupAndCommTermsToNonCatalogItems",
            "namespace": "custom"
        },
        {
            "data_type": "CT_UTF8_STRING",
            "name": "HierarchicalType",
            "namespace": "custom"
        },
        {
            "data_type": "CT_INSTANT",
            "name": "OrderedDate",
            "namespace": "custom"
        },
        {
            "data_type": "CT_UTF8_STRING",
            "name": "ExternalID",
            "namespace": "custom"
        },
        {
            "data_type": "CT_UTF8_STRING",
            "name": "NotificationDays",
            "namespace": "custom"
        },
        {
            "data_type": "CT_UTF8_STRING",
            "name": "ReleaseType",
            "namespace": "custom"
        },
        {
            "data_type": "CT_UTF8_STRING",
            "name": "SubAgreements",
            "namespace": "custom"
        },
        {
            "data_type": "CT_UTF8_STRING",
            "name": "PreviousVersion",
            "namespace": "custom"
        },
        {
            "data_type": "CT_UTF8_STRING",
            "name": "IncludeSubAgreementAccumulators",
            "namespace": "custom"
        },
        {
            "data_type": "CT_UTF8_STRING",
            "name": "PreloadAmount",
            "namespace": "custom"
        },
        {
            "data_type": "CT_INSTANT",
            "name": "MAOpenDate",
            "namespace": "custom"
        },
        {
            "data_type": "CT_UTF8_STRING",
            "name": "Evergreen",
            "namespace": "custom"
        },
        {
            "data_type": "CT_UTF8_STRING",
            "name": "Preparer",
            "namespace": "custom"
        },
        {
            "data_type": "CT_INSTANT",
            "name": "EffectiveDate",
            "namespace": "custom"
        },
        {
            "data_type": "CT_UTF8_STRING",
            "name": "TotalcostAmountInReportingCurrency",
            "namespace": "custom"
        },
        {
            "data_type": "CT_UTF8_STRING",
            "name": "TotalCostApproxAmountInBaseCurrency",
            "namespace": "custom"
        },
        {
            "data_type": "CT_UTF8_STRING",
            "name": "TotalCostAmount",
            "namespace": "custom"
        },
        {
            "data_type": "CT_INSTANT",
            "name": "ConversionDate",
            "namespace": "custom"
        },
        {
            "data_type": "CT_UTF8_STRING",
            "name": "TotalCostCurrencyUniqueName",
            "namespace": "custom"
        },
        {
            "data_type": "CT_UTF8_STRING",
            "name": "CurrencyUniqueName",
            "namespace": "custom"
        },
        {
            "data_type": "CT_UTF8_STRING",
            "name": "AmountAcceptedAmountInReportingCurrency",
            "namespace": "custom"
        },
        {
            "data_type": "CT_UTF8_STRING",
            "name": "AmountAcceptedApproxAmountInBaseCurrency",
            "namespace": "custom"
        },
        {
            "data_type": "CT_UTF8_STRING",
            "name": "AmountAcceptedAmount",
            "namespace": "custom"
        },
        {
            "data_type": "CT_INSTANT",
            "name": "AmountAcceptedConversionDate",
            "namespace": "custom"
        },
        {
            "data_type": "CT_UTF8_STRING",
            "name": "AmountAcceptedCurrencyUniqueName",
            "namespace": "custom"
        },
        {
            "data_type": "CT_UTF8_STRING",
            "name": "AutoReleasePreparerUniqueName",
            "namespace": "custom"
        },
        {
            "data_type": "CT_UTF8_STRING",
            "name": "ChangedByUniqueName",
            "namespace": "custom"
        },
        {
            "data_type": "CT_UTF8_STRING",
            "name": "PurchaseOrgUniqueName",
            "namespace": "custom"
        },
        {
            "data_type": "CT_UTF8_STRING",
            "name": "ReleaseMaxAmountAmountInReportingCurrency",
            "namespace": "custom"
        },
        {
            "data_type": "CT_UTF8_STRING",
            "name": "ReleaseMaxAmountApproxAmountInBaseCurrency",
            "namespace": "custom"
        },
        {
            "data_type": "CT_UTF8_STRING",
            "name": "ReleaseMaxAmountAmount",
            "namespace": "custom"
        },
        {
            "data_type": "CT_INSTANT",
            "name": "ReleaseMaxAmountConversionDate",
            "namespace": "custom"
        },
        {
            "data_type": "CT_UTF8_STRING",
            "name": "ReleaseMaxAmountCurrencyUniqueName",
            "namespace": "custom"
        },
        {
            "data_type": "CT_UTF8_STRING",
            "name": "ProcurementUnitUniqueName",
            "namespace": "custom"
        },
        {
            "data_type": "CT_UTF8_STRING",
            "name": "AmountBilledAmountInReportingCurrency",
            "namespace": "custom"
        },
        {
            "data_type": "CT_UTF8_STRING",
            "name": "AmountBilledApproxAmountInBaseCurrency",
            "namespace": "custom"
        },
        {
            "data_type": "CT_UTF8_STRING",
            "name": "AmountBilledAmount",
            "namespace": "custom"
        },
        {
            "data_type": "CT_INSTANT",
            "name": "AmountBilledConversionDate",
            "namespace": "custom"
        },
        {
            "data_type": "CT_UTF8_STRING",
            "name": "AmountBilledCurrencyUniqueName",
            "namespace": "custom"
        },
        {
            "data_type": "CT_UTF8_STRING",
            "name": "ReportingCurrencyUniqueName",
            "namespace": "custom"
        },
        {
            "data_type": "CT_UTF8_STRING",
            "name": "ParentAgreementUniqueName",
            "namespace": "custom"
        },
        {
            "data_type": "CT_UTF8_STRING",
            "name": "SupplierUniqueName",
            "namespace": "custom"
        },
        {
            "data_type": "CT_UTF8_STRING",
            "name": "SupplierName",
            "namespace": "custom"
        },
        {
            "data_type": "CT_UTF8_STRING",
            "name": "SupplierLocationState",
            "namespace": "custom"
        },
        {
            "data_type": "CT_UTF8_STRING",
            "name": "SupplierLocationPhone",
            "namespace": "custom"
        },
        {
            "data_type": "CT_UTF8_STRING",
            "name": "SupplierLocationCountryUniqueName",
            "namespace": "custom"
        },
        {
            "data_type": "CT_UTF8_STRING",
            "name": "SupplierLocationPostalCode",
            "namespace": "custom"
        },
        {
            "data_type": "CT_UTF8_STRING",
            "name": "SupplierLocationCity",
            "namespace": "custom"
        },
        {
            "data_type": "CT_UTF8_STRING",
            "name": "SupplierLocationFax",
            "namespace": "custom"
        },
        {
            "data_type": "CT_UTF8_STRING",
            "name": "SupplierLocationUniqueName",
            "namespace": "custom"
        },
        {
            "data_type": "CT_UTF8_STRING",
            "name": "SupplierLocationName",
            "namespace": "custom"
        },
        {
            "data_type": "CT_UTF8_STRING",
            "name": "SupplierLocationLines",
            "namespace": "custom"
        },
        {
            "data_type": "CT_UTF8_STRING",
            "name": "RequesterUniqueName",
            "namespace": "custom"
        },
        {
            "data_type": "CT_UTF8_STRING",
            "name": "ReleaseMinAmountAmountInReportingCurrency",
            "namespace": "custom"
        },
        {
            "data_type": "CT_UTF8_STRING",
            "name": "ReleaseMinAmountApproxAmountInBaseCurrency",
            "namespace": "custom"
        },
        {
            "data_type": "CT_UTF8_STRING",
            "name": "ReleaseMinAmountAmount",
            "namespace": "custom"
        },
        {
            "data_type": "CT_INSTANT",
            "name": "ReleaseMinAmountConversionDate",
            "namespace": "custom"
        },
        {
            "data_type": "CT_UTF8_STRING",
            "name": "ReleaseMinAmountCurrencyUniqueName",
            "namespace": "custom"
        },
        {
            "data_type": "CT_UTF8_STRING",
            "name": "NextVersionUniqueName",
            "namespace": "custom"
        },
        {
            "data_type": "CT_UTF8_STRING",
            "name": "ForecastedSpendAmountinReportingCurrency",
            "namespace": "custom"
        },
        {
            "data_type": "CT_UTF8_STRING",
            "name": "ForecastedSpendApproxamountinbasecurrency",
            "namespace": "custom"
        },
        {
            "data_type": "CT_UTF8_STRING",
            "name": "ForecastedspendTotalamountAmount",
            "namespace": "custom"
        },
        {
            "data_type": "CT_INSTANT",
            "name": "ForecastedspendTotalamountConversiondate",
            "namespace": "custom"
        },
        {
            "data_type": "CT_UTF8_STRING",
            "name": "ForecastedspendTotalamountCurrencyUniquename",
            "namespace": "custom"
        },
        {
            "data_type": "CT_UTF8_STRING",
            "name": "PaymenttermsUniquename",
            "namespace": "custom"
        },
        {
            "data_type": "CT_UTF8_STRING",
            "name": "PreviousVersionUniquename",
            "namespace": "custom"
        },
        {
            "data_type": "CT_UTF8_STRING",
            "name": "PreparerUniqueName",
            "namespace": "custom"
        },
        {
            "data_type": "CT_UTF8_STRING",
            "name": "CompanyCodeUniqueName",
            "namespace": "custom"
        }
    ],
    "id": "f8e91353-aebe-44d1-9a00-37e0e5fe281f",
    "managed": true,
    "multi_link": false,
    "name": "OperationalContract",
    "namespace": "custom",
    "relationships": [
        {
            "cardinality": "HAS_MANY",
            "name": "RequisitionItem",
            "namespace": "custom",
            "target": {
                "mapped_by": "OperationalContract",
                "mapped_by_namespace": "custom",
                "object_ref": {
                    "name": "RequisitionItem",
                    "namespace": "custom"
                }
            }
        },
        {
            "cardinality": "HAS_MANY",
            "name": "OperationalContractHistory",
            "namespace": "custom",
            "target": {
                "mapped_by": "OperationalContract",
                "mapped_by_namespace": "custom",
                "object_ref": {
                    "name": "OperationalContractHistory",
                    "namespace": "custom"
                }
            }
        },
        {
            "cardinality": "HAS_MANY",
            "name": "OperationalContractLineItem",
            "namespace": "custom",
            "target": {
                "mapped_by": "OperationalContract",
                "mapped_by_namespace": "custom",
                "object_ref": {
                    "name": "OperationalContractLineItem",
                    "namespace": "custom"
                }
            }
        },
        {
            "cardinality": "HAS_ONE",
            "name": "ContractWorkspace",
            "namespace": "custom",
            "target": {
                "mapped_by": null,
                "mapped_by_namespace": null,
                "object_ref": {
                    "name": "ContractWorkspace",
                    "namespace": "custom"
                }
            }
        },
        {
            "cardinality": "HAS_ONE",
            "name": "Contract",
            "namespace": "custom",
            "target": {
                "mapped_by": null,
                "mapped_by_namespace": null,
                "object_ref": {
                    "name": "Contract",
                    "namespace": "celonis"
                }
            }
        }
    ],
    "tags": []
}