{
    "categories": [],
    "change_date": 1736420933256.0,
    "changed_by": {
        "id": "2e501ed7-9bdf-4dd6-8328-d853f30e6a1b",
        "name": "c.demosthenous",
        "type_": "USER"
    },
    "color": "#0A18BB",
    "created_by": {
        "id": "2e501ed7-9bdf-4dd6-8328-d853f30e6a1b",
        "name": "c.demosthenous",
        "type_": "USER"
    },
    "creation_date": 1736244711598.0,
    "description": "",
    "fields": [
        {
            "data_type": "CT_UTF8_STRING",
            "name": "EventStateText",
            "namespace": "custom"
        },
        {
            "data_type": "CT_UTF8_STRING",
            "name": "EventTypeText",
            "namespace": "custom"
        },
        {
            "data_type": "CT_UTF8_STRING",
            "name": "ID",
            "namespace": "custom"
        },
        {
            "data_type": "CT_UTF8_STRING",
            "name": "InternalId",
            "namespace": "custom"
        },
        {
            "data_type": "CT_LONG",
            "name": "EventType",
            "namespace": "custom"
        },
        {
            "data_type": "CT_INSTANT",
            "name": "LastModified",
            "namespace": "custom"
        },
        {
            "data_type": "CT_INSTANT",
            "name": "TimeCreated",
            "namespace": "custom"
        },
        {
            "data_type": "CT_UTF8_STRING",
            "name": "Status",
            "namespace": "custom"
        },
        {
            "data_type": "CT_UTF8_STRING",
            "name": "IsPublishRequired",
            "namespace": "custom"
        },
        {
            "data_type": "CT_UTF8_STRING",
            "name": "Active",
            "namespace": "custom"
        },
        {
            "data_type": "CT_UTF8_STRING",
            "name": "Description",
            "namespace": "custom"
        },
        {
            "data_type": "CT_UTF8_STRING",
            "name": "DocumentVersion",
            "namespace": "custom"
        },
        {
            "data_type": "CT_UTF8_STRING",
            "name": "EventState",
            "namespace": "custom"
        },
        {
            "data_type": "CT_UTF8_STRING",
            "name": "IsVersionPinned",
            "namespace": "custom"
        },
        {
            "data_type": "CT_UTF8_STRING",
            "name": "Title",
            "namespace": "custom"
        },
        {
            "data_type": "CT_INSTANT",
            "name": "TimeUpdated",
            "namespace": "custom"
        },
        {
            "data_type": "CT_UTF8_STRING",
            "name": "IsTest",
            "namespace": "custom"
        },
        {
            "data_type": "CT_UTF8_STRING",
            "name": "TitleDefaultStringTranslation",
            "namespace": "custom"
        },
        {
            "data_type": "CT_UTF8_STRING",
            "name": "TemplateObjectInternalId",
            "namespace": "custom"
        },
        {
            "data_type": "CT_UTF8_STRING",
            "name": "ParentWorkspaceInternalId",
            "namespace": "custom"
        },
        {
            "data_type": "CT_UTF8_STRING",
            "name": "ContentItemId",
            "namespace": "custom"
        }
    ],
    "id": "c4dd9d87-ddf7-431b-b2ae-28abc5dae493",
    "managed": true,
    "multi_link": false,
    "name": "RfxDocument",
    "namespace": "custom",
    "relationships": [
        {
            "cardinality": "HAS_MANY",
            "name": "AuditEntry",
            "namespace": "custom",
            "target": {
                "mapped_by": "RfxDocument",
                "mapped_by_namespace": "custom",
                "object_ref": {
                    "name": "AuditEntry",
                    "namespace": "custom"
                }
            }
        },
        {
            "cardinality": "HAS_MANY",
            "name": "Bid",
            "namespace": "custom",
            "target": {
                "mapped_by": "RfxDocument",
                "mapped_by_namespace": "custom",
                "object_ref": {
                    "name": "Bid",
                    "namespace": "custom"
                }
            }
        },
        {
            "cardinality": "HAS_MANY",
            "name": "SourcingScenario",
            "namespace": "custom",
            "target": {
                "mapped_by": "RfxDocument",
                "mapped_by_namespace": "custom",
                "object_ref": {
                    "name": "SourcingScenario",
                    "namespace": "custom"
                }
            }
        },
        {
            "cardinality": "HAS_MANY",
            "name": "RFXItem",
            "namespace": "custom",
            "target": {
                "mapped_by": "RfxDocument",
                "mapped_by_namespace": "custom",
                "object_ref": {
                    "name": "RFXItem",
                    "namespace": "custom"
                }
            }
        },
        {
            "cardinality": "HAS_ONE",
            "name": "SourcingProject",
            "namespace": "custom",
            "target": {
                "mapped_by": null,
                "mapped_by_namespace": null,
                "object_ref": {
                    "name": "Sourcingproject",
                    "namespace": "custom"
                }
            }
        }
    ],
    "tags": []
}