{
    "categories": [
        {
            "metadata": {
                "name": "Processes",
                "namespace": "celonis"
            },
            "values": [
                {
                    "name": "InventoryManagement",
                    "namespace": "celonis"
                }
            ]
        }
    ],
    "change_date": 1727172986319.0,
    "changed_by": {
        "id": "cccccccc-cccc-cccc-cccc-cccccccccccc",
        "name": "Celonis",
        "type_": "APPLICATION"
    },
    "color": "#03835D",
    "created_by": {
        "id": "cccccccc-cccc-cccc-cccc-cccccccccccc",
        "name": "Celonis",
        "type_": "APPLICATION"
    },
    "creation_date": 1727172986319.0,
    "description": "A document detailing the value and quantity of materials of a given plant or inventory unit.",
    "fields": [
        {
            "data_type": "CT_UTF8_STRING",
            "name": "ID",
            "namespace": "celonis"
        },
        {
            "data_type": "CT_INSTANT",
            "name": "CurrentPeriod",
            "namespace": "celonis"
        },
        {
            "data_type": "CT_UTF8_STRING",
            "name": "AddedPeriod",
            "namespace": "celonis"
        },
        {
            "data_type": "CT_DOUBLE",
            "name": "BaseTotalValuatedStockQuantity",
            "namespace": "celonis"
        },
        {
            "data_type": "CT_DOUBLE",
            "name": "BaseTotalValuatedStockAmount",
            "namespace": "celonis"
        },
        {
            "data_type": "CT_DOUBLE",
            "name": "UnitPrice",
            "namespace": "celonis"
        },
        {
            "data_type": "CT_UTF8_STRING",
            "name": "BaseCurrency",
            "namespace": "celonis"
        },
        {
            "data_type": "CT_UTF8_STRING",
            "name": "QuantityUnit",
            "namespace": "celonis"
        },
        {
            "data_type": "CT_DOUBLE",
            "name": "ConsumptionQuantity",
            "namespace": "celonis"
        },
        {
            "data_type": "CT_DOUBLE",
            "name": "ReplenishmentQuantity",
            "namespace": "celonis"
        },
        {
            "data_type": "CT_UTF8_STRING",
            "name": "SourceSystemType",
            "namespace": "celonis"
        },
        {
            "data_type": "CT_UTF8_STRING",
            "name": "SourceSystemInstance",
            "namespace": "celonis"
        }
    ],
    "id": "6215bf94-cf6f-474b-8149-12c1d8c56088",
    "managed": true,
    "multi_link": false,
    "name": "StockHistory",
    "namespace": "celonis",
    "relationships": [
        {
            "cardinality": "HAS_ONE",
            "name": "Material",
            "namespace": "celonis",
            "target": {
                "mapped_by": null,
                "mapped_by_namespace": null,
                "object_ref": {
                    "name": "Material",
                    "namespace": "celonis"
                }
            }
        },
        {
            "cardinality": "HAS_ONE",
            "name": "MaterialMasterPlant",
            "namespace": "celonis",
            "target": {
                "mapped_by": null,
                "mapped_by_namespace": null,
                "object_ref": {
                    "name": "MaterialMasterPlant",
                    "namespace": "celonis"
                }
            }
        },
        {
            "cardinality": "HAS_ONE",
            "name": "Plant",
            "namespace": "celonis",
            "target": {
                "mapped_by": null,
                "mapped_by_namespace": null,
                "object_ref": {
                    "name": "Plant",
                    "namespace": "celonis"
                }
            }
        }
    ],
    "tags": [
        "InventoryManagement"
    ]
}