{
    "categories": [],
    "change_date": 1736341684769.0,
    "changed_by": {
        "id": "2e501ed7-9bdf-4dd6-8328-d853f30e6a1b",
        "name": "c.demosthenous",
        "type_": "USER"
    },
    "color": "#0A18BB",
    "created_by": {
        "id": "2e501ed7-9bdf-4dd6-8328-d853f30e6a1b",
        "name": "c.demosthenous",
        "type_": "USER"
    },
    "creation_date": 1736244710528.0,
    "description": null,
    "fields": [
        {
            "data_type": "CT_UTF8_STRING",
            "name": "ID",
            "namespace": "custom"
        },
        {
            "data_type": "CT_DOUBLE",
            "name": "MaxReleaseAmount",
            "namespace": "custom"
        },
        {
            "data_type": "CT_DOUBLE",
            "name": "HideAmount",
            "namespace": "custom"
        },
        {
            "data_type": "CT_UTF8_STRING",
            "name": "DescriptionConversionFactor",
            "namespace": "custom"
        },
        {
            "data_type": "CT_UTF8_STRING",
            "name": "DescriptionItemNumber",
            "namespace": "custom"
        },
        {
            "data_type": "CT_DOUBLE",
            "name": "UnitPriceTolerancePercent",
            "namespace": "custom"
        },
        {
            "data_type": "CT_UTF8_STRING",
            "name": "NumberInCollection",
            "namespace": "custom"
        },
        {
            "data_type": "CT_UTF8_STRING",
            "name": "MilestoneNotificationList",
            "namespace": "custom"
        },
        {
            "data_type": "CT_UTF8_STRING",
            "name": "CompoundPricingTerms",
            "namespace": "custom"
        },
        {
            "data_type": "CT_UTF8_STRING",
            "name": "ApplyToSourcedItems",
            "namespace": "custom"
        },
        {
            "data_type": "CT_UTF8_STRING",
            "name": "PurchaseOrg",
            "namespace": "custom"
        },
        {
            "data_type": "CT_UTF8_STRING",
            "name": "cusItemCode",
            "namespace": "custom"
        },
        {
            "data_type": "CT_UTF8_STRING",
            "name": "DescriptionCommonCommodityCode",
            "namespace": "custom"
        },
        {
            "data_type": "CT_UTF8_STRING",
            "name": "Carrier",
            "namespace": "custom"
        },
        {
            "data_type": "CT_UTF8_STRING",
            "name": "BillingAddress",
            "namespace": "custom"
        },
        {
            "data_type": "CT_UTF8_STRING",
            "name": "TaxDetailExemptDetail",
            "namespace": "custom"
        },
        {
            "data_type": "CT_DOUBLE",
            "name": "OriginalPrice",
            "namespace": "custom"
        },
        {
            "data_type": "CT_UTF8_STRING",
            "name": "IsAdHoc",
            "namespace": "custom"
        },
        {
            "data_type": "CT_UTF8_STRING",
            "name": "DescriptionPriceBasisQuantityDesc",
            "namespace": "custom"
        },
        {
            "data_type": "CT_UTF8_STRING",
            "name": "TaxCode",
            "namespace": "custom"
        },
        {
            "data_type": "CT_UTF8_STRING",
            "name": "KitInstanceId",
            "namespace": "custom"
        },
        {
            "data_type": "CT_UTF8_STRING",
            "name": "MilestoneNotificationDays",
            "namespace": "custom"
        },
        {
            "data_type": "CT_UTF8_STRING",
            "name": "RespectAutoReceiving",
            "namespace": "custom"
        },
        {
            "data_type": "CT_UTF8_STRING",
            "name": "ReleaseQuantity",
            "namespace": "custom"
        },
        {
            "data_type": "CT_UTF8_STRING",
            "name": "LineType",
            "namespace": "custom"
        },
        {
            "data_type": "CT_UTF8_STRING",
            "name": "AllowSupplierToEditPrice",
            "namespace": "custom"
        },
        {
            "data_type": "CT_UTF8_STRING",
            "name": "HideUnitPrice",
            "namespace": "custom"
        },
        {
            "data_type": "CT_UTF8_STRING",
            "name": "DescriptionLeadTime",
            "namespace": "custom"
        },
        {
            "data_type": "CT_UTF8_STRING",
            "name": "SourcingRequest",
            "namespace": "custom"
        },
        {
            "data_type": "CT_UTF8_STRING",
            "name": "TermType",
            "namespace": "custom"
        },
        {
            "data_type": "CT_DOUBLE",
            "name": "TaxAmount",
            "namespace": "custom"
        },
        {
            "data_type": "CT_UTF8_STRING",
            "name": "AccountingsType",
            "namespace": "custom"
        },
        {
            "data_type": "CT_UTF8_STRING",
            "name": "PunchOut",
            "namespace": "custom"
        },
        {
            "data_type": "CT_UTF8_STRING",
            "name": "TaxDetailTriangularTransactionLawReference",
            "namespace": "custom"
        },
        {
            "data_type": "CT_UTF8_STRING",
            "name": "MinQuantity",
            "namespace": "custom"
        },
        {
            "data_type": "CT_INSTANT",
            "name": "TaxDetailTaxPointDate",
            "namespace": "custom"
        },
        {
            "data_type": "CT_UTF8_STRING",
            "name": "PricingTerms",
            "namespace": "custom"
        },
        {
            "data_type": "CT_UTF8_STRING",
            "name": "PaymentTerms",
            "namespace": "custom"
        },
        {
            "data_type": "CT_UTF8_STRING",
            "name": "DescriptionShortName",
            "namespace": "custom"
        },
        {
            "data_type": "CT_UTF8_STRING",
            "name": "DescriptionExtendedDescription",
            "namespace": "custom"
        },
        {
            "data_type": "CT_UTF8_STRING",
            "name": "CatalogSubscription",
            "namespace": "custom"
        },
        {
            "data_type": "CT_UTF8_STRING",
            "name": "TaxDetailIsDeductible",
            "namespace": "custom"
        },
        {
            "data_type": "CT_UTF8_STRING",
            "name": "DescriptionPriceBasisQuantityUOM",
            "namespace": "custom"
        },
        {
            "data_type": "CT_UTF8_STRING",
            "name": "NumberConfirmedBackOrdered",
            "namespace": "custom"
        },
        {
            "data_type": "CT_UTF8_STRING",
            "name": "AccountCategory",
            "namespace": "custom"
        },
        {
            "data_type": "CT_UTF8_STRING",
            "name": "DescriptionDescription",
            "namespace": "custom"
        },
        {
            "data_type": "CT_UTF8_STRING",
            "name": "DescriptionLanguage",
            "namespace": "custom"
        },
        {
            "data_type": "CT_UTF8_STRING",
            "name": "NumberConfirmedSubstituted",
            "namespace": "custom"
        },
        {
            "data_type": "CT_UTF8_STRING",
            "name": "MilestoneStatus",
            "namespace": "custom"
        },
        {
            "data_type": "CT_UTF8_STRING",
            "name": "NeedBy",
            "namespace": "custom"
        },
        {
            "data_type": "CT_DOUBLE",
            "name": "ChargeAmount",
            "namespace": "custom"
        },
        {
            "data_type": "CT_UTF8_STRING",
            "name": "Supplier",
            "namespace": "custom"
        },
        {
            "data_type": "CT_UTF8_STRING",
            "name": "DescriptionIsPartialItem",
            "namespace": "custom"
        },
        {
            "data_type": "CT_UTF8_STRING",
            "name": "DueOn",
            "namespace": "custom"
        },
        {
            "data_type": "CT_UTF8_STRING",
            "name": "CatalogItemRefSupplierPartAuxiliaryID",
            "namespace": "custom"
        },
        {
            "data_type": "CT_UTF8_STRING",
            "name": "IsRecurring",
            "namespace": "custom"
        },
        {
            "data_type": "CT_UTF8_STRING",
            "name": "TaxDetailCategory",
            "namespace": "custom"
        },
        {
            "data_type": "CT_UTF8_STRING",
            "name": "TaxDetailComponent",
            "namespace": "custom"
        },
        {
            "data_type": "CT_DOUBLE",
            "name": "ChargeDetailChargeAmount",
            "namespace": "custom"
        },
        {
            "data_type": "CT_INSTANT",
            "name": "EndDate",
            "namespace": "custom"
        },
        {
            "data_type": "CT_UTF8_STRING",
            "name": "SupplierLocation",
            "namespace": "custom"
        },
        {
            "data_type": "CT_UTF8_STRING",
            "name": "MaxQuantity",
            "namespace": "custom"
        },
        {
            "data_type": "CT_UTF8_STRING",
            "name": "NumberConfirmedRejected",
            "namespace": "custom"
        },
        {
            "data_type": "CT_UTF8_STRING",
            "name": "IsHardReleaseMinimum",
            "namespace": "custom"
        },
        {
            "data_type": "CT_UTF8_STRING",
            "name": "TaxDetailIsTriangularTransaction",
            "namespace": "custom"
        },
        {
            "data_type": "CT_UTF8_STRING",
            "name": "MilestoneTitle",
            "namespace": "custom"
        },
        {
            "data_type": "CT_UTF8_STRING",
            "name": "DescriptionKitUniqueName",
            "namespace": "custom"
        },
        {
            "data_type": "CT_UTF8_STRING",
            "name": "ERPLineItemNumber",
            "namespace": "custom"
        },
        {
            "data_type": "CT_UTF8_STRING",
            "name": "DescriptionUnitOfMeasure",
            "namespace": "custom"
        },
        {
            "data_type": "CT_UTF8_STRING",
            "name": "ChargeDetailANChargeName",
            "namespace": "custom"
        },
        {
            "data_type": "CT_UTF8_STRING",
            "name": "NumberShipped",
            "namespace": "custom"
        },
        {
            "data_type": "CT_UTF8_STRING",
            "name": "RollUpAccumulatorsToParent",
            "namespace": "custom"
        },
        {
            "data_type": "CT_DOUBLE",
            "name": "DescriptionCustomPrice",
            "namespace": "custom"
        },
        {
            "data_type": "CT_UTF8_STRING",
            "name": "DescriptionCatalogItemRefSupplierPartNumber",
            "namespace": "custom"
        },
        {
            "data_type": "CT_DOUBLE",
            "name": "DescriptionIndexContractPrice",
            "namespace": "custom"
        },
        {
            "data_type": "CT_UTF8_STRING",
            "name": "Kit",
            "namespace": "custom"
        },
        {
            "data_type": "CT_UTF8_STRING",
            "name": "CommodityCode",
            "namespace": "custom"
        },
        {
            "data_type": "CT_UTF8_STRING",
            "name": "DescriptionSupplierURL",
            "namespace": "custom"
        },
        {
            "data_type": "CT_UTF8_STRING",
            "name": "TaxDetailPurpose",
            "namespace": "custom"
        },
        {
            "data_type": "CT_DOUBLE",
            "name": "DescriptionNonContractPrice",
            "namespace": "custom"
        },
        {
            "data_type": "CT_DOUBLE",
            "name": "DiscountAmount",
            "namespace": "custom"
        },
        {
            "data_type": "CT_UTF8_STRING",
            "name": "ChargeDetailChargeType",
            "namespace": "custom"
        },
        {
            "data_type": "CT_UTF8_STRING",
            "name": "IsPriceModifiedByUser",
            "namespace": "custom"
        },
        {
            "data_type": "CT_DOUBLE",
            "name": "ServiceDetailsMaxAmount",
            "namespace": "custom"
        },
        {
            "data_type": "CT_DOUBLE",
            "name": "VATAmount",
            "namespace": "custom"
        },
        {
            "data_type": "CT_DOUBLE",
            "name": "TaxDetailTaxAmount",
            "namespace": "custom"
        },
        {
            "data_type": "CT_UTF8_STRING",
            "name": "ServiceDetailsRequiresServiceEntry",
            "namespace": "custom"
        },
        {
            "data_type": "CT_UTF8_STRING",
            "name": "ApplyToPunchOut",
            "namespace": "custom"
        },
        {
            "data_type": "CT_UTF8_STRING",
            "name": "DescriptionQueryID",
            "namespace": "custom"
        },
        {
            "data_type": "CT_INSTANT",
            "name": "TaxDetailPaymentDate",
            "namespace": "custom"
        },
        {
            "data_type": "CT_UTF8_STRING",
            "name": "CarrierMethod",
            "namespace": "custom"
        },
        {
            "data_type": "CT_UTF8_STRING",
            "name": "MilestoneSupplierContact",
            "namespace": "custom"
        },
        {
            "data_type": "CT_UTF8_STRING",
            "name": "Form",
            "namespace": "custom"
        },
        {
            "data_type": "CT_UTF8_STRING",
            "name": "TaxDetailFormulaString",
            "namespace": "custom"
        },
        {
            "data_type": "CT_DOUBLE",
            "name": "MaxAmount",
            "namespace": "custom"
        },
        {
            "data_type": "CT_INSTANT",
            "name": "ServiceDetailsServiceStartDate",
            "namespace": "custom"
        },
        {
            "data_type": "CT_UTF8_STRING",
            "name": "MinReleaseQuantity",
            "namespace": "custom"
        },
        {
            "data_type": "CT_INSTANT",
            "name": "StartDate",
            "namespace": "custom"
        },
        {
            "data_type": "CT_UTF8_STRING",
            "name": "ParentKit",
            "namespace": "custom"
        },
        {
            "data_type": "CT_UTF8_STRING",
            "name": "KitRequiredItem",
            "namespace": "custom"
        },
        {
            "data_type": "CT_UTF8_STRING",
            "name": "MaxQuantityTolerancePercent",
            "namespace": "custom"
        },
        {
            "data_type": "CT_UTF8_STRING",
            "name": "NumberConfirmedAccepted",
            "namespace": "custom"
        },
        {
            "data_type": "CT_DOUBLE",
            "name": "MaxAmountTolerancePercent",
            "namespace": "custom"
        },
        {
            "data_type": "CT_UTF8_STRING",
            "name": "DescriptionSupplierPartAuxiliaryID",
            "namespace": "custom"
        },
        {
            "data_type": "CT_UTF8_STRING",
            "name": "MaxReleaseQuantity",
            "namespace": "custom"
        },
        {
            "data_type": "CT_UTF8_STRING",
            "name": "cusItemType",
            "namespace": "custom"
        },
        {
            "data_type": "CT_UTF8_STRING",
            "name": "DescriptionPriceBasisQuantity",
            "namespace": "custom"
        },
        {
            "data_type": "CT_UTF8_STRING",
            "name": "DescriptionManPartNumber",
            "namespace": "custom"
        },
        {
            "data_type": "CT_DOUBLE",
            "name": "MinAmount",
            "namespace": "custom"
        },
        {
            "data_type": "CT_DOUBLE",
            "name": "TaxDetailTaxableAmount",
            "namespace": "custom"
        },
        {
            "data_type": "CT_UTF8_STRING",
            "name": "TaxDetailPerUnit",
            "namespace": "custom"
        },
        {
            "data_type": "CT_UTF8_STRING",
            "name": "Quantity",
            "namespace": "custom"
        },
        {
            "data_type": "CT_UTF8_STRING",
            "name": "IsObsolete",
            "namespace": "custom"
        },
        {
            "data_type": "CT_UTF8_STRING",
            "name": "ERPServiceLineNumber",
            "namespace": "custom"
        },
        {
            "data_type": "CT_UTF8_STRING",
            "name": "DescriptionManName",
            "namespace": "custom"
        },
        {
            "data_type": "CT_UTF8_STRING",
            "name": "ParentLineNumber",
            "namespace": "custom"
        },
        {
            "data_type": "CT_UTF8_STRING",
            "name": "LimitType",
            "namespace": "custom"
        },
        {
            "data_type": "CT_UTF8_STRING",
            "name": "DescriptionExtAttributesBitMask",
            "namespace": "custom"
        },
        {
            "data_type": "CT_INSTANT",
            "name": "DescriptionExpirationDate",
            "namespace": "custom"
        },
        {
            "data_type": "CT_UTF8_STRING",
            "name": "BoughtFromPreferredSupplier",
            "namespace": "custom"
        },
        {
            "data_type": "CT_UTF8_STRING",
            "name": "ChargeDetailTaxCode",
            "namespace": "custom"
        },
        {
            "data_type": "CT_UTF8_STRING",
            "name": "MaxReleaseTolerancePercent",
            "namespace": "custom"
        },
        {
            "data_type": "CT_UTF8_STRING",
            "name": "AllowUsersToEditUnitPrice",
            "namespace": "custom"
        },
        {
            "data_type": "CT_UTF8_STRING",
            "name": "DescriptionPrice",
            "namespace": "custom"
        },
        {
            "data_type": "CT_UTF8_STRING",
            "name": "TaxDetailPercent",
            "namespace": "custom"
        },
        {
            "data_type": "CT_UTF8_STRING",
            "name": "DeliverTo",
            "namespace": "custom"
        },
        {
            "data_type": "CT_UTF8_STRING",
            "name": "PurchaseGroup",
            "namespace": "custom"
        },
        {
            "data_type": "CT_UTF8_STRING",
            "name": "NumberConfirmedAcceptedWithChanges",
            "namespace": "custom"
        },
        {
            "data_type": "CT_UTF8_STRING",
            "name": "ServiceDetailsServiceLine",
            "namespace": "custom"
        },
        {
            "data_type": "CT_UTF8_STRING",
            "name": "OrderInfo",
            "namespace": "custom"
        },
        {
            "data_type": "CT_DOUBLE",
            "name": "TaxDetailAlternateTaxAmount",
            "namespace": "custom"
        },
        {
            "data_type": "CT_UTF8_STRING",
            "name": "TaxDetailDescription",
            "namespace": "custom"
        },
        {
            "data_type": "CT_UTF8_STRING",
            "name": "TaxDetailTaxLocation",
            "namespace": "custom"
        },
        {
            "data_type": "CT_DOUBLE",
            "name": "Amount",
            "namespace": "custom"
        },
        {
            "data_type": "CT_UTF8_STRING",
            "name": "ERSAllowed",
            "namespace": "custom"
        },
        {
            "data_type": "CT_UTF8_STRING",
            "name": "BasePrice",
            "namespace": "custom"
        },
        {
            "data_type": "CT_UTF8_STRING",
            "name": "ChargeDetailANChargeDescription",
            "namespace": "custom"
        },
        {
            "data_type": "CT_UTF8_STRING",
            "name": "DescriptionContractPrice",
            "namespace": "custom"
        },
        {
            "data_type": "CT_UTF8_STRING",
            "name": "ShipTo",
            "namespace": "custom"
        },
        {
            "data_type": "CT_DOUBLE",
            "name": "ChargeDetailTaxAmount",
            "namespace": "custom"
        },
        {
            "data_type": "CT_DOUBLE",
            "name": "MinReleaseAmount",
            "namespace": "custom"
        },
        {
            "data_type": "CT_UTF8_STRING",
            "name": "ItemMasterID",
            "namespace": "custom"
        },
        {
            "data_type": "CT_UTF8_STRING",
            "name": "CommodityExportMapEntry",
            "namespace": "custom"
        },
        {
            "data_type": "CT_UTF8_STRING",
            "name": "DescriptionCatalogItemRefCommonSupplierSystemID",
            "namespace": "custom"
        },
        {
            "data_type": "CT_INSTANT",
            "name": "ServiceDetailsServiceEndDate",
            "namespace": "custom"
        },
        {
            "data_type": "CT_UTF8_STRING",
            "name": "MilestoneVerifier",
            "namespace": "custom"
        },
        {
            "data_type": "CT_UTF8_STRING",
            "name": "DescriptionLineItem",
            "namespace": "custom"
        },
        {
            "data_type": "CT_UTF8_STRING",
            "name": "IsHardReleaseMaximum",
            "namespace": "custom"
        },
        {
            "data_type": "CT_UTF8_STRING",
            "name": "OriginatingSystemLineNumber",
            "namespace": "custom"
        },
        {
            "data_type": "CT_UTF8_STRING",
            "name": "ReleaseUOM",
            "namespace": "custom"
        },
        {
            "data_type": "CT_DOUBLE",
            "name": "ServiceDetailsExpectedAmount",
            "namespace": "custom"
        },
        {
            "data_type": "CT_UTF8_STRING",
            "name": "TaxDetailAbatementPercent",
            "namespace": "custom"
        },
        {
            "data_type": "CT_UTF8_STRING",
            "name": "ContractUniqueName",
            "namespace": "custom"
        },
        {
            "data_type": "CT_UTF8_STRING",
            "name": "DescriptionCommonCommodityCodeUniqueName",
            "namespace": "custom"
        },
        {
            "data_type": "CT_UTF8_STRING",
            "name": "DescriptionCommonCommodityCodeName",
            "namespace": "custom"
        },
        {
            "data_type": "CT_DOUBLE",
            "name": "OriginalPriceAmountInReportingCurrency",
            "namespace": "custom"
        },
        {
            "data_type": "CT_DOUBLE",
            "name": "OriginalPriceApproxAmountInBaseCurrency",
            "namespace": "custom"
        },
        {
            "data_type": "CT_DOUBLE",
            "name": "OriginalPriceAmount",
            "namespace": "custom"
        },
        {
            "data_type": "CT_INSTANT",
            "name": "OriginalPriceConversionDate",
            "namespace": "custom"
        },
        {
            "data_type": "CT_UTF8_STRING",
            "name": "OriginalPriceCurrencyUniqueName",
            "namespace": "custom"
        },
        {
            "data_type": "CT_UTF8_STRING",
            "name": "CatalogSubscriptionName",
            "namespace": "custom"
        },
        {
            "data_type": "CT_UTF8_STRING",
            "name": "AccountCategoryUniqueName",
            "namespace": "custom"
        },
        {
            "data_type": "CT_DOUBLE",
            "name": "ChargeAmountAmountInReportingCurrency",
            "namespace": "custom"
        },
        {
            "data_type": "CT_DOUBLE",
            "name": "ChargeAmountApproxAmountInBaseCurrency",
            "namespace": "custom"
        },
        {
            "data_type": "CT_DOUBLE",
            "name": "ChargeAmountAmount",
            "namespace": "custom"
        },
        {
            "data_type": "CT_INSTANT",
            "name": "ChargeAmountConversionDate",
            "namespace": "custom"
        },
        {
            "data_type": "CT_DOUBLE",
            "name": "ChargeAmountCurrencyUniqueName",
            "namespace": "custom"
        },
        {
            "data_type": "CT_DOUBLE",
            "name": "TaxAmountAmountInReportingCurrency",
            "namespace": "custom"
        },
        {
            "data_type": "CT_DOUBLE",
            "name": "TaxAmountApproxAmountInBaseCurrency",
            "namespace": "custom"
        },
        {
            "data_type": "CT_DOUBLE",
            "name": "TaxAmountAmount",
            "namespace": "custom"
        },
        {
            "data_type": "CT_INSTANT",
            "name": "TaxAmountConversionDate",
            "namespace": "custom"
        },
        {
            "data_type": "CT_DOUBLE",
            "name": "TaxAmountCurrencyUniqueName",
            "namespace": "custom"
        },
        {
            "data_type": "CT_DOUBLE",
            "name": "VATAmountAmountInReportingCurrency",
            "namespace": "custom"
        },
        {
            "data_type": "CT_DOUBLE",
            "name": "VATAmountApproxAmountInBaseCurrency",
            "namespace": "custom"
        },
        {
            "data_type": "CT_DOUBLE",
            "name": "VATAmountAmount",
            "namespace": "custom"
        },
        {
            "data_type": "CT_INSTANT",
            "name": "VATAmountConversionDate",
            "namespace": "custom"
        },
        {
            "data_type": "CT_DOUBLE",
            "name": "VATAmountCurrencyUniqueName",
            "namespace": "custom"
        },
        {
            "data_type": "CT_DOUBLE",
            "name": "IndexContractPriceAmountInReportingCurrency",
            "namespace": "custom"
        },
        {
            "data_type": "CT_DOUBLE",
            "name": "IndexContractPriceApproxAmountInBaseCurrency",
            "namespace": "custom"
        },
        {
            "data_type": "CT_DOUBLE",
            "name": "DescriptionIndexContractPriceAmount",
            "namespace": "custom"
        },
        {
            "data_type": "CT_INSTANT",
            "name": "DescriptionIndexContractPriceConversionDate",
            "namespace": "custom"
        },
        {
            "data_type": "CT_UTF8_STRING",
            "name": "IndexContractPriceCurrencyUniqueName",
            "namespace": "custom"
        },
        {
            "data_type": "CT_UTF8_STRING",
            "name": "PurchaseOrgUniqueName",
            "namespace": "custom"
        },
        {
            "data_type": "CT_DOUBLE",
            "name": "DiscountAmountAmountInReportingCurrency",
            "namespace": "custom"
        },
        {
            "data_type": "CT_DOUBLE",
            "name": "DiscountAmountApproxAmountInBaseCurrency",
            "namespace": "custom"
        },
        {
            "data_type": "CT_DOUBLE",
            "name": "DiscountAmountAmount",
            "namespace": "custom"
        },
        {
            "data_type": "CT_INSTANT",
            "name": "DiscountAmountConversionDate",
            "namespace": "custom"
        },
        {
            "data_type": "CT_DOUBLE",
            "name": "DiscountAmountCurrencyUniqueName",
            "namespace": "custom"
        },
        {
            "data_type": "CT_DOUBLE",
            "name": "ServiceDetailsExpectedAmountInReportingCurrency",
            "namespace": "custom"
        },
        {
            "data_type": "CT_DOUBLE",
            "name": "ServiceDetailsExpectedApproxAmountInBaseCurrency",
            "namespace": "custom"
        },
        {
            "data_type": "CT_DOUBLE",
            "name": "ServiceDetailsExpectedAmountAmount",
            "namespace": "custom"
        },
        {
            "data_type": "CT_INSTANT",
            "name": "ServiceDetailsExpectedAmountConversionDate",
            "namespace": "custom"
        },
        {
            "data_type": "CT_DOUBLE",
            "name": "ServiceDetailsExpectedAmountCurrencyUniqueName",
            "namespace": "custom"
        },
        {
            "data_type": "CT_DOUBLE",
            "name": "ChargeDetailChargetAmountInReportingCurrency",
            "namespace": "custom"
        },
        {
            "data_type": "CT_DOUBLE",
            "name": "ChargeDetailChargeApproxAmountInBaseCurrency",
            "namespace": "custom"
        },
        {
            "data_type": "CT_DOUBLE",
            "name": "ChargeDetailChargeAmountAmount",
            "namespace": "custom"
        },
        {
            "data_type": "CT_INSTANT",
            "name": "ChargeDetailChargeAmountConversionDate",
            "namespace": "custom"
        },
        {
            "data_type": "CT_DOUBLE",
            "name": "ChargeDetailChargeAmountCurrencyUniqueName",
            "namespace": "custom"
        },
        {
            "data_type": "CT_UTF8_STRING",
            "name": "DescriptionUnitOfMeasureUniqueName",
            "namespace": "custom"
        },
        {
            "data_type": "CT_DOUBLE",
            "name": "NonContractPriceAmountInReportingCurrency",
            "namespace": "custom"
        },
        {
            "data_type": "CT_DOUBLE",
            "name": "NonContractPriceApproxAmountInBaseCurrency",
            "namespace": "custom"
        },
        {
            "data_type": "CT_DOUBLE",
            "name": "DescriptionNonContractPriceAmount",
            "namespace": "custom"
        },
        {
            "data_type": "CT_INSTANT",
            "name": "DescriptionNonContractPriceConversionDate",
            "namespace": "custom"
        },
        {
            "data_type": "CT_UTF8_STRING",
            "name": "DescriptionNonContractPriceCurrencyUniqueName",
            "namespace": "custom"
        },
        {
            "data_type": "CT_UTF8_STRING",
            "name": "DescriptionLineItemNumberInCollection",
            "namespace": "custom"
        },
        {
            "data_type": "CT_DOUBLE",
            "name": "ContractPriceAmountInReportingCurrency",
            "namespace": "custom"
        },
        {
            "data_type": "CT_DOUBLE",
            "name": "ContractPriceApproxAmountInBaseCurrency",
            "namespace": "custom"
        },
        {
            "data_type": "CT_DOUBLE",
            "name": "DescriptionContractPriceAmount",
            "namespace": "custom"
        },
        {
            "data_type": "CT_INSTANT",
            "name": "DescriptionContractPriceConversionDate",
            "namespace": "custom"
        },
        {
            "data_type": "CT_UTF8_STRING",
            "name": "DescriptionContractPriceCurrencyUniqueName",
            "namespace": "custom"
        },
        {
            "data_type": "CT_UTF8_STRING",
            "name": "PricingTermsUniqueName",
            "namespace": "custom"
        },
        {
            "data_type": "CT_DOUBLE",
            "name": "MaxAmountAmountInReportingCurrency",
            "namespace": "custom"
        },
        {
            "data_type": "CT_DOUBLE",
            "name": "MaxAmountApproxAmountInBaseCurrency",
            "namespace": "custom"
        },
        {
            "data_type": "CT_DOUBLE",
            "name": "MaxAmountAmount",
            "namespace": "custom"
        },
        {
            "data_type": "CT_INSTANT",
            "name": "MaxAmountConversionDate",
            "namespace": "custom"
        },
        {
            "data_type": "CT_DOUBLE",
            "name": "MaxAmountCurrencyUniqueName",
            "namespace": "custom"
        },
        {
            "data_type": "CT_UTF8_STRING",
            "name": "BillingAddressState",
            "namespace": "custom"
        },
        {
            "data_type": "CT_UTF8_STRING",
            "name": "BillingAddressPhone",
            "namespace": "custom"
        },
        {
            "data_type": "CT_UTF8_STRING",
            "name": "BillingAddressCountryUniqueName",
            "namespace": "custom"
        },
        {
            "data_type": "CT_UTF8_STRING",
            "name": "BillingAddressPostalCode",
            "namespace": "custom"
        },
        {
            "data_type": "CT_UTF8_STRING",
            "name": "BillingAddressCity",
            "namespace": "custom"
        },
        {
            "data_type": "CT_UTF8_STRING",
            "name": "BillingAddressFax",
            "namespace": "custom"
        },
        {
            "data_type": "CT_UTF8_STRING",
            "name": "BillingAddressUniqueName",
            "namespace": "custom"
        },
        {
            "data_type": "CT_UTF8_STRING",
            "name": "BillingAddressName",
            "namespace": "custom"
        },
        {
            "data_type": "CT_UTF8_STRING",
            "name": "BillingAddressLines",
            "namespace": "custom"
        },
        {
            "data_type": "CT_UTF8_STRING",
            "name": "SourcingRequestUniqueName",
            "namespace": "custom"
        },
        {
            "data_type": "CT_UTF8_STRING",
            "name": "CommodityCodeUniqueName",
            "namespace": "custom"
        },
        {
            "data_type": "CT_UTF8_STRING",
            "name": "SupplierUniqueName",
            "namespace": "custom"
        },
        {
            "data_type": "CT_UTF8_STRING",
            "name": "SupplierName",
            "namespace": "custom"
        },
        {
            "data_type": "CT_DOUBLE",
            "name": "ServiceDetailsMaxAmountInReportingCurrency",
            "namespace": "custom"
        },
        {
            "data_type": "CT_DOUBLE",
            "name": "ServiceDetailsMaxApproxAmountInBaseCurrency",
            "namespace": "custom"
        },
        {
            "data_type": "CT_DOUBLE",
            "name": "ServiceDetailsMaxAmountAmount",
            "namespace": "custom"
        },
        {
            "data_type": "CT_INSTANT",
            "name": "ServiceDetailsMaxAmountConversionDate",
            "namespace": "custom"
        },
        {
            "data_type": "CT_DOUBLE",
            "name": "ServiceDetailsMaxAmountCurrencyUniqueName",
            "namespace": "custom"
        },
        {
            "data_type": "CT_UTF8_STRING",
            "name": "cusItemCodeUniqueName",
            "namespace": "custom"
        },
        {
            "data_type": "CT_DOUBLE",
            "name": "AmountAmountInReportingCurrency",
            "namespace": "custom"
        },
        {
            "data_type": "CT_DOUBLE",
            "name": "AmountApproxAmountInBaseCurrency",
            "namespace": "custom"
        },
        {
            "data_type": "CT_DOUBLE",
            "name": "AmountAmount",
            "namespace": "custom"
        },
        {
            "data_type": "CT_INSTANT",
            "name": "AmountConversionDate",
            "namespace": "custom"
        },
        {
            "data_type": "CT_DOUBLE",
            "name": "AmountCurrencyUniqueName",
            "namespace": "custom"
        },
        {
            "data_type": "CT_DOUBLE",
            "name": "TaxDetailTaxableAmountAmountInReportingCurrency",
            "namespace": "custom"
        },
        {
            "data_type": "CT_DOUBLE",
            "name": "TaxDetailTaxableApproxAmountInBaseCurrency",
            "namespace": "custom"
        },
        {
            "data_type": "CT_DOUBLE",
            "name": "TaxDetailTaxableAmountAmount",
            "namespace": "custom"
        },
        {
            "data_type": "CT_INSTANT",
            "name": "TaxDetailTaxableAmountConversionDate",
            "namespace": "custom"
        },
        {
            "data_type": "CT_DOUBLE",
            "name": "TaxDetailTaxableAmountCurrencyUniqueName",
            "namespace": "custom"
        },
        {
            "data_type": "CT_UTF8_STRING",
            "name": "ParentKitUniqueName",
            "namespace": "custom"
        },
        {
            "data_type": "CT_DOUBLE",
            "name": "DescriptionCustomPriceAmountInReportingCurrency",
            "namespace": "custom"
        },
        {
            "data_type": "CT_DOUBLE",
            "name": "DescriptionCustomPriceApproxAmountInBaseCurrency",
            "namespace": "custom"
        },
        {
            "data_type": "CT_DOUBLE",
            "name": "DescriptionCustomPriceAmount",
            "namespace": "custom"
        },
        {
            "data_type": "CT_INSTANT",
            "name": "DescriptionCustomPriceConversionDate",
            "namespace": "custom"
        },
        {
            "data_type": "CT_UTF8_STRING",
            "name": "DescriptionCustomPriceCurrencyUniqueName",
            "namespace": "custom"
        },
        {
            "data_type": "CT_UTF8_STRING",
            "name": "ShipToState",
            "namespace": "custom"
        },
        {
            "data_type": "CT_UTF8_STRING",
            "name": "ShipToPhone",
            "namespace": "custom"
        },
        {
            "data_type": "CT_UTF8_STRING",
            "name": "ShipToCountryUniqueName",
            "namespace": "custom"
        },
        {
            "data_type": "CT_UTF8_STRING",
            "name": "ShipToPostalCode",
            "namespace": "custom"
        },
        {
            "data_type": "CT_UTF8_STRING",
            "name": "ShipToCity",
            "namespace": "custom"
        },
        {
            "data_type": "CT_UTF8_STRING",
            "name": "ShipToFax",
            "namespace": "custom"
        },
        {
            "data_type": "CT_UTF8_STRING",
            "name": "ShipToUniqueName",
            "namespace": "custom"
        },
        {
            "data_type": "CT_UTF8_STRING",
            "name": "ShipToName",
            "namespace": "custom"
        },
        {
            "data_type": "CT_UTF8_STRING",
            "name": "ShipToLines",
            "namespace": "custom"
        },
        {
            "data_type": "CT_UTF8_STRING",
            "name": "ItemMasterIDBuyerPartNumber",
            "namespace": "custom"
        },
        {
            "data_type": "CT_UTF8_STRING",
            "name": "ItemMasterIDFacility",
            "namespace": "custom"
        },
        {
            "data_type": "CT_UTF8_STRING",
            "name": "AccountingsTypeUniqueName",
            "namespace": "custom"
        },
        {
            "data_type": "CT_UTF8_STRING",
            "name": "CommodityExportMapEntryCommodityCodeUniqueName",
            "namespace": "custom"
        },
        {
            "data_type": "CT_UTF8_STRING",
            "name": "CommodityExportMapEntryCommodityCodeName",
            "namespace": "custom"
        },
        {
            "data_type": "CT_UTF8_STRING",
            "name": "CommodityExportMapEntryAccountTypeUniqueName",
            "namespace": "custom"
        },
        {
            "data_type": "CT_UTF8_STRING",
            "name": "CommodityExportMapEntryAccountTypeName",
            "namespace": "custom"
        },
        {
            "data_type": "CT_UTF8_STRING",
            "name": "CommodityExportMapEntryUniqueName",
            "namespace": "custom"
        },
        {
            "data_type": "CT_DOUBLE",
            "name": "BasePriceAmountInReportingCurrency",
            "namespace": "custom"
        },
        {
            "data_type": "CT_DOUBLE",
            "name": "BasePriceApproxAmountInBaseCurrency",
            "namespace": "custom"
        },
        {
            "data_type": "CT_DOUBLE",
            "name": "BasePriceAmount",
            "namespace": "custom"
        },
        {
            "data_type": "CT_INSTANT",
            "name": "BasePriceConversionDate",
            "namespace": "custom"
        },
        {
            "data_type": "CT_UTF8_STRING",
            "name": "BasePriceCurrencyUniqueName",
            "namespace": "custom"
        },
        {
            "data_type": "CT_DOUBLE",
            "name": "ChargeDetailTaxAmountAmountInReportingCurrency",
            "namespace": "custom"
        },
        {
            "data_type": "CT_DOUBLE",
            "name": "ChargeDetailTaxAmountApproxAmountInBaseCurrency",
            "namespace": "custom"
        },
        {
            "data_type": "CT_DOUBLE",
            "name": "ChargeDetailTaxAmountAmount",
            "namespace": "custom"
        },
        {
            "data_type": "CT_INSTANT",
            "name": "ChargeDetailTaxAmountConversionDate",
            "namespace": "custom"
        },
        {
            "data_type": "CT_DOUBLE",
            "name": "ChargeDetailTaxAmountCurrencyUniqueName",
            "namespace": "custom"
        },
        {
            "data_type": "CT_UTF8_STRING",
            "name": "SupplierLocationState",
            "namespace": "custom"
        },
        {
            "data_type": "CT_UTF8_STRING",
            "name": "SupplierLocationPhone",
            "namespace": "custom"
        },
        {
            "data_type": "CT_UTF8_STRING",
            "name": "SupplierLocationCountryUniqueName",
            "namespace": "custom"
        },
        {
            "data_type": "CT_UTF8_STRING",
            "name": "SupplierLocationPostalCode",
            "namespace": "custom"
        },
        {
            "data_type": "CT_UTF8_STRING",
            "name": "SupplierLocationCity",
            "namespace": "custom"
        },
        {
            "data_type": "CT_UTF8_STRING",
            "name": "SupplierLocationFax",
            "namespace": "custom"
        },
        {
            "data_type": "CT_UTF8_STRING",
            "name": "SupplierLocationUniqueName",
            "namespace": "custom"
        },
        {
            "data_type": "CT_UTF8_STRING",
            "name": "SupplierLocationName",
            "namespace": "custom"
        },
        {
            "data_type": "CT_UTF8_STRING",
            "name": "SupplierLocationLines",
            "namespace": "custom"
        },
        {
            "data_type": "CT_DOUBLE",
            "name": "TaxDetailTaxAmountAmountInReportingCurrency",
            "namespace": "custom"
        },
        {
            "data_type": "CT_DOUBLE",
            "name": "TaxDetailTaxAmountApproxAmountInBaseCurrency",
            "namespace": "custom"
        },
        {
            "data_type": "CT_DOUBLE",
            "name": "TaxDetailTaxAmountAmount",
            "namespace": "custom"
        },
        {
            "data_type": "CT_INSTANT",
            "name": "TaxDetailTaxAmountConversionDate",
            "namespace": "custom"
        },
        {
            "data_type": "CT_DOUBLE",
            "name": "TaxDetailTaxAmountCurrencyUniqueName",
            "namespace": "custom"
        },
        {
            "data_type": "CT_UTF8_STRING",
            "name": "PunchOutUniqueName",
            "namespace": "custom"
        },
        {
            "data_type": "CT_DOUBLE",
            "name": "MinReleaseAmountAmountInReportingCurrency",
            "namespace": "custom"
        },
        {
            "data_type": "CT_DOUBLE",
            "name": "MinReleaseAmountApproxAmountInBaseCurrency",
            "namespace": "custom"
        },
        {
            "data_type": "CT_DOUBLE",
            "name": "MinReleaseAmountAmount",
            "namespace": "custom"
        },
        {
            "data_type": "CT_INSTANT",
            "name": "MinReleaseAmountConversionDate",
            "namespace": "custom"
        },
        {
            "data_type": "CT_DOUBLE",
            "name": "MinReleaseAmountCurrencyUniqueName",
            "namespace": "custom"
        },
        {
            "data_type": "CT_DOUBLE",
            "name": "TaxDetailAlternateTaxAmountInReportingCurrency",
            "namespace": "custom"
        },
        {
            "data_type": "CT_DOUBLE",
            "name": "TaxDetailAlternateTaxApproxAmountInBaseCurrency",
            "namespace": "custom"
        },
        {
            "data_type": "CT_DOUBLE",
            "name": "TaxDetailAlternateTaxAmountAmount",
            "namespace": "custom"
        },
        {
            "data_type": "CT_INSTANT",
            "name": "TaxDetailAlternateTaxAmountConversionDate",
            "namespace": "custom"
        },
        {
            "data_type": "CT_DOUBLE",
            "name": "TaxDetailAlternateTaxAmountCurrencyUniqueName",
            "namespace": "custom"
        },
        {
            "data_type": "CT_UTF8_STRING",
            "name": "ChargeDetailTaxCodeUniqueName",
            "namespace": "custom"
        },
        {
            "data_type": "CT_UTF8_STRING",
            "name": "DescriptionPriceBasisQuantityUOMUniqueName",
            "namespace": "custom"
        },
        {
            "data_type": "CT_UTF8_STRING",
            "name": "KitUniqueName",
            "namespace": "custom"
        },
        {
            "data_type": "CT_UTF8_STRING",
            "name": "PurchaseGroupUniqueName",
            "namespace": "custom"
        },
        {
            "data_type": "CT_UTF8_STRING",
            "name": "FormUniqueName",
            "namespace": "custom"
        },
        {
            "data_type": "CT_UTF8_STRING",
            "name": "ChargeDetailChargeTypeUniqueName",
            "namespace": "custom"
        },
        {
            "data_type": "CT_UTF8_STRING",
            "name": "ReleaseUOMUniqueName",
            "namespace": "custom"
        },
        {
            "data_type": "CT_UTF8_STRING",
            "name": "PaymentTermsUniqueName",
            "namespace": "custom"
        },
        {
            "data_type": "CT_UTF8_STRING",
            "name": "TaxCodeUniqueName",
            "namespace": "custom"
        },
        {
            "data_type": "CT_DOUBLE",
            "name": "MinAmountAmountInReportingCurrency",
            "namespace": "custom"
        },
        {
            "data_type": "CT_DOUBLE",
            "name": "MinAmountApproxAmountInBaseCurrency",
            "namespace": "custom"
        },
        {
            "data_type": "CT_DOUBLE",
            "name": "MinAmountAmount",
            "namespace": "custom"
        },
        {
            "data_type": "CT_INSTANT",
            "name": "MinAmountConversionDate",
            "namespace": "custom"
        },
        {
            "data_type": "CT_DOUBLE",
            "name": "MinAmountCurrencyUniqueName",
            "namespace": "custom"
        },
        {
            "data_type": "CT_UTF8_STRING",
            "name": "LineTypeUniqueName",
            "namespace": "custom"
        },
        {
            "data_type": "CT_DOUBLE",
            "name": "MaxReleaseAmountAmountInReportingCurrency",
            "namespace": "custom"
        },
        {
            "data_type": "CT_DOUBLE",
            "name": "MaxReleaseAmountApproxAmountInBaseCurrency",
            "namespace": "custom"
        },
        {
            "data_type": "CT_DOUBLE",
            "name": "MaxReleaseAmountAmount",
            "namespace": "custom"
        },
        {
            "data_type": "CT_INSTANT",
            "name": "MaxReleaseAmountConversionDate",
            "namespace": "custom"
        },
        {
            "data_type": "CT_DOUBLE",
            "name": "MaxReleaseAmountCurrencyUniqueName",
            "namespace": "custom"
        },
        {
            "data_type": "CT_DOUBLE",
            "name": "DescriptionPriceAmountInReportingCurrency",
            "namespace": "custom"
        },
        {
            "data_type": "CT_DOUBLE",
            "name": "DescriptionPriceApproxAmountInBaseCurrency",
            "namespace": "custom"
        },
        {
            "data_type": "CT_DOUBLE",
            "name": "DescriptionPriceAmount",
            "namespace": "custom"
        },
        {
            "data_type": "CT_INSTANT",
            "name": "DescriptionPriceConversionDate",
            "namespace": "custom"
        },
        {
            "data_type": "CT_UTF8_STRING",
            "name": "DescriptionPriceCurrencyUniqueName",
            "namespace": "custom"
        },
        {
            "data_type": "CT_UTF8_STRING",
            "name": "TaxDetailComponentUniqueName",
            "namespace": "custom"
        },
        {
            "data_type": "CT_UTF8_STRING",
            "name": "MilestoneVerifierUniqueName",
            "namespace": "custom"
        },
        {
            "data_type": "CT_INSTANT",
            "name": "OrderInfoTransactionDate",
            "namespace": "custom"
        },
        {
            "data_type": "CT_UTF8_STRING",
            "name": "OrderInfoTransactionNumber",
            "namespace": "custom"
        },
        {
            "data_type": "CT_INSTANT",
            "name": "CELONISCHANGEDATE",
            "namespace": "custom"
        }
    ],
    "id": "7dca8517-3ae0-46ed-b21c-938752109280",
    "managed": true,
    "multi_link": false,
    "name": "OperationalContractLineItem",
    "namespace": "custom",
    "relationships": [
        {
            "cardinality": "HAS_MANY",
            "name": "RequisitionItem",
            "namespace": "custom",
            "target": {
                "mapped_by": "OperationalContractLineItem",
                "mapped_by_namespace": "custom",
                "object_ref": {
                    "name": "RequisitionItem",
                    "namespace": "custom"
                }
            }
        },
        {
            "cardinality": "HAS_ONE",
            "name": "OperationalContract",
            "namespace": "custom",
            "target": {
                "mapped_by": null,
                "mapped_by_namespace": null,
                "object_ref": {
                    "name": "OperationalContract",
                    "namespace": "custom"
                }
            }
        }
    ],
    "tags": []
}