{
    "categories": [
        {
            "metadata": {
                "name": "Processes",
                "namespace": "celonis"
            },
            "values": [
                {
                    "name": "OrderManagement",
                    "namespace": "celonis"
                },
                {
                    "name": "Procurement",
                    "namespace": "celonis"
                },
                {
                    "name": "AccountsPayable",
                    "namespace": "celonis"
                },
                {
                    "name": "InventoryManagement",
                    "namespace": "celonis"
                }
            ]
        }
    ],
    "change_date": 1727172986476.0,
    "changed_by": {
        "id": "cccccccc-cccc-cccc-cccc-cccccccccccc",
        "name": "Celonis",
        "type_": "APPLICATION"
    },
    "color": "#BFC3E7",
    "created_by": {
        "id": "cccccccc-cccc-cccc-cccc-cccccccccccc",
        "name": "Celonis",
        "type_": "APPLICATION"
    },
    "creation_date": 1727172986476.0,
    "description": "A document detailing goods movement information on a material item that is added to the inventory of the current organization.",
    "fields": [
        {
            "data_type": "CT_UTF8_STRING",
            "name": "ID",
            "namespace": "celonis"
        },
        {
            "data_type": "CT_INSTANT",
            "name": "CreationTime",
            "namespace": "celonis"
        },
        {
            "data_type": "CT_UTF8_STRING",
            "name": "CreationExecutionType",
            "namespace": "celonis"
        },
        {
            "data_type": "CT_UTF8_STRING",
            "name": "ReversalFlag",
            "namespace": "celonis"
        },
        {
            "data_type": "CT_UTF8_STRING",
            "name": "MaterialTransactionType",
            "namespace": "celonis"
        },
        {
            "data_type": "CT_DOUBLE",
            "name": "Quantity",
            "namespace": "celonis"
        },
        {
            "data_type": "CT_UTF8_STRING",
            "name": "QuantityUnit",
            "namespace": "celonis"
        },
        {
            "data_type": "CT_UTF8_STRING",
            "name": "BaseQuantityUnit",
            "namespace": "celonis"
        },
        {
            "data_type": "CT_UTF8_STRING",
            "name": "StorageLocation",
            "namespace": "celonis"
        },
        {
            "data_type": "CT_DOUBLE",
            "name": "BasePrePostingTotalValuatedStockQuantity",
            "namespace": "celonis"
        },
        {
            "data_type": "CT_DOUBLE",
            "name": "Amount",
            "namespace": "celonis"
        },
        {
            "data_type": "CT_UTF8_STRING",
            "name": "Currency",
            "namespace": "celonis"
        },
        {
            "data_type": "CT_UTF8_STRING",
            "name": "SourceSystemType",
            "namespace": "celonis"
        },
        {
            "data_type": "CT_UTF8_STRING",
            "name": "SourceSystemInstance",
            "namespace": "celonis"
        },
        {
            "data_type": "CT_UTF8_STRING",
            "name": "SystemIncomingMaterialDocumentNumber",
            "namespace": "celonis"
        },
        {
            "data_type": "CT_UTF8_STRING",
            "name": "SystemIncomingMaterialDocumentItemNumber",
            "namespace": "celonis"
        },
        {
            "data_type": "CT_UTF8_STRING",
            "name": "DatabaseIncomingMaterialDocumentNumber",
            "namespace": "celonis"
        },
        {
            "data_type": "CT_UTF8_STRING",
            "name": "DatabaseIncomingMaterialDocumentItemNumber",
            "namespace": "celonis"
        }
    ],
    "id": "90cbea9a-54d6-4d73-ab10-7ceded47e627",
    "managed": true,
    "multi_link": false,
    "name": "IncomingMaterialDocumentItem",
    "namespace": "celonis",
    "relationships": [
        {
            "cardinality": "HAS_ONE",
            "name": "CreatedBy",
            "namespace": "celonis",
            "target": {
                "mapped_by": null,
                "mapped_by_namespace": null,
                "object_ref": {
                    "name": "User",
                    "namespace": "celonis"
                }
            }
        },
        {
            "cardinality": "HAS_MANY",
            "name": "IncomingGoodsReversals",
            "namespace": "celonis",
            "target": {
                "mapped_by": "ReversedIncomingGood",
                "mapped_by_namespace": null,
                "object_ref": {
                    "name": "OutgoingMaterialDocumentItem",
                    "namespace": "celonis"
                }
            }
        },
        {
            "cardinality": "HAS_ONE",
            "name": "Material",
            "namespace": "celonis",
            "target": {
                "mapped_by": null,
                "mapped_by_namespace": null,
                "object_ref": {
                    "name": "Material",
                    "namespace": "celonis"
                }
            }
        },
        {
            "cardinality": "HAS_ONE",
            "name": "MaterialMasterPlant",
            "namespace": "celonis",
            "target": {
                "mapped_by": null,
                "mapped_by_namespace": null,
                "object_ref": {
                    "name": "MaterialMasterPlant",
                    "namespace": "celonis"
                }
            }
        },
        {
            "cardinality": "HAS_ONE",
            "name": "Plant",
            "namespace": "celonis",
            "target": {
                "mapped_by": null,
                "mapped_by_namespace": null,
                "object_ref": {
                    "name": "Plant",
                    "namespace": "celonis"
                }
            }
        },
        {
            "cardinality": "HAS_ONE",
            "name": "PurchaseOrderItem",
            "namespace": "celonis",
            "target": {
                "mapped_by": null,
                "mapped_by_namespace": null,
                "object_ref": {
                    "name": "PurchaseOrderItem",
                    "namespace": "celonis"
                }
            }
        },
        {
            "cardinality": "HAS_ONE",
            "name": "ReversedOutgoingGood",
            "namespace": "celonis",
            "target": {
                "mapped_by": null,
                "mapped_by_namespace": null,
                "object_ref": {
                    "name": "OutgoingMaterialDocumentItem",
                    "namespace": "celonis"
                }
            }
        },
        {
            "cardinality": "HAS_MANY",
            "name": "ThreeWayMatchMultLinks",
            "namespace": "celonis",
            "target": {
                "mapped_by": "IncomingMaterialDocumentItem",
                "mapped_by_namespace": null,
                "object_ref": {
                    "name": "RelationshipThreeWayMatch",
                    "namespace": "celonis"
                }
            }
        },
        {
            "cardinality": "HAS_ONE",
            "name": "Vendor",
            "namespace": "celonis",
            "target": {
                "mapped_by": null,
                "mapped_by_namespace": null,
                "object_ref": {
                    "name": "Vendor",
                    "namespace": "celonis"
                }
            }
        },
        {
            "cardinality": "HAS_ONE",
            "name": "VendorInvoice",
            "namespace": "celonis",
            "target": {
                "mapped_by": null,
                "mapped_by_namespace": null,
                "object_ref": {
                    "name": "VendorInvoice",
                    "namespace": "celonis"
                }
            }
        },
        {
            "cardinality": "HAS_MANY",
            "name": "VendorInvoiceItems",
            "namespace": "celonis",
            "target": {
                "mapped_by": "IncomingMaterialDocumentItem",
                "mapped_by_namespace": null,
                "object_ref": {
                    "name": "VendorInvoiceItem",
                    "namespace": "celonis"
                }
            }
        }
    ],
    "tags": [
        "Procurement",
        "AccountsPayable",
        "InventoryManagement",
        "OrderManagement"
    ]
}