{
    "categories": [],
    "change_date": 1737035496756.0,
    "changed_by": {
        "id": "2e501ed7-9bdf-4dd6-8328-d853f30e6a1b",
        "name": "c.demosthenous",
        "type_": "USER"
    },
    "color": "#0A18BB",
    "created_by": {
        "id": "2e501ed7-9bdf-4dd6-8328-d853f30e6a1b",
        "name": "c.demosthenous",
        "type_": "USER"
    },
    "creation_date": 1736244710100.0,
    "description": "",
    "fields": [
        {
            "data_type": "CT_UTF8_STRING",
            "name": "InitialUniqueName",
            "namespace": "custom"
        },
        {
            "data_type": "CT_INSTANT",
            "name": "SubmitDate",
            "namespace": "custom"
        },
        {
            "data_type": "CT_UTF8_STRING",
            "name": "OrderStatusPunchOutDisabled",
            "namespace": "custom"
        },
        {
            "data_type": "CT_DOUBLE",
            "name": "ChargeAmount",
            "namespace": "custom"
        },
        {
            "data_type": "CT_INSTANT",
            "name": "LastModified",
            "namespace": "custom"
        },
        {
            "data_type": "CT_UTF8_STRING",
            "name": "OrderConfirmationState",
            "namespace": "custom"
        },
        {
            "data_type": "CT_UTF8_STRING",
            "name": "AdvancedShipNoticeState",
            "namespace": "custom"
        },
        {
            "data_type": "CT_UTF8_STRING",
            "name": "ChangedBy",
            "namespace": "custom"
        },
        {
            "data_type": "CT_UTF8_STRING",
            "name": "OrderConfirmationStatusString",
            "namespace": "custom"
        },
        {
            "data_type": "CT_INSTANT",
            "name": "ResubmitDate",
            "namespace": "custom"
        },
        {
            "data_type": "CT_LONG",
            "name": "NumberCleared",
            "namespace": "custom"
        },
        {
            "data_type": "CT_DOUBLE",
            "name": "AmountBilled",
            "namespace": "custom"
        },
        {
            "data_type": "CT_UTF8_STRING",
            "name": "UniqueName",
            "namespace": "custom"
        },
        {
            "data_type": "CT_UTF8_STRING",
            "name": "ManuallyOrdered",
            "namespace": "custom"
        },
        {
            "data_type": "CT_DOUBLE",
            "name": "AmountCleared",
            "namespace": "custom"
        },
        {
            "data_type": "CT_UTF8_STRING",
            "name": "OriginatingSystem",
            "namespace": "custom"
        },
        {
            "data_type": "CT_LONG",
            "name": "NumberReceivableLineItems",
            "namespace": "custom"
        },
        {
            "data_type": "CT_DOUBLE",
            "name": "AmountReconciled",
            "namespace": "custom"
        },
        {
            "data_type": "CT_UTF8_STRING",
            "name": "StatusString",
            "namespace": "custom"
        },
        {
            "data_type": "CT_UTF8_STRING",
            "name": "IsBlanketOrder",
            "namespace": "custom"
        },
        {
            "data_type": "CT_DOUBLE",
            "name": "AmountInvoiced",
            "namespace": "custom"
        },
        {
            "data_type": "CT_INSTANT",
            "name": "TimeUpdated",
            "namespace": "custom"
        },
        {
            "data_type": "CT_LONG",
            "name": "VersionNumber",
            "namespace": "custom"
        },
        {
            "data_type": "CT_UTF8_STRING",
            "name": "Type",
            "namespace": "custom"
        },
        {
            "data_type": "CT_INSTANT",
            "name": "ExpirationDate",
            "namespace": "custom"
        },
        {
            "data_type": "CT_UTF8_STRING",
            "name": "IsServiceOrder",
            "namespace": "custom"
        },
        {
            "data_type": "CT_UTF8_STRING",
            "name": "Requisition",
            "namespace": "custom"
        },
        {
            "data_type": "CT_UTF8_STRING",
            "name": "ApprovedState",
            "namespace": "custom"
        },
        {
            "data_type": "CT_UTF8_STRING",
            "name": "InvoicedState",
            "namespace": "custom"
        },
        {
            "data_type": "CT_INSTANT",
            "name": "HoldTillDate",
            "namespace": "custom"
        },
        {
            "data_type": "CT_UTF8_STRING",
            "name": "ReceivedState",
            "namespace": "custom"
        },
        {
            "data_type": "CT_LONG",
            "name": "NumberReceivableOrders",
            "namespace": "custom"
        },
        {
            "data_type": "CT_UTF8_STRING",
            "name": "OrderID",
            "namespace": "custom"
        },
        {
            "data_type": "CT_INSTANT",
            "name": "CreateDate",
            "namespace": "custom"
        },
        {
            "data_type": "CT_UTF8_STRING",
            "name": "Conditions",
            "namespace": "custom"
        },
        {
            "data_type": "CT_UTF8_STRING",
            "name": "Name",
            "namespace": "custom"
        },
        {
            "data_type": "CT_INSTANT",
            "name": "TimeCreated",
            "namespace": "custom"
        },
        {
            "data_type": "CT_LONG",
            "name": "Version",
            "namespace": "custom"
        },
        {
            "data_type": "CT_INSTANT",
            "name": "InvoicedDate",
            "namespace": "custom"
        },
        {
            "data_type": "CT_UTF8_STRING",
            "name": "UsePOLineNumberForIntegration",
            "namespace": "custom"
        },
        {
            "data_type": "CT_INSTANT",
            "name": "ApprovedDate",
            "namespace": "custom"
        },
        {
            "data_type": "CT_UTF8_STRING",
            "name": "OrderedState",
            "namespace": "custom"
        },
        {
            "data_type": "CT_LONG",
            "name": "PreviousApprovalRequestsVersion",
            "namespace": "custom"
        },
        {
            "data_type": "CT_UTF8_STRING",
            "name": "OrderMethodCategory",
            "namespace": "custom"
        },
        {
            "data_type": "CT_UTF8_STRING",
            "name": "RejectionReason",
            "namespace": "custom"
        },
        {
            "data_type": "CT_UTF8_STRING",
            "name": "Active",
            "namespace": "custom"
        },
        {
            "data_type": "CT_INSTANT",
            "name": "ReceivedDate",
            "namespace": "custom"
        },
        {
            "data_type": "CT_LONG",
            "name": "NumberBilled",
            "namespace": "custom"
        },
        {
            "data_type": "CT_INSTANT",
            "name": "OrderedDate",
            "namespace": "custom"
        },
        {
            "data_type": "CT_UTF8_STRING",
            "name": "IsFromExternalReq",
            "namespace": "custom"
        },
        {
            "data_type": "CT_UTF8_STRING",
            "name": "PaymentTerms",
            "namespace": "custom"
        },
        {
            "data_type": "CT_UTF8_STRING",
            "name": "PreOrdered",
            "namespace": "custom"
        },
        {
            "data_type": "CT_UTF8_STRING",
            "name": "PreviousVersion",
            "namespace": "custom"
        },
        {
            "data_type": "CT_LONG",
            "name": "ApprovalRequestsVersion",
            "namespace": "custom"
        },
        {
            "data_type": "CT_UTF8_STRING",
            "name": "OriginatingSystemReferenceID",
            "namespace": "custom"
        },
        {
            "data_type": "CT_UTF8_STRING",
            "name": "Closed",
            "namespace": "custom"
        },
        {
            "data_type": "CT_UTF8_STRING",
            "name": "SupplierLocationState",
            "namespace": "custom"
        },
        {
            "data_type": "CT_UTF8_STRING",
            "name": "SupplierLocationPhone",
            "namespace": "custom"
        },
        {
            "data_type": "CT_UTF8_STRING",
            "name": "SupplierLocationCountryUniqueName",
            "namespace": "custom"
        },
        {
            "data_type": "CT_UTF8_STRING",
            "name": "SupplierLocationPostalCode",
            "namespace": "custom"
        },
        {
            "data_type": "CT_UTF8_STRING",
            "name": "SupplierLocationCity",
            "namespace": "custom"
        },
        {
            "data_type": "CT_UTF8_STRING",
            "name": "SupplierLocationFax",
            "namespace": "custom"
        },
        {
            "data_type": "CT_UTF8_STRING",
            "name": "SupplierLocationUniqueName",
            "namespace": "custom"
        },
        {
            "data_type": "CT_UTF8_STRING",
            "name": "SupplierLocationName",
            "namespace": "custom"
        },
        {
            "data_type": "CT_UTF8_STRING",
            "name": "SupplierLocationLines",
            "namespace": "custom"
        },
        {
            "data_type": "CT_UTF8_STRING",
            "name": "ChargeAmountAmountInReportingCurrency",
            "namespace": "custom"
        },
        {
            "data_type": "CT_UTF8_STRING",
            "name": "ChargeAmountApproxAmountInBaseCurrency",
            "namespace": "custom"
        },
        {
            "data_type": "CT_DOUBLE",
            "name": "ChargeAmountAmount",
            "namespace": "custom"
        },
        {
            "data_type": "CT_INSTANT",
            "name": "ChargeAmountConversionDate",
            "namespace": "custom"
        },
        {
            "data_type": "CT_UTF8_STRING",
            "name": "ChargeAmountCurrencyUniqueName",
            "namespace": "custom"
        },
        {
            "data_type": "CT_UTF8_STRING",
            "name": "ConditionsUniqueName",
            "namespace": "custom"
        },
        {
            "data_type": "CT_DOUBLE",
            "name": "ConditionsTAndCVersion",
            "namespace": "custom"
        },
        {
            "data_type": "CT_DOUBLE",
            "name": "TotalCostAmountInReportingCurrency",
            "namespace": "custom"
        },
        {
            "data_type": "CT_DOUBLE",
            "name": "TotalCostApproxAmountInBaseCurrency",
            "namespace": "custom"
        },
        {
            "data_type": "CT_DOUBLE",
            "name": "TotalCostAmount",
            "namespace": "custom"
        },
        {
            "data_type": "CT_INSTANT",
            "name": "TotalCostConversionDate",
            "namespace": "custom"
        },
        {
            "data_type": "CT_UTF8_STRING",
            "name": "TotalCostCurrencyUniqueName",
            "namespace": "custom"
        },
        {
            "data_type": "CT_UTF8_STRING",
            "name": "RequesterUniqueName",
            "namespace": "custom"
        },
        {
            "data_type": "CT_DOUBLE",
            "name": "AmountAcceptedAmountInReportingCurrency",
            "namespace": "custom"
        },
        {
            "data_type": "CT_DOUBLE",
            "name": "AmountAcceptedApproxAmountInBaseCurrency",
            "namespace": "custom"
        },
        {
            "data_type": "CT_DOUBLE",
            "name": "AmountAcceptedAmount",
            "namespace": "custom"
        },
        {
            "data_type": "CT_INSTANT",
            "name": "AmountAcceptedConversionDate",
            "namespace": "custom"
        },
        {
            "data_type": "CT_UTF8_STRING",
            "name": "AmountAcceptedCurrencyUniqueName",
            "namespace": "custom"
        },
        {
            "data_type": "CT_UTF8_STRING",
            "name": "ChangedByUniqueName",
            "namespace": "custom"
        },
        {
            "data_type": "CT_DOUBLE",
            "name": "AmountBilledAmountInReportingCurrency",
            "namespace": "custom"
        },
        {
            "data_type": "CT_DOUBLE",
            "name": "AmountBilledApproxAmountInBaseCurrency",
            "namespace": "custom"
        },
        {
            "data_type": "CT_DOUBLE",
            "name": "AmountBilledAmount",
            "namespace": "custom"
        },
        {
            "data_type": "CT_INSTANT",
            "name": "AmountBilledConversionDate",
            "namespace": "custom"
        },
        {
            "data_type": "CT_UTF8_STRING",
            "name": "AmountBilledCurrencyUniqueName",
            "namespace": "custom"
        },
        {
            "data_type": "CT_UTF8_STRING",
            "name": "NextVersionUniqueName",
            "namespace": "custom"
        },
        {
            "data_type": "CT_UTF8_STRING",
            "name": "ReportingCurrencyUniqueName",
            "namespace": "custom"
        },
        {
            "data_type": "CT_UTF8_STRING",
            "name": "MasterAgreementUniqueName",
            "namespace": "custom"
        },
        {
            "data_type": "CT_DOUBLE",
            "name": "AmountClearedAmountInReportingCurrency",
            "namespace": "custom"
        },
        {
            "data_type": "CT_DOUBLE",
            "name": "AmountClearedApproxAmountInBaseCurrency",
            "namespace": "custom"
        },
        {
            "data_type": "CT_DOUBLE",
            "name": "AmountClearedAmount",
            "namespace": "custom"
        },
        {
            "data_type": "CT_INSTANT",
            "name": "AmountClearedConversionDate",
            "namespace": "custom"
        },
        {
            "data_type": "CT_UTF8_STRING",
            "name": "AmountClearedCurrencyUniqueName",
            "namespace": "custom"
        },
        {
            "data_type": "CT_UTF8_STRING",
            "name": "PaymentTermsUniqueName",
            "namespace": "custom"
        },
        {
            "data_type": "CT_DOUBLE",
            "name": "AmountReconciledAmountInReportingCurrency",
            "namespace": "custom"
        },
        {
            "data_type": "CT_DOUBLE",
            "name": "AmountReconciledApproxAmountInBaseCurrency",
            "namespace": "custom"
        },
        {
            "data_type": "CT_DOUBLE",
            "name": "AmountReconciledAmount",
            "namespace": "custom"
        },
        {
            "data_type": "CT_INSTANT",
            "name": "AmountReconciledConversionDate",
            "namespace": "custom"
        },
        {
            "data_type": "CT_UTF8_STRING",
            "name": "AmountReconciledCurrencyUniqueName",
            "namespace": "custom"
        },
        {
            "data_type": "CT_DOUBLE",
            "name": "AmountRejectedAmountInReportingCurrency",
            "namespace": "custom"
        },
        {
            "data_type": "CT_DOUBLE",
            "name": "AmountRejectedApproxAmountInBaseCurrency",
            "namespace": "custom"
        },
        {
            "data_type": "CT_DOUBLE",
            "name": "AmountRejectedAmount",
            "namespace": "custom"
        },
        {
            "data_type": "CT_INSTANT",
            "name": "AmountRejectedConversionDate",
            "namespace": "custom"
        },
        {
            "data_type": "CT_UTF8_STRING",
            "name": "AmountRejectedCurrencyUniqueName",
            "namespace": "custom"
        },
        {
            "data_type": "CT_UTF8_STRING",
            "name": "SupplierUniqueName",
            "namespace": "custom"
        },
        {
            "data_type": "CT_UTF8_STRING",
            "name": "SupplierName",
            "namespace": "custom"
        },
        {
            "data_type": "CT_UTF8_STRING",
            "name": "PreviousVersionUniqueName",
            "namespace": "custom"
        },
        {
            "data_type": "CT_DOUBLE",
            "name": "AmountInvoicedAmountInReportingCurrency",
            "namespace": "custom"
        },
        {
            "data_type": "CT_DOUBLE",
            "name": "AmountInvoicedApproxAmountInBaseCurrency",
            "namespace": "custom"
        },
        {
            "data_type": "CT_DOUBLE",
            "name": "AmountInvoicedAmount",
            "namespace": "custom"
        },
        {
            "data_type": "CT_INSTANT",
            "name": "AmountInvoicedConversionDate",
            "namespace": "custom"
        },
        {
            "data_type": "CT_UTF8_STRING",
            "name": "AmountInvoicedCurrencyUniqueName",
            "namespace": "custom"
        },
        {
            "data_type": "CT_UTF8_STRING",
            "name": "PreparerUniqueName",
            "namespace": "custom"
        },
        {
            "data_type": "CT_UTF8_STRING",
            "name": "RequisitionUniqueName",
            "namespace": "custom"
        },
        {
            "data_type": "CT_UTF8_STRING",
            "name": "CompanyCodeUniqueName",
            "namespace": "custom"
        },
        {
            "data_type": "CT_UTF8_STRING",
            "name": "ID",
            "namespace": "custom"
        }
    ],
    "id": "8ae18e7d-b1a2-480c-a805-a33a7363065a",
    "managed": true,
    "multi_link": false,
    "name": "ERPOrder",
    "namespace": "custom",
    "relationships": [
        {
            "cardinality": "HAS_MANY",
            "name": "ERPOrderHistory",
            "namespace": "custom",
            "target": {
                "mapped_by": "ERPOrder",
                "mapped_by_namespace": "custom",
                "object_ref": {
                    "name": "ERPOrderHistory",
                    "namespace": "custom"
                }
            }
        },
        {
            "cardinality": "HAS_MANY",
            "name": "ERPOrderLineItem",
            "namespace": "custom",
            "target": {
                "mapped_by": "ERPOrder",
                "mapped_by_namespace": "custom",
                "object_ref": {
                    "name": "ERPOrderLineItem",
                    "namespace": "custom"
                }
            }
        },
        {
            "cardinality": "HAS_ONE",
            "name": "PurchaseOrder",
            "namespace": "custom",
            "target": {
                "mapped_by": null,
                "mapped_by_namespace": null,
                "object_ref": {
                    "name": "PurchaseOrder",
                    "namespace": "celonis"
                }
            }
        }
    ],
    "tags": []
}