{
    "categories": [],
    "change_date": 1737126795828.0,
    "changed_by": {
        "id": "2e501ed7-9bdf-4dd6-8328-d853f30e6a1b",
        "name": "c.demosthenous",
        "type_": "USER"
    },
    "color": "#1E4ADF",
    "created_by": {
        "id": "2e501ed7-9bdf-4dd6-8328-d853f30e6a1b",
        "name": "c.demosthenous",
        "type_": "USER"
    },
    "creation_date": 1737126795828.0,
    "description": "",
    "fields": [
        {
            "data_type": "CT_UTF8_STRING",
            "name": "ID",
            "namespace": "custom"
        },
        {
            "data_type": "CT_UTF8_STRING",
            "name": "Uniquename",
            "namespace": "custom"
        },
        {
            "data_type": "CT_BOOLEAN",
            "name": "Excludechargesonavailableamount",
            "namespace": "custom"
        },
        {
            "data_type": "CT_BOOLEAN",
            "name": "Createsubscription",
            "namespace": "custom"
        },
        {
            "data_type": "CT_INSTANT",
            "name": "Createdate",
            "namespace": "custom"
        },
        {
            "data_type": "CT_UTF8_STRING",
            "name": "Termtype",
            "namespace": "custom"
        },
        {
            "data_type": "CT_UTF8_STRING",
            "name": "Name",
            "namespace": "custom"
        },
        {
            "data_type": "CT_BOOLEAN",
            "name": "Hideunitprice",
            "namespace": "custom"
        },
        {
            "data_type": "CT_UTF8_STRING",
            "name": "Limittype",
            "namespace": "custom"
        },
        {
            "data_type": "CT_BOOLEAN",
            "name": "Excludetaxesonavailableamount",
            "namespace": "custom"
        },
        {
            "data_type": "CT_LONG",
            "name": "Notificationrecurringdays",
            "namespace": "custom"
        },
        {
            "data_type": "CT_BOOLEAN",
            "name": "Isnoncatalogitemsaccumulated",
            "namespace": "custom"
        },
        {
            "data_type": "CT_DOUBLE",
            "name": "Minavailableamountnotificationpercent",
            "namespace": "custom"
        },
        {
            "data_type": "CT_BOOLEAN",
            "name": "Isreceivable",
            "namespace": "custom"
        },
        {
            "data_type": "CT_UTF8_STRING",
            "name": "Procurementunit",
            "namespace": "custom"
        },
        {
            "data_type": "CT_UTF8_STRING",
            "name": "Purchaseorg",
            "namespace": "custom"
        },
        {
            "data_type": "CT_BOOLEAN",
            "name": "Globalreleaseflag",
            "namespace": "custom"
        },
        {
            "data_type": "CT_BOOLEAN",
            "name": "Active",
            "namespace": "custom"
        },
        {
            "data_type": "CT_BOOLEAN",
            "name": "Ishardreleaseminamount",
            "namespace": "custom"
        },
        {
            "data_type": "CT_BOOLEAN",
            "name": "Applysupandcommtermstononcatalogitems",
            "namespace": "custom"
        },
        {
            "data_type": "CT_DOUBLE",
            "name": "Releasetolerancepercent",
            "namespace": "custom"
        },
        {
            "data_type": "CT_LONG",
            "name": "Minavailableamountnotificationdays",
            "namespace": "custom"
        },
        {
            "data_type": "CT_UTF8_STRING",
            "name": "Hierarchicaltype",
            "namespace": "custom"
        },
        {
            "data_type": "CT_UTF8_STRING",
            "name": "Description",
            "namespace": "custom"
        },
        {
            "data_type": "CT_BOOLEAN",
            "name": "Allownoncatalogoninvoice",
            "namespace": "custom"
        },
        {
            "data_type": "CT_UTF8_STRING",
            "name": "Masteragreement",
            "namespace": "custom"
        },
        {
            "data_type": "CT_UTF8_STRING",
            "name": "Externalid",
            "namespace": "custom"
        },
        {
            "data_type": "CT_LONG",
            "name": "Notificationdays",
            "namespace": "custom"
        },
        {
            "data_type": "CT_BOOLEAN",
            "name": "Ishardreleasemaxamount",
            "namespace": "custom"
        },
        {
            "data_type": "CT_UTF8_STRING",
            "name": "Parentagreement",
            "namespace": "custom"
        },
        {
            "data_type": "CT_UTF8_STRING",
            "name": "Paymentterms",
            "namespace": "custom"
        },
        {
            "data_type": "CT_BOOLEAN",
            "name": "Ishardmaxamount",
            "namespace": "custom"
        },
        {
            "data_type": "CT_UTF8_STRING",
            "name": "Externalsourcingid",
            "namespace": "custom"
        },
        {
            "data_type": "CT_BOOLEAN",
            "name": "Useexternalidforma",
            "namespace": "custom"
        },
        {
            "data_type": "CT_UTF8_STRING",
            "name": "Physicallocation",
            "namespace": "custom"
        },
        {
            "data_type": "CT_UTF8_STRING",
            "name": "Releasetype",
            "namespace": "custom"
        },
        {
            "data_type": "CT_UTF8_STRING",
            "name": "Statusstring",
            "namespace": "custom"
        },
        {
            "data_type": "CT_BOOLEAN",
            "name": "Isinvoiceable",
            "namespace": "custom"
        },
        {
            "data_type": "CT_BOOLEAN",
            "name": "Isblanketpurchaseorder",
            "namespace": "custom"
        },
        {
            "data_type": "CT_LONG",
            "name": "Versionnumber",
            "namespace": "custom"
        },
        {
            "data_type": "CT_BOOLEAN",
            "name": "Includesubagreementaccumulators",
            "namespace": "custom"
        },
        {
            "data_type": "CT_INSTANT",
            "name": "Expirationdate",
            "namespace": "custom"
        },
        {
            "data_type": "CT_BOOLEAN",
            "name": "Hideamount",
            "namespace": "custom"
        },
        {
            "data_type": "CT_BOOLEAN",
            "name": "Evergreen",
            "namespace": "custom"
        },
        {
            "data_type": "CT_UTF8_STRING",
            "name": "Companycode",
            "namespace": "custom"
        },
        {
            "data_type": "CT_INSTANT",
            "name": "Effectivedate",
            "namespace": "custom"
        },
        {
            "data_type": "CT_UTF8_STRING",
            "name": "RequesterPasswordadapter",
            "namespace": "custom"
        },
        {
            "data_type": "CT_UTF8_STRING",
            "name": "RequesterUniquename",
            "namespace": "custom"
        },
        {
            "data_type": "CT_UTF8_STRING",
            "name": "RequesterName",
            "namespace": "custom"
        },
        {
            "data_type": "CT_UTF8_STRING",
            "name": "CurrencyUniquename",
            "namespace": "custom"
        },
        {
            "data_type": "CT_UTF8_STRING",
            "name": "CurrencyName",
            "namespace": "custom"
        },
        {
            "data_type": "CT_UTF8_STRING",
            "name": "ReleasemaxamountAmount",
            "namespace": "custom"
        },
        {
            "data_type": "CT_UTF8_STRING",
            "name": "ReleasemaxamountCurrencyUniquename",
            "namespace": "custom"
        },
        {
            "data_type": "CT_UTF8_STRING",
            "name": "ReleasemaxamountCurrencyName",
            "namespace": "custom"
        },
        {
            "data_type": "CT_UTF8_STRING",
            "name": "ReleaseminamountAmount",
            "namespace": "custom"
        },
        {
            "data_type": "CT_UTF8_STRING",
            "name": "ReleaseminamountCurrencyUniquename",
            "namespace": "custom"
        },
        {
            "data_type": "CT_UTF8_STRING",
            "name": "ReleaseminamountCurrencyName",
            "namespace": "custom"
        },
        {
            "data_type": "CT_UTF8_STRING",
            "name": "MaxamountAmount",
            "namespace": "custom"
        },
        {
            "data_type": "CT_UTF8_STRING",
            "name": "MaxamountCurrencyUniquename",
            "namespace": "custom"
        },
        {
            "data_type": "CT_UTF8_STRING",
            "name": "MaxamountCurrencyName",
            "namespace": "custom"
        },
        {
            "data_type": "CT_UTF8_STRING",
            "name": "MinamountAmount",
            "namespace": "custom"
        },
        {
            "data_type": "CT_UTF8_STRING",
            "name": "MinamountCurrencyUniquename",
            "namespace": "custom"
        },
        {
            "data_type": "CT_UTF8_STRING",
            "name": "MinamountCurrencyName",
            "namespace": "custom"
        },
        {
            "data_type": "CT_UTF8_STRING",
            "name": "PreloadamountAmount",
            "namespace": "custom"
        },
        {
            "data_type": "CT_UTF8_STRING",
            "name": "PreloadamountCurrencyUniquename",
            "namespace": "custom"
        },
        {
            "data_type": "CT_UTF8_STRING",
            "name": "PreloadamountCurrencyName",
            "namespace": "custom"
        },
        {
            "data_type": "CT_UTF8_STRING",
            "name": "SetidName",
            "namespace": "custom"
        },
        {
            "data_type": "CT_UTF8_STRING",
            "name": "SetidUniquename",
            "namespace": "custom"
        },
        {
            "data_type": "CT_UTF8_STRING",
            "name": "SourcingdestinationName",
            "namespace": "custom"
        },
        {
            "data_type": "CT_UTF8_STRING",
            "name": "SourcingdestinationUniquename",
            "namespace": "custom"
        },
        {
            "data_type": "CT_UTF8_STRING",
            "name": "SupplierBuyersystemid",
            "namespace": "custom"
        },
        {
            "data_type": "CT_UTF8_STRING",
            "name": "SupplierErpvendorid",
            "namespace": "custom"
        },
        {
            "data_type": "CT_UTF8_STRING",
            "name": "SupplierName",
            "namespace": "custom"
        },
        {
            "data_type": "CT_UTF8_STRING",
            "name": "SupplierSupplieranid",
            "namespace": "custom"
        },
        {
            "data_type": "CT_UTF8_STRING",
            "name": "SupplierUniquename",
            "namespace": "custom"
        },
        {
            "data_type": "CT_UTF8_STRING",
            "name": "SupplierlocationUniquename",
            "namespace": "custom"
        },
        {
            "data_type": "CT_UTF8_STRING",
            "name": "SupplierlocationContactid",
            "namespace": "custom"
        },
        {
            "data_type": "CT_UTF8_STRING",
            "name": "SupplierlocationName",
            "namespace": "custom"
        },
        {
            "data_type": "CT_UTF8_STRING",
            "name": "ForecastedspendFrequencyName",
            "namespace": "custom"
        },
        {
            "data_type": "CT_UTF8_STRING",
            "name": "ForecastedspendFrequencyUniquename",
            "namespace": "custom"
        },
        {
            "data_type": "CT_UTF8_STRING",
            "name": "ForecastedspendItems",
            "namespace": "custom"
        },
        {
            "data_type": "CT_UTF8_STRING",
            "name": "ForecastedspendSavingpercentage",
            "namespace": "custom"
        },
        {
            "data_type": "CT_UTF8_STRING",
            "name": "ForecastedspendTotalamountAmount",
            "namespace": "custom"
        },
        {
            "data_type": "CT_UTF8_STRING",
            "name": "ForecastedspendTotalamountCurrencyName",
            "namespace": "custom"
        },
        {
            "data_type": "CT_UTF8_STRING",
            "name": "ForecastedspendTotalamountCurrencyUniquename",
            "namespace": "custom"
        },
        {
            "data_type": "CT_UTF8_STRING",
            "name": "PreparerPasswordadapter",
            "namespace": "custom"
        },
        {
            "data_type": "CT_UTF8_STRING",
            "name": "PreparerUniquename",
            "namespace": "custom"
        },
        {
            "data_type": "CT_UTF8_STRING",
            "name": "PreparerName",
            "namespace": "custom"
        }
    ],
    "id": "f87b07c7-c1a5-4959-824f-fe1e8e00af4a",
    "managed": true,
    "multi_link": false,
    "name": "ContractRequest",
    "namespace": "custom",
    "relationships": [],
    "tags": []
}