{
    "categories": [
        {
            "metadata": {
                "name": "Processes",
                "namespace": "celonis"
            },
            "values": [
                {
                    "name": "Procurement",
                    "namespace": "celonis"
                },
                {
                    "name": "AccountsPayable",
                    "namespace": "celonis"
                }
            ]
        }
    ],
    "change_date": 1727172986169.0,
    "changed_by": {
        "id": "cccccccc-cccc-cccc-cccc-cccccccccccc",
        "name": "Celonis",
        "type_": "APPLICATION"
    },
    "color": "#48BF96",
    "created_by": {
        "id": "cccccccc-cccc-cccc-cccc-cccccccccccc",
        "name": "Celonis",
        "type_": "APPLICATION"
    },
    "creation_date": 1727172986169.0,
    "description": null,
    "fields": [
        {
            "data_type": "CT_UTF8_STRING",
            "name": "ID",
            "namespace": "DuplicateInvoiceChecker"
        },
        {
            "data_type": "CT_INSTANT",
            "name": "CreationTime",
            "namespace": "DuplicateInvoiceChecker"
        },
        {
            "data_type": "CT_UTF8_STRING",
            "name": "Client",
            "namespace": "DuplicateInvoiceChecker"
        },
        {
            "data_type": "CT_UTF8_STRING",
            "name": "DocumentLedgeNumber",
            "namespace": "DuplicateInvoiceChecker"
        },
        {
            "data_type": "CT_UTF8_STRING",
            "name": "CompanyCode",
            "namespace": "DuplicateInvoiceChecker"
        },
        {
            "data_type": "CT_UTF8_STRING",
            "name": "SystemAccountingDocumentNumber",
            "namespace": "DuplicateInvoiceChecker"
        },
        {
            "data_type": "CT_UTF8_STRING",
            "name": "FiscalYear",
            "namespace": "DuplicateInvoiceChecker"
        },
        {
            "data_type": "CT_UTF8_STRING",
            "name": "ObjectKey",
            "namespace": "DuplicateInvoiceChecker"
        },
        {
            "data_type": "CT_INSTANT",
            "name": "SystemDate",
            "namespace": "DuplicateInvoiceChecker"
        },
        {
            "data_type": "CT_UTF8_STRING",
            "name": "UserResponsibleForDocumentCreation",
            "namespace": "DuplicateInvoiceChecker"
        },
        {
            "data_type": "CT_INSTANT",
            "name": "ArchiveDate",
            "namespace": "DuplicateInvoiceChecker"
        },
        {
            "data_type": "CT_UTF8_STRING",
            "name": "ArchiveUser",
            "namespace": "DuplicateInvoiceChecker"
        },
        {
            "data_type": "CT_INSTANT",
            "name": "DateIn",
            "namespace": "DuplicateInvoiceChecker"
        },
        {
            "data_type": "CT_UTF8_STRING",
            "name": "CurrencyKey",
            "namespace": "DuplicateInvoiceChecker"
        },
        {
            "data_type": "CT_UTF8_STRING",
            "name": "AccountNumberOfVendorCreditor",
            "namespace": "DuplicateInvoiceChecker"
        },
        {
            "data_type": "CT_UTF8_STRING",
            "name": "ProcessType",
            "namespace": "DuplicateInvoiceChecker"
        },
        {
            "data_type": "CT_UTF8_STRING",
            "name": "DocumentType",
            "namespace": "DuplicateInvoiceChecker"
        },
        {
            "data_type": "CT_DOUBLE",
            "name": "GrossAmount",
            "namespace": "DuplicateInvoiceChecker"
        },
        {
            "data_type": "CT_DOUBLE",
            "name": "NetAmount",
            "namespace": "DuplicateInvoiceChecker"
        },
        {
            "data_type": "CT_DOUBLE",
            "name": "TaxAmount",
            "namespace": "DuplicateInvoiceChecker"
        },
        {
            "data_type": "CT_UTF8_STRING",
            "name": "DocumentNumber",
            "namespace": "DuplicateInvoiceChecker"
        },
        {
            "data_type": "CT_UTF8_STRING",
            "name": "SourceSystemType",
            "namespace": "DuplicateInvoiceChecker"
        },
        {
            "data_type": "CT_UTF8_STRING",
            "name": "Status",
            "namespace": "DuplicateInvoiceChecker"
        },
        {
            "data_type": "CT_UTF8_STRING",
            "name": "VendorNumber",
            "namespace": "DuplicateInvoiceChecker"
        }
    ],
    "id": "33c75d21-df61-4262-ad32-f8c2c9665ba7",
    "managed": true,
    "multi_link": false,
    "name": "InvoiceIngestionDocument",
    "namespace": "DuplicateInvoiceChecker",
    "relationships": [
        {
            "cardinality": "HAS_MANY",
            "name": "InvoiceIngestionDocumentItem",
            "namespace": "DuplicateInvoiceChecker",
            "target": {
                "mapped_by": "InvoiceIngestionDocument",
                "mapped_by_namespace": null,
                "object_ref": {
                    "name": "InvoiceIngestionDocumentItem",
                    "namespace": "DuplicateInvoiceChecker"
                }
            }
        },
        {
            "cardinality": "HAS_MANY",
            "name": "VendorAccountCreditItem",
            "namespace": "DuplicateInvoiceChecker",
            "target": {
                "mapped_by": null,
                "mapped_by_namespace": null,
                "object_ref": {
                    "name": "VendorAccountCreditItem",
                    "namespace": "celonis"
                }
            }
        },
        {
            "cardinality": "HAS_MANY",
            "name": "VendorAccountDebitItem",
            "namespace": "DuplicateInvoiceChecker",
            "target": {
                "mapped_by": null,
                "mapped_by_namespace": null,
                "object_ref": {
                    "name": "VendorAccountDebitItem",
                    "namespace": "celonis"
                }
            }
        }
    ],
    "tags": [
        "Procurement",
        "AccountsPayable"
    ]
}