{
    "categories": [],
    "change_date": 1737036112975.0,
    "changed_by": {
        "id": "2e501ed7-9bdf-4dd6-8328-d853f30e6a1b",
        "name": "c.demosthenous",
        "type_": "USER"
    },
    "color": "#0A18BB",
    "created_by": {
        "id": "2e501ed7-9bdf-4dd6-8328-d853f30e6a1b",
        "name": "c.demosthenous",
        "type_": "USER"
    },
    "creation_date": 1736244710430.0,
    "description": "",
    "fields": [
        {
            "data_type": "CT_UTF8_STRING",
            "name": "ID",
            "namespace": "custom"
        },
        {
            "data_type": "CT_LONG",
            "name": "NumberShipped",
            "namespace": "custom"
        },
        {
            "data_type": "CT_LONG",
            "name": "NumberInCollection",
            "namespace": "custom"
        },
        {
            "data_type": "CT_UTF8_STRING",
            "name": "TaxDetailPurpose",
            "namespace": "custom"
        },
        {
            "data_type": "CT_UTF8_STRING",
            "name": "Closed",
            "namespace": "custom"
        },
        {
            "data_type": "CT_UTF8_STRING",
            "name": "Carrier",
            "namespace": "custom"
        },
        {
            "data_type": "CT_LONG",
            "name": "NumberOnReq",
            "namespace": "custom"
        },
        {
            "data_type": "CT_UTF8_STRING",
            "name": "OrderID",
            "namespace": "custom"
        },
        {
            "data_type": "CT_UTF8_STRING",
            "name": "TaxDetailExemptDetail",
            "namespace": "custom"
        },
        {
            "data_type": "CT_DOUBLE",
            "name": "DiscountAmount",
            "namespace": "custom"
        },
        {
            "data_type": "CT_DOUBLE",
            "name": "AmountInvoiced",
            "namespace": "custom"
        },
        {
            "data_type": "CT_UTF8_STRING",
            "name": "IsPriceModifiedByUser",
            "namespace": "custom"
        },
        {
            "data_type": "CT_UTF8_STRING",
            "name": "SAPPlant",
            "namespace": "custom"
        },
        {
            "data_type": "CT_DOUBLE",
            "name": "ServiceDetailsMaxAmount",
            "namespace": "custom"
        },
        {
            "data_type": "CT_UTF8_STRING",
            "name": "LineConfirmationStatus",
            "namespace": "custom"
        },
        {
            "data_type": "CT_DOUBLE",
            "name": "VATAmount",
            "namespace": "custom"
        },
        {
            "data_type": "CT_DOUBLE",
            "name": "TaxDetailTaxAmount",
            "namespace": "custom"
        },
        {
            "data_type": "CT_DOUBLE",
            "name": "ServiceDetailsRequiresServiceEntry",
            "namespace": "custom"
        },
        {
            "data_type": "CT_DOUBLE",
            "name": "OriginalPrice",
            "namespace": "custom"
        },
        {
            "data_type": "CT_UTF8_STRING",
            "name": "IsAdHoc",
            "namespace": "custom"
        },
        {
            "data_type": "CT_UTF8_STRING",
            "name": "TaxCode",
            "namespace": "custom"
        },
        {
            "data_type": "CT_INSTANT",
            "name": "TaxDetailPaymentDate",
            "namespace": "custom"
        },
        {
            "data_type": "CT_UTF8_STRING",
            "name": "CarrierMethod",
            "namespace": "custom"
        },
        {
            "data_type": "CT_DOUBLE",
            "name": "LineType",
            "namespace": "custom"
        },
        {
            "data_type": "CT_UTF8_STRING",
            "name": "TaxDetailFormulaString",
            "namespace": "custom"
        },
        {
            "data_type": "CT_INSTANT",
            "name": "ServiceDetailsServiceStartDate",
            "namespace": "custom"
        },
        {
            "data_type": "CT_INSTANT",
            "name": "StartDate",
            "namespace": "custom"
        },
        {
            "data_type": "CT_LONG",
            "name": "NumberConfirmedAccepted",
            "namespace": "custom"
        },
        {
            "data_type": "CT_UTF8_STRING",
            "name": "DescriptionSupplierPartAuxiliaryID",
            "namespace": "custom"
        },
        {
            "data_type": "CT_DOUBLE",
            "name": "TaxAmount",
            "namespace": "custom"
        },
        {
            "data_type": "CT_INSTANT",
            "name": "OrderedDate",
            "namespace": "custom"
        },
        {
            "data_type": "CT_UTF8_STRING",
            "name": "TaxDetailTriangularTransactionLawReference",
            "namespace": "custom"
        },
        {
            "data_type": "CT_UTF8_STRING",
            "name": "DescriptionManPartNumber",
            "namespace": "custom"
        },
        {
            "data_type": "CT_INSTANT",
            "name": "TaxDetailTaxPointDate",
            "namespace": "custom"
        },
        {
            "data_type": "CT_DOUBLE",
            "name": "TaxDetailTaxableAmount",
            "namespace": "custom"
        },
        {
            "data_type": "CT_DOUBLE",
            "name": "TaxDetailPerUnit",
            "namespace": "custom"
        },
        {
            "data_type": "CT_DOUBLE",
            "name": "Quantity",
            "namespace": "custom"
        },
        {
            "data_type": "CT_UTF8_STRING",
            "name": "DescriptionManName",
            "namespace": "custom"
        },
        {
            "data_type": "CT_UTF8_STRING",
            "name": "DescriptionExtendedDescription",
            "namespace": "custom"
        },
        {
            "data_type": "CT_UTF8_STRING",
            "name": "ParentLineNumber",
            "namespace": "custom"
        },
        {
            "data_type": "CT_DOUBLE",
            "name": "TaxDetailIsDeductible",
            "namespace": "custom"
        },
        {
            "data_type": "CT_UTF8_STRING",
            "name": "BoughtFromPreferredSupplier",
            "namespace": "custom"
        },
        {
            "data_type": "CT_LONG",
            "name": "NumberConfirmedBackOrdered",
            "namespace": "custom"
        },
        {
            "data_type": "CT_DOUBLE",
            "name": "TaxDetailPercent",
            "namespace": "custom"
        },
        {
            "data_type": "CT_UTF8_STRING",
            "name": "DeliverTo",
            "namespace": "custom"
        },
        {
            "data_type": "CT_UTF8_STRING",
            "name": "DescriptionDescription",
            "namespace": "custom"
        },
        {
            "data_type": "CT_LONG",
            "name": "NumberConfirmedSubstituted",
            "namespace": "custom"
        },
        {
            "data_type": "CT_LONG",
            "name": "NumberConfirmedAcceptedWithChanges",
            "namespace": "custom"
        },
        {
            "data_type": "CT_INSTANT",
            "name": "NeedBy",
            "namespace": "custom"
        },
        {
            "data_type": "CT_DOUBLE",
            "name": "ChargeAmount",
            "namespace": "custom"
        },
        {
            "data_type": "CT_DOUBLE",
            "name": "ServiceDetailsServiceLine",
            "namespace": "custom"
        },
        {
            "data_type": "CT_DOUBLE",
            "name": "TaxDetailAlternateTaxAmount",
            "namespace": "custom"
        },
        {
            "data_type": "CT_UTF8_STRING",
            "name": "TaxDetailDescription",
            "namespace": "custom"
        },
        {
            "data_type": "CT_UTF8_STRING",
            "name": "TaxDetailTaxLocation",
            "namespace": "custom"
        },
        {
            "data_type": "CT_INSTANT",
            "name": "DueOn",
            "namespace": "custom"
        },
        {
            "data_type": "CT_UTF8_STRING",
            "name": "ERSAllowed",
            "namespace": "custom"
        },
        {
            "data_type": "CT_UTF8_STRING",
            "name": "IsRecurring",
            "namespace": "custom"
        },
        {
            "data_type": "CT_UTF8_STRING",
            "name": "TaxDetailCategory",
            "namespace": "custom"
        },
        {
            "data_type": "CT_UTF8_STRING",
            "name": "TaxDetailComponent",
            "namespace": "custom"
        },
        {
            "data_type": "CT_INSTANT",
            "name": "EndDate",
            "namespace": "custom"
        },
        {
            "data_type": "CT_UTF8_STRING",
            "name": "OrderMethodCategory",
            "namespace": "custom"
        },
        {
            "data_type": "CT_UTF8_STRING",
            "name": "ItemMasterID",
            "namespace": "custom"
        },
        {
            "data_type": "CT_LONG",
            "name": "NumberConfirmedRejected",
            "namespace": "custom"
        },
        {
            "data_type": "CT_INSTANT",
            "name": "ServiceDetailsServiceEndDate",
            "namespace": "custom"
        },
        {
            "data_type": "CT_UTF8_STRING",
            "name": "TaxDetailIsTriangularTransaction",
            "namespace": "custom"
        },
        {
            "data_type": "CT_DOUBLE",
            "name": "ServiceDetailsExpectedAmount",
            "namespace": "custom"
        },
        {
            "data_type": "CT_DOUBLE",
            "name": "TaxDetailAbatementPercent",
            "namespace": "custom"
        },
        {
            "data_type": "CT_UTF8_STRING",
            "name": "ERPOrderUniqueName",
            "namespace": "custom"
        },
        {
            "data_type": "CT_DOUBLE",
            "name": "BasePriceAmountInReportingCurrency",
            "namespace": "custom"
        },
        {
            "data_type": "CT_DOUBLE",
            "name": "BasePriceApproxAmountInBaseCurrency",
            "namespace": "custom"
        },
        {
            "data_type": "CT_DOUBLE",
            "name": "BasePriceAmount",
            "namespace": "custom"
        },
        {
            "data_type": "CT_INSTANT",
            "name": "BasePriceConversionDate",
            "namespace": "custom"
        },
        {
            "data_type": "CT_UTF8_STRING",
            "name": "BasePriceCurrencyUniqueName",
            "namespace": "custom"
        },
        {
            "data_type": "CT_UTF8_STRING",
            "name": "DescriptionCommonCommodityCodeUniqueName",
            "namespace": "custom"
        },
        {
            "data_type": "CT_UTF8_STRING",
            "name": "DescriptionCommonCommodityCodeName",
            "namespace": "custom"
        },
        {
            "data_type": "CT_DOUBLE",
            "name": "OriginalPriceAmountInReportingCurrency",
            "namespace": "custom"
        },
        {
            "data_type": "CT_DOUBLE",
            "name": "OriginalPriceApproxAmountInBaseCurrency",
            "namespace": "custom"
        },
        {
            "data_type": "CT_DOUBLE",
            "name": "OriginalPriceAmount",
            "namespace": "custom"
        },
        {
            "data_type": "CT_INSTANT",
            "name": "OriginalPriceConversionDate",
            "namespace": "custom"
        },
        {
            "data_type": "CT_UTF8_STRING",
            "name": "OriginalPriceCurrencyUniqueName",
            "namespace": "custom"
        },
        {
            "data_type": "CT_UTF8_STRING",
            "name": "SupplierLocationState",
            "namespace": "custom"
        },
        {
            "data_type": "CT_UTF8_STRING",
            "name": "SupplierLocationPhone",
            "namespace": "custom"
        },
        {
            "data_type": "CT_UTF8_STRING",
            "name": "SupplierLocationCountryUniqueName",
            "namespace": "custom"
        },
        {
            "data_type": "CT_UTF8_STRING",
            "name": "SupplierLocationPostalCode",
            "namespace": "custom"
        },
        {
            "data_type": "CT_UTF8_STRING",
            "name": "SupplierLocationCity",
            "namespace": "custom"
        },
        {
            "data_type": "CT_UTF8_STRING",
            "name": "SupplierLocationFax",
            "namespace": "custom"
        },
        {
            "data_type": "CT_UTF8_STRING",
            "name": "SupplierLocationUniqueName",
            "namespace": "custom"
        },
        {
            "data_type": "CT_UTF8_STRING",
            "name": "SupplierLocationName",
            "namespace": "custom"
        },
        {
            "data_type": "CT_UTF8_STRING",
            "name": "SupplierLocationLines",
            "namespace": "custom"
        },
        {
            "data_type": "CT_DOUBLE",
            "name": "ChargeAmountAmountInReportingCurrency",
            "namespace": "custom"
        },
        {
            "data_type": "CT_DOUBLE",
            "name": "ChargeAmountApproxAmountInBaseCurrency",
            "namespace": "custom"
        },
        {
            "data_type": "CT_DOUBLE",
            "name": "ChargeAmountAmount",
            "namespace": "custom"
        },
        {
            "data_type": "CT_INSTANT",
            "name": "ChargeAmountConversionDate",
            "namespace": "custom"
        },
        {
            "data_type": "CT_UTF8_STRING",
            "name": "ChargeAmountCurrencyUniqueName",
            "namespace": "custom"
        },
        {
            "data_type": "CT_DOUBLE",
            "name": "TaxDetailTaxAmountAmountInReportingCurrency",
            "namespace": "custom"
        },
        {
            "data_type": "CT_DOUBLE",
            "name": "TaxDetailTaxAmountApproxAmountInBaseCurrency",
            "namespace": "custom"
        },
        {
            "data_type": "CT_DOUBLE",
            "name": "TaxDetailTaxAmountAmount",
            "namespace": "custom"
        },
        {
            "data_type": "CT_INSTANT",
            "name": "TaxDetailTaxAmountConversionDate",
            "namespace": "custom"
        },
        {
            "data_type": "CT_UTF8_STRING",
            "name": "TaxDetailTaxAmountCurrencyUniqueName",
            "namespace": "custom"
        },
        {
            "data_type": "CT_DOUBLE",
            "name": "TaxAmountAmountInReportingCurrency",
            "namespace": "custom"
        },
        {
            "data_type": "CT_DOUBLE",
            "name": "TaxAmountApproxAmountInBaseCurrency",
            "namespace": "custom"
        },
        {
            "data_type": "CT_DOUBLE",
            "name": "TaxAmountAmount",
            "namespace": "custom"
        },
        {
            "data_type": "CT_INSTANT",
            "name": "TaxAmountConversionDate",
            "namespace": "custom"
        },
        {
            "data_type": "CT_UTF8_STRING",
            "name": "TaxAmountCurrencyUniqueName",
            "namespace": "custom"
        },
        {
            "data_type": "CT_DOUBLE",
            "name": "VATAmountAmountInReportingCurrency",
            "namespace": "custom"
        },
        {
            "data_type": "CT_DOUBLE",
            "name": "VATAmountApproxAmountInBaseCurrency",
            "namespace": "custom"
        },
        {
            "data_type": "CT_DOUBLE",
            "name": "VATAmountAmount",
            "namespace": "custom"
        },
        {
            "data_type": "CT_INSTANT",
            "name": "VATAmountConversionDate",
            "namespace": "custom"
        },
        {
            "data_type": "CT_UTF8_STRING",
            "name": "VATAmountCurrencyUniqueName",
            "namespace": "custom"
        },
        {
            "data_type": "CT_DOUBLE",
            "name": "TaxDetailAlternateTaxAmountInReportingCurrency",
            "namespace": "custom"
        },
        {
            "data_type": "CT_DOUBLE",
            "name": "TaxDetailAlternateTaxApproxAmountInBaseCurrency",
            "namespace": "custom"
        },
        {
            "data_type": "CT_DOUBLE",
            "name": "TaxDetailAlternateTaxAmountAmount",
            "namespace": "custom"
        },
        {
            "data_type": "CT_INSTANT",
            "name": "TaxDetailAlternateTaxAmountConversionDate",
            "namespace": "custom"
        },
        {
            "data_type": "CT_UTF8_STRING",
            "name": "TaxDetailAlternateTaxAmountCurrencyUniqueName",
            "namespace": "custom"
        },
        {
            "data_type": "CT_DOUBLE",
            "name": "AmountAcceptedAmountInReportingCurrency",
            "namespace": "custom"
        },
        {
            "data_type": "CT_DOUBLE",
            "name": "AmountAcceptedApproxAmountInBaseCurrency",
            "namespace": "custom"
        },
        {
            "data_type": "CT_DOUBLE",
            "name": "AmountAcceptedAmount",
            "namespace": "custom"
        },
        {
            "data_type": "CT_INSTANT",
            "name": "AmountAcceptedConversionDate",
            "namespace": "custom"
        },
        {
            "data_type": "CT_UTF8_STRING",
            "name": "AmountAcceptedCurrencyUniqueName",
            "namespace": "custom"
        },
        {
            "data_type": "CT_DOUBLE",
            "name": "DiscountAmountAmountInReportingCurrency",
            "namespace": "custom"
        },
        {
            "data_type": "CT_DOUBLE",
            "name": "DiscountAmountApproxAmountInBaseCurrency",
            "namespace": "custom"
        },
        {
            "data_type": "CT_DOUBLE",
            "name": "DiscountAmountAmount",
            "namespace": "custom"
        },
        {
            "data_type": "CT_INSTANT",
            "name": "DiscountAmountConversionDate",
            "namespace": "custom"
        },
        {
            "data_type": "CT_UTF8_STRING",
            "name": "DiscountAmountCurrencyUniqueName",
            "namespace": "custom"
        },
        {
            "data_type": "CT_DOUBLE",
            "name": "ServiceDetailsExpectedAmountInReportingCurrency",
            "namespace": "custom"
        },
        {
            "data_type": "CT_DOUBLE",
            "name": "ServiceDetailsApproxExpectedAmountInBaseCurrency",
            "namespace": "custom"
        },
        {
            "data_type": "CT_DOUBLE",
            "name": "ServiceDetailsExpectedAmountAmount",
            "namespace": "custom"
        },
        {
            "data_type": "CT_INSTANT",
            "name": "ServiceDetailsExpectedAmountConversionDate",
            "namespace": "custom"
        },
        {
            "data_type": "CT_UTF8_STRING",
            "name": "ServiceDetailsExpectedAmountCurrencyUniqueName",
            "namespace": "custom"
        },
        {
            "data_type": "CT_UTF8_STRING",
            "name": "DescriptionUnitOfMeasureUniqueName",
            "namespace": "custom"
        },
        {
            "data_type": "CT_UTF8_STRING",
            "name": "MasterAgreementUniqueName",
            "namespace": "custom"
        },
        {
            "data_type": "CT_UTF8_STRING",
            "name": "PaymentTermsUniqueName",
            "namespace": "custom"
        },
        {
            "data_type": "CT_DOUBLE",
            "name": "ServiceAmountApprovedAmountInReportingCurrency",
            "namespace": "custom"
        },
        {
            "data_type": "CT_DOUBLE",
            "name": "ServiceApproxAmountApprovedInBaseCurrency",
            "namespace": "custom"
        },
        {
            "data_type": "CT_DOUBLE",
            "name": "ServiceAmountApprovedAmount",
            "namespace": "custom"
        },
        {
            "data_type": "CT_INSTANT",
            "name": "ServiceAmountApprovedConversionDate",
            "namespace": "custom"
        },
        {
            "data_type": "CT_UTF8_STRING",
            "name": "ServiceAmountApprovedCurrencyUniqueName",
            "namespace": "custom"
        },
        {
            "data_type": "CT_UTF8_STRING",
            "name": "BillingAddressState",
            "namespace": "custom"
        },
        {
            "data_type": "CT_UTF8_STRING",
            "name": "BillingAddressPhone",
            "namespace": "custom"
        },
        {
            "data_type": "CT_UTF8_STRING",
            "name": "BillingAddressCountryUniqueName",
            "namespace": "custom"
        },
        {
            "data_type": "CT_UTF8_STRING",
            "name": "BillingAddressPostalCode",
            "namespace": "custom"
        },
        {
            "data_type": "CT_UTF8_STRING",
            "name": "BillingAddressCity",
            "namespace": "custom"
        },
        {
            "data_type": "CT_UTF8_STRING",
            "name": "BillingAddressFax",
            "namespace": "custom"
        },
        {
            "data_type": "CT_UTF8_STRING",
            "name": "BillingAddressUniqueName",
            "namespace": "custom"
        },
        {
            "data_type": "CT_UTF8_STRING",
            "name": "BillingAddressName",
            "namespace": "custom"
        },
        {
            "data_type": "CT_UTF8_STRING",
            "name": "BillingAddressLines",
            "namespace": "custom"
        },
        {
            "data_type": "CT_UTF8_STRING",
            "name": "TaxCodeUniqueName",
            "namespace": "custom"
        },
        {
            "data_type": "CT_UTF8_STRING",
            "name": "CommodityCodeUniqueName",
            "namespace": "custom"
        },
        {
            "data_type": "CT_UTF8_STRING",
            "name": "SupplierUniqueName",
            "namespace": "custom"
        },
        {
            "data_type": "CT_UTF8_STRING",
            "name": "SupplierName",
            "namespace": "custom"
        },
        {
            "data_type": "CT_UTF8_STRING",
            "name": "LineTypeUniqueName",
            "namespace": "custom"
        },
        {
            "data_type": "CT_UTF8_STRING",
            "name": "SAPPlantUniqueName",
            "namespace": "custom"
        },
        {
            "data_type": "CT_DOUBLE",
            "name": "DescriptionPriceAmountInReportingCurrency",
            "namespace": "custom"
        },
        {
            "data_type": "CT_DOUBLE",
            "name": "DescriptionPriceApproxAmountInBaseCurrency",
            "namespace": "custom"
        },
        {
            "data_type": "CT_DOUBLE",
            "name": "DescriptionPriceAmount",
            "namespace": "custom"
        },
        {
            "data_type": "CT_INSTANT",
            "name": "DescriptionPriceConversionDate",
            "namespace": "custom"
        },
        {
            "data_type": "CT_UTF8_STRING",
            "name": "DescriptionPriceCurrencyUniqueName",
            "namespace": "custom"
        },
        {
            "data_type": "CT_DOUBLE",
            "name": "ServiceDetailsMaxAmountInReportingCurrency",
            "namespace": "custom"
        },
        {
            "data_type": "CT_DOUBLE",
            "name": "ServiceDetailsApproxMaxAmountInBaseCurrency",
            "namespace": "custom"
        },
        {
            "data_type": "CT_DOUBLE",
            "name": "ServiceDetailsMaxAmountAmount",
            "namespace": "custom"
        },
        {
            "data_type": "CT_INSTANT",
            "name": "ServiceDetailsMaxAmountConversionDate",
            "namespace": "custom"
        },
        {
            "data_type": "CT_UTF8_STRING",
            "name": "ServiceDetailsMaxAmountCurrencyUniqueName",
            "namespace": "custom"
        },
        {
            "data_type": "CT_UTF8_STRING",
            "name": "TaxDetailComponentUniqueName",
            "namespace": "custom"
        },
        {
            "data_type": "CT_DOUBLE",
            "name": "AmountAmountInReportingCurrency",
            "namespace": "custom"
        },
        {
            "data_type": "CT_DOUBLE",
            "name": "AmountApproxAmountInBaseCurrency",
            "namespace": "custom"
        },
        {
            "data_type": "CT_DOUBLE",
            "name": "AmountAmount",
            "namespace": "custom"
        },
        {
            "data_type": "CT_INSTANT",
            "name": "AmountConversionDate",
            "namespace": "custom"
        },
        {
            "data_type": "CT_UTF8_STRING",
            "name": "AmountCurrencyUniqueName",
            "namespace": "custom"
        },
        {
            "data_type": "CT_DOUBLE",
            "name": "TaxDetailTaxableAmountInReportingCurrency",
            "namespace": "custom"
        },
        {
            "data_type": "CT_DOUBLE",
            "name": "TaxDetailApproxTaxableAmountInBaseCurrency",
            "namespace": "custom"
        },
        {
            "data_type": "CT_DOUBLE",
            "name": "TaxDetailTaxableAmountAmount",
            "namespace": "custom"
        },
        {
            "data_type": "CT_INSTANT",
            "name": "TaxDetailTaxableAmountConversionDate",
            "namespace": "custom"
        },
        {
            "data_type": "CT_UTF8_STRING",
            "name": "TaxDetailTaxableAmountCurrencyUniqueName",
            "namespace": "custom"
        },
        {
            "data_type": "CT_DOUBLE",
            "name": "ServiceAmountUnderApprovalInReportingCurrency",
            "namespace": "custom"
        },
        {
            "data_type": "CT_DOUBLE",
            "name": "ServiceApproxAmountUnderApprovalInBaseCurrency",
            "namespace": "custom"
        },
        {
            "data_type": "CT_DOUBLE",
            "name": "ServiceAmountUnderApprovalAmount",
            "namespace": "custom"
        },
        {
            "data_type": "CT_INSTANT",
            "name": "ServiceAmountUnderApprovalConversionDate",
            "namespace": "custom"
        },
        {
            "data_type": "CT_UTF8_STRING",
            "name": "ServiceAmountUnderApprovalCurrencyUniqueName",
            "namespace": "custom"
        },
        {
            "data_type": "CT_DOUBLE",
            "name": "AmountInvoicedAmountInReportingCurrency",
            "namespace": "custom"
        },
        {
            "data_type": "CT_DOUBLE",
            "name": "AmountInvoicedApproxAmountInBaseCurrency",
            "namespace": "custom"
        },
        {
            "data_type": "CT_DOUBLE",
            "name": "AmountInvoicedAmount",
            "namespace": "custom"
        },
        {
            "data_type": "CT_INSTANT",
            "name": "AmountInvoicedConversionDate",
            "namespace": "custom"
        },
        {
            "data_type": "CT_UTF8_STRING",
            "name": "AmountInvoicedCurrencyUniqueName",
            "namespace": "custom"
        },
        {
            "data_type": "CT_UTF8_STRING",
            "name": "ShipToState",
            "namespace": "custom"
        },
        {
            "data_type": "CT_UTF8_STRING",
            "name": "ShipToPhone",
            "namespace": "custom"
        },
        {
            "data_type": "CT_UTF8_STRING",
            "name": "ShipToCountryUniqueName",
            "namespace": "custom"
        },
        {
            "data_type": "CT_UTF8_STRING",
            "name": "ShipToPostalCode",
            "namespace": "custom"
        },
        {
            "data_type": "CT_UTF8_STRING",
            "name": "ShipToCity",
            "namespace": "custom"
        },
        {
            "data_type": "CT_UTF8_STRING",
            "name": "ShipToFax",
            "namespace": "custom"
        },
        {
            "data_type": "CT_UTF8_STRING",
            "name": "ShipToUniqueName",
            "namespace": "custom"
        },
        {
            "data_type": "CT_UTF8_STRING",
            "name": "ShipToName",
            "namespace": "custom"
        },
        {
            "data_type": "CT_UTF8_STRING",
            "name": "ShipToLines",
            "namespace": "custom"
        },
        {
            "data_type": "CT_UTF8_STRING",
            "name": "ItemMasterIDBuyerPartNumber",
            "namespace": "custom"
        },
        {
            "data_type": "CT_UTF8_STRING",
            "name": "ItemMasterIDFacility",
            "namespace": "custom"
        },
        {
            "data_type": "CT_UTF8_STRING",
            "name": "MALineItemNumberInCollection",
            "namespace": "custom"
        },
        {
            "data_type": "CT_UTF8_STRING",
            "name": "RequisitionUniqueName",
            "namespace": "custom"
        }
    ],
    "id": "7a404bab-53cd-4690-8bb2-6395834eca32",
    "managed": true,
    "multi_link": false,
    "name": "ERPOrderLineItemHistory",
    "namespace": "custom",
    "relationships": [
        {
            "cardinality": "HAS_ONE",
            "name": "ERPOrderLineItem",
            "namespace": "custom",
            "target": {
                "mapped_by": null,
                "mapped_by_namespace": null,
                "object_ref": {
                    "name": "ERPOrderLineItem",
                    "namespace": "custom"
                }
            }
        }
    ],
    "tags": []
}