{
    "categories": [
        {
            "metadata": {
                "name": "Processes",
                "namespace": "celonis"
            },
            "values": [
                {
                    "name": "OrderManagement",
                    "namespace": "celonis"
                },
                {
                    "name": "InventoryManagement",
                    "namespace": "celonis"
                }
            ]
        }
    ],
    "change_date": 1727172986555.0,
    "changed_by": {
        "id": "cccccccc-cccc-cccc-cccc-cccccccccccc",
        "name": "Celonis",
        "type_": "APPLICATION"
    },
    "color": "#EE78FF",
    "created_by": {
        "id": "cccccccc-cccc-cccc-cccc-cccccccccccc",
        "name": "Celonis",
        "type_": "APPLICATION"
    },
    "creation_date": 1727172986555.0,
    "description": "A document that contains checkpoint delivery dates as well as information on the quantity to be delivered.",
    "fields": [
        {
            "data_type": "CT_UTF8_STRING",
            "name": "ID",
            "namespace": "celonis"
        },
        {
            "data_type": "CT_INSTANT",
            "name": "CreationTime",
            "namespace": "celonis"
        },
        {
            "data_type": "CT_UTF8_STRING",
            "name": "CreationExecutionType",
            "namespace": "celonis"
        },
        {
            "data_type": "CT_UTF8_STRING",
            "name": "SourceSystemType",
            "namespace": "celonis"
        },
        {
            "data_type": "CT_UTF8_STRING",
            "name": "SourceSystemInstance",
            "namespace": "celonis"
        },
        {
            "data_type": "CT_UTF8_STRING",
            "name": "SystemSalesOrderNumber",
            "namespace": "celonis"
        },
        {
            "data_type": "CT_UTF8_STRING",
            "name": "SystemSalesOrderItemNumber",
            "namespace": "celonis"
        },
        {
            "data_type": "CT_UTF8_STRING",
            "name": "SystemSalesOrderScheduleLineNumber",
            "namespace": "celonis"
        },
        {
            "data_type": "CT_UTF8_STRING",
            "name": "DatabaseSalesOrderNumber",
            "namespace": "celonis"
        },
        {
            "data_type": "CT_UTF8_STRING",
            "name": "DatabaseSalesOrderItemNumber",
            "namespace": "celonis"
        },
        {
            "data_type": "CT_UTF8_STRING",
            "name": "DatabaseSalesOrderScheduleLineNumber",
            "namespace": "celonis"
        },
        {
            "data_type": "CT_DOUBLE",
            "name": "ConfirmedQuantity",
            "namespace": "celonis"
        },
        {
            "data_type": "CT_UTF8_STRING",
            "name": "QuantityUnit",
            "namespace": "celonis"
        },
        {
            "data_type": "CT_INSTANT",
            "name": "ConfirmedDeliveryDate",
            "namespace": "celonis"
        },
        {
            "data_type": "CT_INSTANT",
            "name": "MaterialAvailabilityDate",
            "namespace": "celonis"
        },
        {
            "data_type": "CT_INSTANT",
            "name": "GoodsIssueDate",
            "namespace": "celonis"
        }
    ],
    "id": "0e670c4c-95af-4a25-a455-02eb4461df85",
    "managed": true,
    "multi_link": false,
    "name": "SalesOrderScheduleLine",
    "namespace": "celonis",
    "relationships": [
        {
            "cardinality": "HAS_ONE",
            "name": "CreatedBy",
            "namespace": "celonis",
            "target": {
                "mapped_by": null,
                "mapped_by_namespace": null,
                "object_ref": {
                    "name": "User",
                    "namespace": "celonis"
                }
            }
        },
        {
            "cardinality": "HAS_ONE",
            "name": "SalesOrderItem",
            "namespace": "celonis",
            "target": {
                "mapped_by": null,
                "mapped_by_namespace": null,
                "object_ref": {
                    "name": "SalesOrderItem",
                    "namespace": "celonis"
                }
            }
        }
    ],
    "tags": [
        "InventoryManagement",
        "OrderManagement"
    ]
}