{
    "categories": [
        {
            "metadata": {
                "name": "Processes",
                "namespace": "celonis"
            },
            "values": [
                {
                    "name": "Procurement",
                    "namespace": "celonis"
                },
                {
                    "name": "AccountsPayable",
                    "namespace": "celonis"
                }
            ]
        }
    ],
    "change_date": 1736430764776.0,
    "changed_by": {
        "id": "baa4e63e-f8f8-4e48-b1ee-af539386867c",
        "name": "Bruno Carvalho",
        "type_": "USER"
    },
    "color": "#48BF96",
    "created_by": {
        "id": "cccccccc-cccc-cccc-cccc-cccccccccccc",
        "name": "Celonis",
        "type_": "APPLICATION"
    },
    "creation_date": 1727172986577.0,
    "description": "A line item level document detailing money owed to a vendor by the business.",
    "fields": [
        {
            "data_type": "CT_UTF8_STRING",
            "name": "UserName",
            "namespace": "custom"
        },
        {
            "data_type": "CT_INSTANT",
            "name": "PostingDate",
            "namespace": "custom"
        },
        {
            "data_type": "CT_UTF8_STRING",
            "name": "CurrencyConverted",
            "namespace": "custom"
        },
        {
            "data_type": "CT_DOUBLE",
            "name": "AmountConverted",
            "namespace": "custom"
        },
        {
            "data_type": "CT_UTF8_STRING",
            "name": "ClearingDoc",
            "namespace": "custom"
        },
        {
            "data_type": "CT_UTF8_STRING",
            "name": "HouseBank",
            "namespace": "custom"
        },
        {
            "data_type": "CT_INSTANT",
            "name": "DataBase",
            "namespace": "custom"
        },
        {
            "data_type": "CT_UTF8_STRING",
            "name": "ID",
            "namespace": "celonis"
        },
        {
            "data_type": "CT_INSTANT",
            "name": "CreationTime",
            "namespace": "celonis"
        },
        {
            "data_type": "CT_UTF8_STRING",
            "name": "CreationExecutionType",
            "namespace": "celonis"
        },
        {
            "data_type": "CT_UTF8_STRING",
            "name": "DocumentType",
            "namespace": "celonis"
        },
        {
            "data_type": "CT_UTF8_STRING",
            "name": "DocumentTypeText",
            "namespace": "celonis"
        },
        {
            "data_type": "CT_INSTANT",
            "name": "DocumentDate",
            "namespace": "celonis"
        },
        {
            "data_type": "CT_UTF8_STRING",
            "name": "PaymentMethod",
            "namespace": "celonis"
        },
        {
            "data_type": "CT_UTF8_STRING",
            "name": "ReferenceDocumentNumber",
            "namespace": "celonis"
        },
        {
            "data_type": "CT_INSTANT",
            "name": "BaseLineDate",
            "namespace": "celonis"
        },
        {
            "data_type": "CT_LONG",
            "name": "PaymentDays1",
            "namespace": "celonis"
        },
        {
            "data_type": "CT_LONG",
            "name": "PaymentDays2",
            "namespace": "celonis"
        },
        {
            "data_type": "CT_LONG",
            "name": "PaymentDays3",
            "namespace": "celonis"
        },
        {
            "data_type": "CT_DOUBLE",
            "name": "CashDiscountPercentage1",
            "namespace": "celonis"
        },
        {
            "data_type": "CT_DOUBLE",
            "name": "CashDiscountPercentage2",
            "namespace": "celonis"
        },
        {
            "data_type": "CT_UTF8_STRING",
            "name": "ItemText",
            "namespace": "celonis"
        },
        {
            "data_type": "CT_DOUBLE",
            "name": "VendorCashDiscountPercentage1",
            "namespace": "celonis"
        },
        {
            "data_type": "CT_DOUBLE",
            "name": "VendorCashDiscountPercentage2",
            "namespace": "celonis"
        },
        {
            "data_type": "CT_DOUBLE",
            "name": "Amount",
            "namespace": "celonis"
        },
        {
            "data_type": "CT_UTF8_STRING",
            "name": "Currency",
            "namespace": "celonis"
        },
        {
            "data_type": "CT_DOUBLE",
            "name": "CashDiscountTakenAmount",
            "namespace": "celonis"
        },
        {
            "data_type": "CT_DOUBLE",
            "name": "CashDiscountEligibleAmount",
            "namespace": "celonis"
        },
        {
            "data_type": "CT_INSTANT",
            "name": "ClearingDate",
            "namespace": "celonis"
        },
        {
            "data_type": "CT_UTF8_STRING",
            "name": "PaymentTerms",
            "namespace": "celonis"
        },
        {
            "data_type": "CT_UTF8_STRING",
            "name": "CompanyCode",
            "namespace": "celonis"
        },
        {
            "data_type": "CT_UTF8_STRING",
            "name": "CompanyCodeText",
            "namespace": "celonis"
        },
        {
            "data_type": "CT_LONG",
            "name": "VendorPaymentDays1",
            "namespace": "celonis"
        },
        {
            "data_type": "CT_LONG",
            "name": "VendorPaymentDays2",
            "namespace": "celonis"
        },
        {
            "data_type": "CT_LONG",
            "name": "VendorPaymentDays3",
            "namespace": "celonis"
        },
        {
            "data_type": "CT_UTF8_STRING",
            "name": "SourceSystemType",
            "namespace": "celonis"
        },
        {
            "data_type": "CT_UTF8_STRING",
            "name": "SourceSystemInstance",
            "namespace": "celonis"
        },
        {
            "data_type": "CT_LONG",
            "name": "FiscalYear",
            "namespace": "celonis"
        },
        {
            "data_type": "CT_UTF8_STRING",
            "name": "SystemAccountingDocumentNumber",
            "namespace": "celonis"
        },
        {
            "data_type": "CT_UTF8_STRING",
            "name": "DatabaseAccountingDocumentNumber",
            "namespace": "celonis"
        },
        {
            "data_type": "CT_UTF8_STRING",
            "name": "ReversalIndicator",
            "namespace": "celonis"
        },
        {
            "data_type": "CT_UTF8_STRING",
            "name": "SystemAccountingDocumentItemNumber",
            "namespace": "celonis"
        },
        {
            "data_type": "CT_UTF8_STRING",
            "name": "DatabaseAccountingDocumentItemNumber",
            "namespace": "celonis"
        },
        {
            "data_type": "CT_UTF8_STRING",
            "name": "VendorAccountTransactionType",
            "namespace": "celonis"
        },
        {
            "data_type": "CT_INSTANT",
            "name": "CashDiscountDueDate",
            "namespace": "celonis"
        },
        {
            "data_type": "CT_INSTANT",
            "name": "DueDate",
            "namespace": "celonis"
        },
        {
            "data_type": "CT_UTF8_STRING",
            "name": "VendorAccountHead",
            "namespace": "celonis"
        },
        {
            "data_type": "CT_BOOLEAN",
            "name": "PurchaseOrderRelated",
            "namespace": "celonis"
        }
    ],
    "id": "ca36e79f-2569-43dc-8e02-63021764747a",
    "managed": true,
    "multi_link": false,
    "name": "VendorAccountCreditItem",
    "namespace": "celonis",
    "relationships": [
        {
            "cardinality": "HAS_MANY",
            "name": "Blocks",
            "namespace": "celonis",
            "target": {
                "mapped_by": "VendorAccountCreditItem",
                "mapped_by_namespace": null,
                "object_ref": {
                    "name": "VendorAccountCreditItemBlock",
                    "namespace": "celonis"
                }
            }
        },
        {
            "cardinality": "HAS_MANY",
            "name": "Clearings",
            "namespace": "celonis",
            "target": {
                "mapped_by": "VendorAccountCreditItems",
                "mapped_by_namespace": null,
                "object_ref": {
                    "name": "VendorAccountClearingAssignment",
                    "namespace": "celonis"
                }
            }
        },
        {
            "cardinality": "HAS_ONE",
            "name": "CreatedBy",
            "namespace": "celonis",
            "target": {
                "mapped_by": null,
                "mapped_by_namespace": null,
                "object_ref": {
                    "name": "User",
                    "namespace": "celonis"
                }
            }
        },
        {
            "cardinality": "HAS_ONE",
            "name": "Material",
            "namespace": "celonis",
            "target": {
                "mapped_by": null,
                "mapped_by_namespace": null,
                "object_ref": {
                    "name": "Material",
                    "namespace": "celonis"
                }
            }
        },
        {
            "cardinality": "HAS_ONE",
            "name": "Vendor",
            "namespace": "celonis",
            "target": {
                "mapped_by": null,
                "mapped_by_namespace": null,
                "object_ref": {
                    "name": "Vendor",
                    "namespace": "celonis"
                }
            }
        },
        {
            "cardinality": "HAS_MANY",
            "name": "VendorAccountDebitItems",
            "namespace": "celonis",
            "target": {
                "mapped_by": "VendorAccountCreditItems",
                "mapped_by_namespace": null,
                "object_ref": {
                    "name": "VendorAccountDebitItem",
                    "namespace": "celonis"
                }
            }
        },
        {
            "cardinality": "HAS_ONE",
            "name": "VendorInvoice",
            "namespace": "celonis",
            "target": {
                "mapped_by": null,
                "mapped_by_namespace": null,
                "object_ref": {
                    "name": "VendorInvoice",
                    "namespace": "celonis"
                }
            }
        },
        {
            "cardinality": "HAS_ONE",
            "name": "VendorMasterCompanyCode",
            "namespace": "celonis",
            "target": {
                "mapped_by": null,
                "mapped_by_namespace": null,
                "object_ref": {
                    "name": "VendorMasterCompanyCode",
                    "namespace": "celonis"
                }
            }
        }
    ],
    "tags": [
        "Procurement",
        "AccountsPayable"
    ]
}