[
    {
        "change_date": 1764000303896.0,
        "changed_by": {
            "id": "2202cbc9-7251-4630-bfb2-36812e688613",
            "name": "l.pigozzi",
            "type_": "USER"
        },
        "created_by": {
            "id": "5477e5f1-b56c-404c-b581-116f9517bb0d",
            "name": "Robert Connolly",
            "type_": "USER"
        },
        "creation_date": 1749692172456.0,
        "data_connection_id": "00000000-0000-0000-0000-000000000000",
        "disabled": null,
        "display_name": "GoodsReceipt - Child Object of MaterialMovements",
        "factory_id": "81734fb5-d4cf-4e15-a33c-77ab3b76be13",
        "has_overwrites": null,
        "name": "GoodsReceipt - Child Object of MaterialMovements",
        "namespace": "custom",
        "target": {
            "entity_ref": {
                "name": "GoodsReceipt",
                "namespace": "custom"
            },
            "kind": "OBJECT"
        },
        "user_factory_template_reference": null,
        "validation_status": "VALID"
    }
]