[
    {
        "change_date": 1760347586897.0,
        "changed_by": {
            "id": "2202cbc9-7251-4630-bfb2-36812e688613",
            "name": "l.pigozzi",
            "type_": "USER"
        },
        "created_by": {
            "id": "2202cbc9-7251-4630-bfb2-36812e688613",
            "name": "l.pigozzi",
            "type_": "USER"
        },
        "creation_date": 1749630882259.0,
        "data_connection_id": "00000000-0000-0000-0000-000000000000",
        "disabled": null,
        "display_name": "PostReceivableItem transformation - copy - 1",
        "factory_id": "6ce053eb-d2b6-4bfd-b203-bd8aabf33e73",
        "has_overwrites": null,
        "name": "PostReceivableItem transformation - copy - 1",
        "namespace": "custom",
        "target": {
            "entity_ref": {
                "name": "PostReceivableItem",
                "namespace": "custom"
            },
            "kind": "EVENT"
        },
        "user_factory_template_reference": null,
        "validation_status": "VALID"
    }
]