[
    {
        "change_date": 1762864286578.0,
        "changed_by": {
            "id": "4d82ae0d-2047-4c83-ac8c-e2da04a3b5a0",
            "name": "Brave Gujral",
            "type_": "USER"
        },
        "created_by": {
            "id": "4d82ae0d-2047-4c83-ac8c-e2da04a3b5a0",
            "name": "Brave Gujral",
            "type_": "USER"
        },
        "creation_date": 1752236405899.0,
        "data_connection_id": "03736e95-3931-4eda-8dfe-fc16e11388bc",
        "disabled": null,
        "display_name": "ProductionOrder-OracleFusion",
        "factory_id": "7c51399c-52f7-41c9-9713-cc4c33823b98",
        "has_overwrites": null,
        "name": "ProductionOrder-OracleFusion",
        "namespace": "custom",
        "target": {
            "entity_ref": {
                "name": "ProductionOrder",
                "namespace": "custom"
            },
            "kind": "OBJECT"
        },
        "user_factory_template_reference": null,
        "validation_status": "VALID"
    },
    {
        "change_date": 1759908279739.0,
        "changed_by": {
            "id": "ae9989fc-2640-4ab1-9754-cb31999ce77e",
            "name": "j.rosenbauer",
            "type_": "USER"
        },
        "created_by": {
            "id": "2202cbc9-7251-4630-bfb2-36812e688613",
            "name": "l.pigozzi",
            "type_": "USER"
        },
        "creation_date": 1749630770978.0,
        "data_connection_id": "42d53587-d7fa-45cf-8403-26770d8029d0",
        "disabled": null,
        "display_name": "ProductionOrder transformation - 00. Central Extraction Pool_Oracle-ebs - 1",
        "factory_id": "ac002b30-c1a3-453c-a3bd-7e392f741af0",
        "has_overwrites": null,
        "name": "ProductionOrder transformation - 00. Central Extraction Pool_Oracle-ebs - 1",
        "namespace": "custom",
        "target": {
            "entity_ref": {
                "name": "ProductionOrder",
                "namespace": "custom"
            },
            "kind": "OBJECT"
        },
        "user_factory_template_reference": null,
        "validation_status": "VALID"
    },
    {
        "change_date": 1764704370521.0,
        "changed_by": {
            "id": "5477e5f1-b56c-404c-b581-116f9517bb0d",
            "name": "Robert Connolly",
            "type_": "USER"
        },
        "created_by": {
            "id": "2202cbc9-7251-4630-bfb2-36812e688613",
            "name": "l.pigozzi",
            "type_": "USER"
        },
        "creation_date": 1749633935164.0,
        "data_connection_id": "b9f449da-3a15-43d8-89e3-0e87e54fb5af",
        "disabled": null,
        "display_name": "ProductionOrder - 00. Central Extraction Pool_TS1",
        "factory_id": "ac66b33f-97db-4ed1-a8e8-d95ed9063070",
        "has_overwrites": null,
        "name": "ProductionOrder - 00. Central Extraction Pool_TS1",
        "namespace": "custom",
        "target": {
            "entity_ref": {
                "name": "ProductionOrder",
                "namespace": "custom"
            },
            "kind": "OBJECT"
        },
        "user_factory_template_reference": null,
        "validation_status": "VALID"
    },
    {
        "change_date": 1758869821877.0,
        "changed_by": {
            "id": "ae9989fc-2640-4ab1-9754-cb31999ce77e",
            "name": "j.rosenbauer",
            "type_": "USER"
        },
        "created_by": {
            "id": "2202cbc9-7251-4630-bfb2-36812e688613",
            "name": "l.pigozzi",
            "type_": "USER"
        },
        "creation_date": 1749649280783.0,
        "data_connection_id": "8939ad05-4472-435c-a065-ed31be1b9fea",
        "disabled": null,
        "display_name": "ProductionOrder - 00. SAP S/4 HANA Extraction Pool_S4H-HANA",
        "factory_id": "58a964a6-3909-431a-afac-42d836653c22",
        "has_overwrites": null,
        "name": "ProductionOrder - 00. SAP S/4 HANA Extraction Pool_S4H-HANA",
        "namespace": "custom",
        "target": {
            "entity_ref": {
                "name": "ProductionOrder",
                "namespace": "custom"
            },
            "kind": "OBJECT"
        },
        "user_factory_template_reference": null,
        "validation_status": "VALID"
    }
]