[
    {
        "change_date": 1761579017420.0,
        "changed_by": {
            "id": "5477e5f1-b56c-404c-b581-116f9517bb0d",
            "name": "Robert Connolly",
            "type_": "USER"
        },
        "created_by": {
            "id": "bdec2b77-569a-4c86-86a1-73c0f6bbb6c4",
            "name": "Andi",
            "type_": "USER"
        },
        "creation_date": 1752243270077.0,
        "data_connection_id": "00000000-0000-0000-0000-000000000000",
        "disabled": null,
        "display_name": "CreateCustomerInvoiceLine",
        "factory_id": "9aeb3cca-d922-4f01-97fb-2e9967a066ce",
        "has_overwrites": null,
        "name": "CreateCustomerInvoiceLine",
        "namespace": "custom",
        "target": {
            "entity_ref": {
                "name": "CreateCustomerInvoiceLine",
                "namespace": "custom"
            },
            "kind": "EVENT"
        },
        "user_factory_template_reference": null,
        "validation_status": "VALID"
    }
]