[
    {
        "change_date": 1766073484892.0,
        "changed_by": {
            "id": "4d82ae0d-2047-4c83-ac8c-e2da04a3b5a0",
            "name": "Brave Gujral",
            "type_": "USER"
        },
        "created_by": {
            "id": "2202cbc9-7251-4630-bfb2-36812e688613",
            "name": "l.pigozzi",
            "type_": "USER"
        },
        "creation_date": 1749630802516.0,
        "data_connection_id": "42d53587-d7fa-45cf-8403-26770d8029d0",
        "disabled": null,
        "display_name": "MaterialMovement transformation - 00. Central Extraction Pool_Oracle-ebs - 1",
        "factory_id": "65c8f6ef-6335-436e-b824-eeb1a6e69bfe",
        "has_overwrites": null,
        "name": "MaterialMovement transformation - 00. Central Extraction Pool_Oracle-ebs - 1",
        "namespace": "custom",
        "target": {
            "entity_ref": {
                "name": "MaterialMovement",
                "namespace": "custom"
            },
            "kind": "OBJECT"
        },
        "user_factory_template_reference": null,
        "validation_status": "VALID"
    },
    {
        "change_date": 1768260466480.0,
        "changed_by": {
            "id": "39bb72ab-39e0-456a-ac46-b9768079a9fe",
            "name": "Modester Mwangi",
            "type_": "USER"
        },
        "created_by": {
            "id": "baa4e63e-f8f8-4e48-b1ee-af539386867c",
            "name": "Bruno Carvalho",
            "type_": "USER"
        },
        "creation_date": 1757037769963.0,
        "data_connection_id": "1b87451d-df3c-4f06-b5e6-622d18c93682",
        "disabled": null,
        "display_name": "MaterialMovement - 00. Central Extraction Pool_ARIBA",
        "factory_id": "df223c3f-a455-493a-bf27-33269e3b2548",
        "has_overwrites": null,
        "name": "MaterialMovement - 00. Central Extraction Pool_ARIBA",
        "namespace": "custom",
        "target": {
            "entity_ref": {
                "name": "MaterialMovement",
                "namespace": "custom"
            },
            "kind": "OBJECT"
        },
        "user_factory_template_reference": null,
        "validation_status": "VALID"
    },
    {
        "change_date": 1760613938225.0,
        "changed_by": {
            "id": "ae9989fc-2640-4ab1-9754-cb31999ce77e",
            "name": "j.rosenbauer",
            "type_": "USER"
        },
        "created_by": {
            "id": "2202cbc9-7251-4630-bfb2-36812e688613",
            "name": "l.pigozzi",
            "type_": "USER"
        },
        "creation_date": 1749633542434.0,
        "data_connection_id": "b9f449da-3a15-43d8-89e3-0e87e54fb5af",
        "disabled": null,
        "display_name": "MaterialMovement - 00. Central Extraction Pool_TS1",
        "factory_id": "e63c5265-023a-4968-a197-6a04647dc036",
        "has_overwrites": null,
        "name": "MaterialMovement - 00. Central Extraction Pool_TS1",
        "namespace": "custom",
        "target": {
            "entity_ref": {
                "name": "MaterialMovement",
                "namespace": "custom"
            },
            "kind": "OBJECT"
        },
        "user_factory_template_reference": null,
        "validation_status": "VALID"
    },
    {
        "change_date": 1765362326170.0,
        "changed_by": {
            "id": "ae9989fc-2640-4ab1-9754-cb31999ce77e",
            "name": "j.rosenbauer",
            "type_": "USER"
        },
        "created_by": {
            "id": "2202cbc9-7251-4630-bfb2-36812e688613",
            "name": "l.pigozzi",
            "type_": "USER"
        },
        "creation_date": 1749648897875.0,
        "data_connection_id": "8939ad05-4472-435c-a065-ed31be1b9fea",
        "disabled": null,
        "display_name": "MaterialMovement - 00. SAP S/4 HANA Extraction Pool_S4H-HANA",
        "factory_id": "10081570-a88a-40da-8792-c712ef2ee37e",
        "has_overwrites": null,
        "name": "MaterialMovement - 00. SAP S/4 HANA Extraction Pool_S4H-HANA",
        "namespace": "custom",
        "target": {
            "entity_ref": {
                "name": "MaterialMovement",
                "namespace": "custom"
            },
            "kind": "OBJECT"
        },
        "user_factory_template_reference": null,
        "validation_status": "VALID"
    },
    {
        "change_date": 1768300050013.0,
        "changed_by": {
            "id": "39bb72ab-39e0-456a-ac46-b9768079a9fe",
            "name": "Modester Mwangi",
            "type_": "USER"
        },
        "created_by": {
            "id": "4622cbb7-ba9b-4f8d-9415-2b9ef8a9db64",
            "name": "Rahul Bhat TR",
            "type_": "USER"
        },
        "creation_date": 1764588931105.0,
        "data_connection_id": "35a670b4-96f2-4f18-a811-7a12343a4d2a",
        "disabled": null,
        "display_name": "MaterialMovement - MSDynamics365",
        "factory_id": "0a00aeb6-7e57-4f1d-8e51-316cf8f07803",
        "has_overwrites": null,
        "name": "MaterialMovement - MSDynamics365",
        "namespace": "custom",
        "target": {
            "entity_ref": {
                "name": "MaterialMovement",
                "namespace": "custom"
            },
            "kind": "OBJECT"
        },
        "user_factory_template_reference": null,
        "validation_status": "VALID"
    },
    {
        "change_date": 1768313347662.0,
        "changed_by": {
            "id": "39bb72ab-39e0-456a-ac46-b9768079a9fe",
            "name": "Modester Mwangi",
            "type_": "USER"
        },
        "created_by": {
            "id": "4d82ae0d-2047-4c83-ac8c-e2da04a3b5a0",
            "name": "Brave Gujral",
            "type_": "USER"
        },
        "creation_date": 1752227759201.0,
        "data_connection_id": "03736e95-3931-4eda-8dfe-fc16e11388bc",
        "disabled": null,
        "display_name": "MaterialMovement_OracleFusion",
        "factory_id": "ddc90e55-b704-4cf2-9903-02a9e9023534",
        "has_overwrites": null,
        "name": "MaterialMovement_OracleFusion",
        "namespace": "custom",
        "target": {
            "entity_ref": {
                "name": "MaterialMovement",
                "namespace": "custom"
            },
            "kind": "OBJECT"
        },
        "user_factory_template_reference": null,
        "validation_status": "VALID"
    }
]