[
    {
        "change_date": 1760108231534.0,
        "changed_by": {
            "id": "2202cbc9-7251-4630-bfb2-36812e688613",
            "name": "l.pigozzi",
            "type_": "USER"
        },
        "created_by": {
            "id": "4d82ae0d-2047-4c83-ac8c-e2da04a3b5a0",
            "name": "Brave Gujral",
            "type_": "USER"
        },
        "creation_date": 1751365541906.0,
        "data_connection_id": "00000000-0000-0000-0000-000000000000",
        "disabled": null,
        "display_name": "ReleaseBlockOnSalesOrderScheduleLine - 1",
        "factory_id": "2ffbb6b2-9b5b-41a0-a57c-c605e6ec3592",
        "has_overwrites": null,
        "name": "ReleaseBlockOnSalesOrderScheduleLine - 1",
        "namespace": "custom",
        "target": {
            "entity_ref": {
                "name": "ReleaseBlockOnSalesOrderScheduleLine",
                "namespace": "custom"
            },
            "kind": "EVENT"
        },
        "user_factory_template_reference": null,
        "validation_status": "VALID"
    }
]