[
    {
        "change_date": 1751460220277.0,
        "changed_by": {
            "id": "2202cbc9-7251-4630-bfb2-36812e688613",
            "name": "l.pigozzi",
            "type_": "USER"
        },
        "created_by": {
            "id": "4d82ae0d-2047-4c83-ac8c-e2da04a3b5a0",
            "name": "Brave Gujral",
            "type_": "USER"
        },
        "creation_date": 1750063811779.0,
        "data_connection_id": "00000000-0000-0000-0000-000000000000",
        "disabled": null,
        "display_name": "CreateSalesOrder - 1",
        "factory_id": "97dcbfbe-a4d9-4b2f-bf48-d0e0505909ae",
        "has_overwrites": null,
        "name": "CreateSalesOrder - 1",
        "namespace": "custom",
        "target": {
            "entity_ref": {
                "name": "CreateSalesOrder",
                "namespace": "custom"
            },
            "kind": "EVENT"
        },
        "user_factory_template_reference": null,
        "validation_status": "VALID"
    }
]