[
    {
        "change_date": 1761783803418.0,
        "changed_by": {
            "id": "2202cbc9-7251-4630-bfb2-36812e688613",
            "name": "l.pigozzi",
            "type_": "USER"
        },
        "created_by": {
            "id": "2202cbc9-7251-4630-bfb2-36812e688613",
            "name": "l.pigozzi",
            "type_": "USER"
        },
        "creation_date": 1749737113394.0,
        "data_connection_id": "b9f449da-3a15-43d8-89e3-0e87e54fb5af",
        "disabled": null,
        "display_name": "SalesOrderScheduleLine - 00. Central Extraction Pool_TS1",
        "factory_id": "46ee5c4f-0d4e-4a80-bc4c-232f8167f247",
        "has_overwrites": null,
        "name": "SalesOrderScheduleLine - 00. Central Extraction Pool_TS1",
        "namespace": "custom",
        "target": {
            "entity_ref": {
                "name": "SalesOrderScheduleLine",
                "namespace": "custom"
            },
            "kind": "OBJECT"
        },
        "user_factory_template_reference": null,
        "validation_status": "VALID"
    },
    {
        "change_date": 1762188095402.0,
        "changed_by": {
            "id": "4d82ae0d-2047-4c83-ac8c-e2da04a3b5a0",
            "name": "Brave Gujral",
            "type_": "USER"
        },
        "created_by": {
            "id": "4d82ae0d-2047-4c83-ac8c-e2da04a3b5a0",
            "name": "Brave Gujral",
            "type_": "USER"
        },
        "creation_date": 1752249180512.0,
        "data_connection_id": "03736e95-3931-4eda-8dfe-fc16e11388bc",
        "disabled": null,
        "display_name": "SalesOrderScheduleLine - OracleFusion",
        "factory_id": "85cef9bd-b933-4322-a9b0-d967623c7cae",
        "has_overwrites": null,
        "name": "SalesOrderScheduleLine - OracleFusion",
        "namespace": "custom",
        "target": {
            "entity_ref": {
                "name": "SalesOrderScheduleLine",
                "namespace": "custom"
            },
            "kind": "OBJECT"
        },
        "user_factory_template_reference": null,
        "validation_status": "VALID"
    },
    {
        "change_date": 1760359170216.0,
        "changed_by": {
            "id": "4d82ae0d-2047-4c83-ac8c-e2da04a3b5a0",
            "name": "Brave Gujral",
            "type_": "USER"
        },
        "created_by": {
            "id": "2202cbc9-7251-4630-bfb2-36812e688613",
            "name": "l.pigozzi",
            "type_": "USER"
        },
        "creation_date": 1749630819669.0,
        "data_connection_id": "42d53587-d7fa-45cf-8403-26770d8029d0",
        "disabled": null,
        "display_name": "SalesOrderScheduleLine transformation - 00. Central Extraction Pool_Oracle-ebs - 1",
        "factory_id": "5029ddf1-767e-4ee2-9a96-cd42f5abbbcb",
        "has_overwrites": null,
        "name": "SalesOrderScheduleLine transformation - 00. Central Extraction Pool_Oracle-ebs - 1",
        "namespace": "custom",
        "target": {
            "entity_ref": {
                "name": "SalesOrderScheduleLine",
                "namespace": "custom"
            },
            "kind": "OBJECT"
        },
        "user_factory_template_reference": null,
        "validation_status": "VALID"
    },
    {
        "change_date": 1761839500152.0,
        "changed_by": {
            "id": "2202cbc9-7251-4630-bfb2-36812e688613",
            "name": "l.pigozzi",
            "type_": "USER"
        },
        "created_by": {
            "id": "d94aa797-47b6-48e1-9b0f-9627812b5866",
            "name": "Lea Hanna",
            "type_": "USER"
        },
        "creation_date": 1753305282797.0,
        "data_connection_id": "8939ad05-4472-435c-a065-ed31be1b9fea",
        "disabled": null,
        "display_name": "SalesOrderScheduleLine - S4 Hana",
        "factory_id": "cd2b092d-6aab-479f-a8c1-80d9770ee5b5",
        "has_overwrites": null,
        "name": "SalesOrderScheduleLine - S4 Hana",
        "namespace": "custom",
        "target": {
            "entity_ref": {
                "name": "SalesOrderScheduleLine",
                "namespace": "custom"
            },
            "kind": "OBJECT"
        },
        "user_factory_template_reference": null,
        "validation_status": "VALID"
    }
]