[
    {
        "change_date": 1751459738291.0,
        "changed_by": {
            "id": "2202cbc9-7251-4630-bfb2-36812e688613",
            "name": "l.pigozzi",
            "type_": "USER"
        },
        "created_by": {
            "id": "2202cbc9-7251-4630-bfb2-36812e688613",
            "name": "l.pigozzi",
            "type_": "USER"
        },
        "creation_date": 1749630896218.0,
        "data_connection_id": "00000000-0000-0000-0000-000000000000",
        "disabled": null,
        "display_name": "ChangeSalesOrder transformation - copy - 1",
        "factory_id": "1ea8ba49-e063-4b28-b9b7-31dc42b7ff81",
        "has_overwrites": null,
        "name": "ChangeSalesOrder transformation - copy - 1",
        "namespace": "custom",
        "target": {
            "entity_ref": {
                "name": "ChangeSalesOrder",
                "namespace": "custom"
            },
            "kind": "EVENT"
        },
        "user_factory_template_reference": null,
        "validation_status": "VALID"
    }
]