[
    {
        "change_date": 1758102480651.0,
        "changed_by": {
            "id": "83864e97-dd17-42f7-92e4-2c1d1b9c029d",
            "name": "Hema priya Sudhakar",
            "type_": "USER"
        },
        "created_by": {
            "id": "83864e97-dd17-42f7-92e4-2c1d1b9c029d",
            "name": "Hema priya Sudhakar",
            "type_": "USER"
        },
        "creation_date": 1749638430098.0,
        "data_connection_id": "00000000-0000-0000-0000-000000000000",
        "disabled": null,
        "display_name": "SendDunningNotices - 1",
        "factory_id": "0d0788a5-4071-4dd2-8015-4cc98cc31842",
        "has_overwrites": null,
        "name": "SendDunningNotices - 1",
        "namespace": "custom",
        "target": {
            "entity_ref": {
                "name": "SendDunningNotices",
                "namespace": "custom"
            },
            "kind": "EVENT"
        },
        "user_factory_template_reference": null,
        "validation_status": "VALID"
    }
]