[
    {
        "change_date": 1760437572579.0,
        "changed_by": {
            "id": "2202cbc9-7251-4630-bfb2-36812e688613",
            "name": "l.pigozzi",
            "type_": "USER"
        },
        "created_by": {
            "id": "0c9ee607-6f4d-4976-af88-bac083fc9169",
            "name": "j.vita-martinez",
            "type_": "USER"
        },
        "creation_date": 1753773979941.0,
        "data_connection_id": "00000000-0000-0000-0000-000000000000",
        "disabled": null,
        "display_name": "CancelPurchaseDocumentLine",
        "factory_id": "59079927-c9bf-4ee9-8576-44406654a8a8",
        "has_overwrites": null,
        "name": "CancelPurchaseDocumentLine",
        "namespace": "custom",
        "target": {
            "entity_ref": {
                "name": "CancelPurchaseDocumentLine",
                "namespace": "custom"
            },
            "kind": "EVENT"
        },
        "user_factory_template_reference": null,
        "validation_status": "VALID"
    }
]