[
    {
        "change_date": 1761656241917.0,
        "changed_by": {
            "id": "5477e5f1-b56c-404c-b581-116f9517bb0d",
            "name": "Robert Connolly",
            "type_": "USER"
        },
        "created_by": {
            "id": "5477e5f1-b56c-404c-b581-116f9517bb0d",
            "name": "Robert Connolly",
            "type_": "USER"
        },
        "creation_date": 1761084433705.0,
        "data_connection_id": "00000000-0000-0000-0000-000000000000",
        "disabled": null,
        "display_name": "ApplyCustomerInvoiceLine - 1",
        "factory_id": "5dc90442-799f-4837-8456-c8e47f64cbcb",
        "has_overwrites": null,
        "name": "ApplyCustomerInvoiceLine - 1",
        "namespace": "custom",
        "target": {
            "entity_ref": {
                "name": "ApplyCustomerInvoiceLine",
                "namespace": "custom"
            },
            "kind": "EVENT"
        },
        "user_factory_template_reference": null,
        "validation_status": "VALID"
    }
]