[
    {
        "change_date": 1758102651088.0,
        "changed_by": {
            "id": "83864e97-dd17-42f7-92e4-2c1d1b9c029d",
            "name": "Hema priya Sudhakar",
            "type_": "USER"
        },
        "created_by": {
            "id": "0c9ee607-6f4d-4976-af88-bac083fc9169",
            "name": "j.vita-martinez",
            "type_": "USER"
        },
        "creation_date": 1753773722439.0,
        "data_connection_id": "00000000-0000-0000-0000-000000000000",
        "disabled": null,
        "display_name": "CancelPurchaseDocument - 1",
        "factory_id": "804c321b-ec15-4550-8933-65772ae68a7a",
        "has_overwrites": null,
        "name": "CancelPurchaseDocument - 1",
        "namespace": "custom",
        "target": {
            "entity_ref": {
                "name": "CancelPurchaseDocument",
                "namespace": "custom"
            },
            "kind": "EVENT"
        },
        "user_factory_template_reference": null,
        "validation_status": "VALID"
    }
]