[
    {
        "change_date": 1768295752873.0,
        "changed_by": {
            "id": "0c9ee607-6f4d-4976-af88-bac083fc9169",
            "name": "j.vita-martinez",
            "type_": "USER"
        },
        "created_by": {
            "id": "2202cbc9-7251-4630-bfb2-36812e688613",
            "name": "l.pigozzi",
            "type_": "USER"
        },
        "creation_date": 1749630862834.0,
        "data_connection_id": "00000000-0000-0000-0000-000000000000",
        "disabled": null,
        "display_name": "PostGoodsReceipt transformation - copy - 1",
        "factory_id": "9d7ee9da-1eca-4e62-8df2-9be029e22620",
        "has_overwrites": null,
        "name": "PostGoodsReceipt transformation - copy - 1",
        "namespace": "custom",
        "target": {
            "entity_ref": {
                "name": "PostGoodsReceipt",
                "namespace": "custom"
            },
            "kind": "EVENT"
        },
        "user_factory_template_reference": null,
        "validation_status": "VALID"
    }
]