[
    {
        "change_date": 1751636606471.0,
        "changed_by": {
            "id": "4d82ae0d-2047-4c83-ac8c-e2da04a3b5a0",
            "name": "Brave Gujral",
            "type_": "USER"
        },
        "created_by": {
            "id": "4d82ae0d-2047-4c83-ac8c-e2da04a3b5a0",
            "name": "Brave Gujral",
            "type_": "USER"
        },
        "creation_date": 1750084175362.0,
        "data_connection_id": "00000000-0000-0000-0000-000000000000",
        "disabled": null,
        "display_name": "SignProofOfDelivery - 1",
        "factory_id": "49b3d59c-436f-4b36-88fb-19f7f990b1b0",
        "has_overwrites": null,
        "name": "SignProofOfDelivery - 1",
        "namespace": "custom",
        "target": {
            "entity_ref": {
                "name": "SignProofOfDelivery",
                "namespace": "custom"
            },
            "kind": "EVENT"
        },
        "user_factory_template_reference": null,
        "validation_status": "VALID"
    }
]