[
    {
        "change_date": 1760733204976.0,
        "changed_by": {
            "id": "5477e5f1-b56c-404c-b581-116f9517bb0d",
            "name": "Robert Connolly",
            "type_": "USER"
        },
        "created_by": {
            "id": "bdec2b77-569a-4c86-86a1-73c0f6bbb6c4",
            "name": "Andi",
            "type_": "USER"
        },
        "creation_date": 1752251247603.0,
        "data_connection_id": "00000000-0000-0000-0000-000000000000",
        "disabled": null,
        "display_name": "ChangeDeliveryLine - 1",
        "factory_id": "1ce93e15-ea10-4e86-bd4c-558e7382b5c0",
        "has_overwrites": null,
        "name": "ChangeDeliveryLine - 1",
        "namespace": "custom",
        "target": {
            "entity_ref": {
                "name": "ChangeDeliveryLine",
                "namespace": "custom"
            },
            "kind": "EVENT"
        },
        "user_factory_template_reference": null,
        "validation_status": "VALID"
    }
]