[
    {
        "change_date": 1763745773057.0,
        "changed_by": {
            "id": "2202cbc9-7251-4630-bfb2-36812e688613",
            "name": "l.pigozzi",
            "type_": "USER"
        },
        "created_by": {
            "id": "bdec2b77-569a-4c86-86a1-73c0f6bbb6c4",
            "name": "Andi",
            "type_": "USER"
        },
        "creation_date": 1750073071148.0,
        "data_connection_id": "00000000-0000-0000-0000-000000000000",
        "disabled": null,
        "display_name": "GoodsIssue - OCPM Schema",
        "factory_id": "8f4e0e8b-aa08-44ea-964b-6206abc98bbf",
        "has_overwrites": null,
        "name": "GoodsIssue - OCPM Schema",
        "namespace": "custom",
        "target": {
            "entity_ref": {
                "name": "GoodsIssue",
                "namespace": "custom"
            },
            "kind": "OBJECT"
        },
        "user_factory_template_reference": null,
        "validation_status": "VALID"
    }
]