[
    {
        "change_date": 1751279680241.0,
        "changed_by": {
            "id": "4d82ae0d-2047-4c83-ac8c-e2da04a3b5a0",
            "name": "Brave Gujral",
            "type_": "USER"
        },
        "created_by": {
            "id": "bdec2b77-569a-4c86-86a1-73c0f6bbb6c4",
            "name": "Andi",
            "type_": "USER"
        },
        "creation_date": 1749825702208.0,
        "data_connection_id": "00000000-0000-0000-0000-000000000000",
        "disabled": null,
        "display_name": "ChangeBlockOnSalesOrder - 1",
        "factory_id": "ab51e5aa-e1aa-4e02-89f8-c2d47a2c2510",
        "has_overwrites": null,
        "name": "ChangeBlockOnSalesOrder - 1",
        "namespace": "custom",
        "target": {
            "entity_ref": {
                "name": "ChangeBlockOnSalesOrder",
                "namespace": "custom"
            },
            "kind": "EVENT"
        },
        "user_factory_template_reference": null,
        "validation_status": "VALID"
    }
]