[
    {
        "change_date": 1760436762752.0,
        "changed_by": {
            "id": "2202cbc9-7251-4630-bfb2-36812e688613",
            "name": "l.pigozzi",
            "type_": "USER"
        },
        "created_by": {
            "id": "2202cbc9-7251-4630-bfb2-36812e688613",
            "name": "l.pigozzi",
            "type_": "USER"
        },
        "creation_date": 1749630839955.0,
        "data_connection_id": "00000000-0000-0000-0000-000000000000",
        "disabled": null,
        "display_name": "EnterVendorInvoice transformation - copy - 1",
        "factory_id": "92f72a72-ba3f-43eb-86e1-15cd1f850e83",
        "has_overwrites": null,
        "name": "EnterVendorInvoice transformation - copy - 1",
        "namespace": "custom",
        "target": {
            "entity_ref": {
                "name": "EnterVendorInvoice",
                "namespace": "custom"
            },
            "kind": "EVENT"
        },
        "user_factory_template_reference": null,
        "validation_status": "VALID"
    }
]