[
    {
        "change_date": 1766780934634.0,
        "changed_by": {
            "id": "c8f85336-92c4-4edf-b363-3489e2310c8b",
            "name": "Corrie",
            "type_": "USER"
        },
        "created_by": {
            "id": "c8f85336-92c4-4edf-b363-3489e2310c8b",
            "name": "Corrie",
            "type_": "USER"
        },
        "creation_date": 1765763397059.0,
        "data_connection_id": "bb2bd2e3-5af0-4cda-b7c8-552ed55569b6",
        "disabled": true,
        "display_name": "VendorInvoice - Coupa",
        "factory_id": "52383b3f-50f3-4b55-9e94-9ce5208f484c",
        "has_overwrites": null,
        "name": "VendorInvoice - Coupa",
        "namespace": "custom",
        "target": {
            "entity_ref": {
                "name": "VendorInvoice",
                "namespace": "custom"
            },
            "kind": "OBJECT"
        },
        "user_factory_template_reference": null,
        "validation_status": "VALID"
    },
    {
        "change_date": 1760355153982.0,
        "changed_by": {
            "id": "83864e97-dd17-42f7-92e4-2c1d1b9c029d",
            "name": "Hema priya Sudhakar",
            "type_": "USER"
        },
        "created_by": {
            "id": "baa4e63e-f8f8-4e48-b1ee-af539386867c",
            "name": "Bruno Carvalho",
            "type_": "USER"
        },
        "creation_date": 1757019830138.0,
        "data_connection_id": "1b87451d-df3c-4f06-b5e6-622d18c93682",
        "disabled": null,
        "display_name": "VendorInvoice - 00. Central Extraction Pool_ARIBA",
        "factory_id": "f84d8f2c-9e41-482b-8f7e-e246000cfdad",
        "has_overwrites": null,
        "name": "VendorInvoice - 00. Central Extraction Pool_ARIBA",
        "namespace": "custom",
        "target": {
            "entity_ref": {
                "name": "VendorInvoice",
                "namespace": "custom"
            },
            "kind": "OBJECT"
        },
        "user_factory_template_reference": null,
        "validation_status": "VALID"
    },
    {
        "change_date": 1760355191802.0,
        "changed_by": {
            "id": "83864e97-dd17-42f7-92e4-2c1d1b9c029d",
            "name": "Hema priya Sudhakar",
            "type_": "USER"
        },
        "created_by": {
            "id": "2202cbc9-7251-4630-bfb2-36812e688613",
            "name": "l.pigozzi",
            "type_": "USER"
        },
        "creation_date": 1749630778922.0,
        "data_connection_id": "42d53587-d7fa-45cf-8403-26770d8029d0",
        "disabled": null,
        "display_name": "VendorInvoice transformation - 00. Central Extraction Pool_Oracle-ebs - 1",
        "factory_id": "166a06ea-2427-4ea3-a4c7-90464343897a",
        "has_overwrites": null,
        "name": "VendorInvoice transformation - 00. Central Extraction Pool_Oracle-ebs - 1",
        "namespace": "custom",
        "target": {
            "entity_ref": {
                "name": "VendorInvoice",
                "namespace": "custom"
            },
            "kind": "OBJECT"
        },
        "user_factory_template_reference": null,
        "validation_status": "VALID"
    },
    {
        "change_date": 1760355252475.0,
        "changed_by": {
            "id": "83864e97-dd17-42f7-92e4-2c1d1b9c029d",
            "name": "Hema priya Sudhakar",
            "type_": "USER"
        },
        "created_by": {
            "id": "2589b288-6fa5-4412-b75b-180b8acb07d0",
            "name": "Carolina Ventura",
            "type_": "USER"
        },
        "creation_date": 1749932466978.0,
        "data_connection_id": "03736e95-3931-4eda-8dfe-fc16e11388bc",
        "disabled": null,
        "display_name": "VendorInvoice - 00. Central Extraction Pool_Oracle Fusion",
        "factory_id": "b29cea2c-5bee-4d2d-a058-a022ea651401",
        "has_overwrites": null,
        "name": "VendorInvoice - 00. Central Extraction Pool_Oracle Fusion",
        "namespace": "custom",
        "target": {
            "entity_ref": {
                "name": "VendorInvoice",
                "namespace": "custom"
            },
            "kind": "OBJECT"
        },
        "user_factory_template_reference": null,
        "validation_status": "VALID"
    },
    {
        "change_date": 1760355081114.0,
        "changed_by": {
            "id": "83864e97-dd17-42f7-92e4-2c1d1b9c029d",
            "name": "Hema priya Sudhakar",
            "type_": "USER"
        },
        "created_by": {
            "id": "8b0fa45b-28fe-4314-bf39-c9e18042a5f4",
            "name": "Johannes Muhr",
            "type_": "USER"
        },
        "creation_date": 1753884473645.0,
        "data_connection_id": "8939ad05-4472-435c-a065-ed31be1b9fea",
        "disabled": null,
        "display_name": "VendorInvoice - SAP S/4",
        "factory_id": "ba4489ea-d792-4078-a8c9-5a3153b89ca2",
        "has_overwrites": null,
        "name": "VendorInvoice - SAP S/4",
        "namespace": "custom",
        "target": {
            "entity_ref": {
                "name": "VendorInvoice",
                "namespace": "custom"
            },
            "kind": "OBJECT"
        },
        "user_factory_template_reference": {
            "name": "VendorInvoice - SAP ECC - 1",
            "namespace": "custom"
        },
        "validation_status": "VALID"
    },
    {
        "change_date": 1760355081114.0,
        "changed_by": {
            "id": "83864e97-dd17-42f7-92e4-2c1d1b9c029d",
            "name": "Hema priya Sudhakar",
            "type_": "USER"
        },
        "created_by": {
            "id": "2202cbc9-7251-4630-bfb2-36812e688613",
            "name": "l.pigozzi",
            "type_": "USER"
        },
        "creation_date": 1749635327439.0,
        "data_connection_id": "b9f449da-3a15-43d8-89e3-0e87e54fb5af",
        "disabled": null,
        "display_name": "VendorInvoice - SAP ECC",
        "factory_id": "e7eb467f-e1b5-40cc-a306-05ca04b53486",
        "has_overwrites": null,
        "name": "VendorInvoice - SAP ECC",
        "namespace": "custom",
        "target": {
            "entity_ref": {
                "name": "VendorInvoice",
                "namespace": "custom"
            },
            "kind": "OBJECT"
        },
        "user_factory_template_reference": {
            "name": "VendorInvoice - SAP ECC - 1",
            "namespace": "custom"
        },
        "validation_status": "VALID"
    },
    {
        "change_date": 1768300594450.0,
        "changed_by": {
            "id": "39bb72ab-39e0-456a-ac46-b9768079a9fe",
            "name": "Modester Mwangi",
            "type_": "USER"
        },
        "created_by": {
            "id": "4622cbb7-ba9b-4f8d-9415-2b9ef8a9db64",
            "name": "Rahul Bhat TR",
            "type_": "USER"
        },
        "creation_date": 1764743269807.0,
        "data_connection_id": "35a670b4-96f2-4f18-a811-7a12343a4d2a",
        "disabled": null,
        "display_name": "VendorInvoice - MSDynamics_365",
        "factory_id": "fb570ff9-1cb7-47c6-816f-74ee9ac3018c",
        "has_overwrites": null,
        "name": "VendorInvoice - MSDynamics_365",
        "namespace": "custom",
        "target": {
            "entity_ref": {
                "name": "VendorInvoice",
                "namespace": "custom"
            },
            "kind": "OBJECT"
        },
        "user_factory_template_reference": null,
        "validation_status": "VALID"
    }
]