[
    {
        "change_date": 1766154662909.0,
        "changed_by": {
            "id": "18f1c3ed-024c-44fb-9163-4a9768c7844f",
            "name": "Gokul",
            "type_": "USER"
        },
        "created_by": {
            "id": "4622cbb7-ba9b-4f8d-9415-2b9ef8a9db64",
            "name": "Rahul Bhat TR",
            "type_": "USER"
        },
        "creation_date": 1764741417935.0,
        "data_connection_id": "35a670b4-96f2-4f18-a811-7a12343a4d2a",
        "disabled": null,
        "display_name": "PurchaseScheduleLine - MSDynamics_365",
        "factory_id": "ab92f0ea-8870-4094-ae2f-0acd79c046e1",
        "has_overwrites": null,
        "name": "PurchaseScheduleLine - MSDynamics_365",
        "namespace": "custom",
        "target": {
            "entity_ref": {
                "name": "PurchaseScheduleLine",
                "namespace": "custom"
            },
            "kind": "OBJECT"
        },
        "user_factory_template_reference": null,
        "validation_status": "VALID"
    },
    {
        "change_date": 1763978097977.0,
        "changed_by": {
            "id": "2202cbc9-7251-4630-bfb2-36812e688613",
            "name": "l.pigozzi",
            "type_": "USER"
        },
        "created_by": {
            "id": "2202cbc9-7251-4630-bfb2-36812e688613",
            "name": "l.pigozzi",
            "type_": "USER"
        },
        "creation_date": 1749658897518.0,
        "data_connection_id": "03736e95-3931-4eda-8dfe-fc16e11388bc",
        "disabled": null,
        "display_name": "PurchaseScheduleLines - 00. Central Extraction Pool_Oracle Fusion",
        "factory_id": "5d2004d1-9a92-435c-98f5-e94861e32cb4",
        "has_overwrites": null,
        "name": "PurchaseScheduleLines - 00. Central Extraction Pool_Oracle Fusion",
        "namespace": "custom",
        "target": {
            "entity_ref": {
                "name": "PurchaseScheduleLine",
                "namespace": "custom"
            },
            "kind": "OBJECT"
        },
        "user_factory_template_reference": null,
        "validation_status": "VALID"
    },
    {
        "change_date": 1763481619684.0,
        "changed_by": {
            "id": "2202cbc9-7251-4630-bfb2-36812e688613",
            "name": "l.pigozzi",
            "type_": "USER"
        },
        "created_by": {
            "id": "2202cbc9-7251-4630-bfb2-36812e688613",
            "name": "l.pigozzi",
            "type_": "USER"
        },
        "creation_date": 1749649683934.0,
        "data_connection_id": "8939ad05-4472-435c-a065-ed31be1b9fea",
        "disabled": null,
        "display_name": "PurchaseScheduleLines - 00. SAP S/4 HANA Extraction Pool_S4H-HANA",
        "factory_id": "b77ab540-3122-4bf0-b245-159ec8bc1039",
        "has_overwrites": null,
        "name": "PurchaseScheduleLines - 00. SAP S/4 HANA Extraction Pool_S4H-HANA",
        "namespace": "custom",
        "target": {
            "entity_ref": {
                "name": "PurchaseScheduleLine",
                "namespace": "custom"
            },
            "kind": "OBJECT"
        },
        "user_factory_template_reference": null,
        "validation_status": "VALID"
    },
    {
        "change_date": 1764705082433.0,
        "changed_by": {
            "id": "5477e5f1-b56c-404c-b581-116f9517bb0d",
            "name": "Robert Connolly",
            "type_": "USER"
        },
        "created_by": {
            "id": "2202cbc9-7251-4630-bfb2-36812e688613",
            "name": "l.pigozzi",
            "type_": "USER"
        },
        "creation_date": 1749634452195.0,
        "data_connection_id": "b9f449da-3a15-43d8-89e3-0e87e54fb5af",
        "disabled": null,
        "display_name": "PurchaseScheduleLines - 00. Central Extraction Pool_TS1",
        "factory_id": "45dd3a90-0d6c-493c-b30e-f2fcc0b88010",
        "has_overwrites": null,
        "name": "PurchaseScheduleLines - 00. Central Extraction Pool_TS1",
        "namespace": "custom",
        "target": {
            "entity_ref": {
                "name": "PurchaseScheduleLine",
                "namespace": "custom"
            },
            "kind": "OBJECT"
        },
        "user_factory_template_reference": null,
        "validation_status": "VALID"
    },
    {
        "change_date": 1761316911935.0,
        "changed_by": {
            "id": "2202cbc9-7251-4630-bfb2-36812e688613",
            "name": "l.pigozzi",
            "type_": "USER"
        },
        "created_by": {
            "id": "2202cbc9-7251-4630-bfb2-36812e688613",
            "name": "l.pigozzi",
            "type_": "USER"
        },
        "creation_date": 1749630831892.0,
        "data_connection_id": "42d53587-d7fa-45cf-8403-26770d8029d0",
        "disabled": null,
        "display_name": "PurchaseScheduleLines transformation - 00. Central Extraction Pool_Oracle-ebs - 1",
        "factory_id": "e9146e71-9e4d-42b7-8d01-8049614b1de2",
        "has_overwrites": null,
        "name": "PurchaseScheduleLines transformation - 00. Central Extraction Pool_Oracle-ebs - 1",
        "namespace": "custom",
        "target": {
            "entity_ref": {
                "name": "PurchaseScheduleLine",
                "namespace": "custom"
            },
            "kind": "OBJECT"
        },
        "user_factory_template_reference": null,
        "validation_status": "VALID"
    }
]