[
    {
        "change_date": 1758103533974.0,
        "changed_by": {
            "id": "83864e97-dd17-42f7-92e4-2c1d1b9c029d",
            "name": "Hema priya Sudhakar",
            "type_": "USER"
        },
        "created_by": {
            "id": "2202cbc9-7251-4630-bfb2-36812e688613",
            "name": "l.pigozzi",
            "type_": "USER"
        },
        "creation_date": 1749630888946.0,
        "data_connection_id": "00000000-0000-0000-0000-000000000000",
        "disabled": null,
        "display_name": "PayableItemCashDiscountDueDate transformation - copy - 1",
        "factory_id": "9938bec0-fd28-415e-a2fd-628fc6d11469",
        "has_overwrites": null,
        "name": "PayableItemCashDiscountDueDate transformation - copy - 1",
        "namespace": "custom",
        "target": {
            "entity_ref": {
                "name": "PayableItemCashDiscountDueDate",
                "namespace": "custom"
            },
            "kind": "EVENT"
        },
        "user_factory_template_reference": null,
        "validation_status": "VALID"
    }
]