[
    {
        "change_date": 1760093543271.0,
        "changed_by": {
            "id": "2202cbc9-7251-4630-bfb2-36812e688613",
            "name": "l.pigozzi",
            "type_": "USER"
        },
        "created_by": {
            "id": "bdec2b77-569a-4c86-86a1-73c0f6bbb6c4",
            "name": "Andi",
            "type_": "USER"
        },
        "creation_date": 1752251066411.0,
        "data_connection_id": "00000000-0000-0000-0000-000000000000",
        "disabled": null,
        "display_name": "ChangeDelivery - 1",
        "factory_id": "5997ff5e-b478-40e2-a2dd-590729b5d96b",
        "has_overwrites": null,
        "name": "ChangeDelivery - 1",
        "namespace": "custom",
        "target": {
            "entity_ref": {
                "name": "ChangeDelivery",
                "namespace": "custom"
            },
            "kind": "EVENT"
        },
        "user_factory_template_reference": null,
        "validation_status": "VALID"
    }
]