[
    {
        "change_date": 1758205328770.0,
        "changed_by": {
            "id": "83864e97-dd17-42f7-92e4-2c1d1b9c029d",
            "name": "Hema priya Sudhakar",
            "type_": "USER"
        },
        "created_by": {
            "id": "83864e97-dd17-42f7-92e4-2c1d1b9c029d",
            "name": "Hema priya Sudhakar",
            "type_": "USER"
        },
        "creation_date": 1749716087688.0,
        "data_connection_id": "00000000-0000-0000-0000-000000000000",
        "disabled": null,
        "display_name": "ApprovePurchaseDocument - 2",
        "factory_id": "6fc9bcf2-82a8-4d8d-b53a-4e50882db503",
        "has_overwrites": null,
        "name": "ApprovePurchaseDocument - 2",
        "namespace": "custom",
        "target": {
            "entity_ref": {
                "name": "ApprovePurchaseDocument",
                "namespace": "custom"
            },
            "kind": "EVENT"
        },
        "user_factory_template_reference": null,
        "validation_status": "VALID"
    }
]