[
    {
        "change_date": 1757404208442.0,
        "changed_by": {
            "id": "ae9989fc-2640-4ab1-9754-cb31999ce77e",
            "name": "j.rosenbauer",
            "type_": "USER"
        },
        "created_by": {
            "id": "2202cbc9-7251-4630-bfb2-36812e688613",
            "name": "l.pigozzi",
            "type_": "USER"
        },
        "creation_date": 1749649772689.0,
        "data_connection_id": "8939ad05-4472-435c-a065-ed31be1b9fea",
        "disabled": null,
        "display_name": "QuantityConversion - 00. SAP S/4 HANA Extraction Pool_S4H-HANA",
        "factory_id": "2e8c0aa7-5c61-41a0-be53-3c25ff607d34",
        "has_overwrites": null,
        "name": "QuantityConversion - 00. SAP S/4 HANA Extraction Pool_S4H-HANA",
        "namespace": "custom",
        "target": {
            "entity_ref": {
                "name": "QuantityConversion",
                "namespace": "custom"
            },
            "kind": "OBJECT"
        },
        "user_factory_template_reference": null,
        "validation_status": "VALID"
    },
    {
        "change_date": 1760592826561.0,
        "changed_by": {
            "id": "4d82ae0d-2047-4c83-ac8c-e2da04a3b5a0",
            "name": "Brave Gujral",
            "type_": "USER"
        },
        "created_by": {
            "id": "4d82ae0d-2047-4c83-ac8c-e2da04a3b5a0",
            "name": "Brave Gujral",
            "type_": "USER"
        },
        "creation_date": 1752236788802.0,
        "data_connection_id": "03736e95-3931-4eda-8dfe-fc16e11388bc",
        "disabled": null,
        "display_name": "QuantityConversion-OracleFusion",
        "factory_id": "e0d96300-70ae-4ac2-8602-e494dabc8715",
        "has_overwrites": null,
        "name": "QuantityConversion-OracleFusion",
        "namespace": "custom",
        "target": {
            "entity_ref": {
                "name": "QuantityConversion",
                "namespace": "custom"
            },
            "kind": "OBJECT"
        },
        "user_factory_template_reference": null,
        "validation_status": "VALID"
    },
    {
        "change_date": 1757404194214.0,
        "changed_by": {
            "id": "ae9989fc-2640-4ab1-9754-cb31999ce77e",
            "name": "j.rosenbauer",
            "type_": "USER"
        },
        "created_by": {
            "id": "2202cbc9-7251-4630-bfb2-36812e688613",
            "name": "l.pigozzi",
            "type_": "USER"
        },
        "creation_date": 1749634503415.0,
        "data_connection_id": "b9f449da-3a15-43d8-89e3-0e87e54fb5af",
        "disabled": null,
        "display_name": "QuantityConversion - 00. Central Extraction Pool_TS1",
        "factory_id": "2d4fcdfe-494b-4fb5-92a2-9e70211ca3eb",
        "has_overwrites": null,
        "name": "QuantityConversion - 00. Central Extraction Pool_TS1",
        "namespace": "custom",
        "target": {
            "entity_ref": {
                "name": "QuantityConversion",
                "namespace": "custom"
            },
            "kind": "OBJECT"
        },
        "user_factory_template_reference": null,
        "validation_status": "VALID"
    },
    {
        "change_date": 1756809323412.0,
        "changed_by": {
            "id": "4d82ae0d-2047-4c83-ac8c-e2da04a3b5a0",
            "name": "Brave Gujral",
            "type_": "USER"
        },
        "created_by": {
            "id": "2202cbc9-7251-4630-bfb2-36812e688613",
            "name": "l.pigozzi",
            "type_": "USER"
        },
        "creation_date": 1749630830208.0,
        "data_connection_id": "42d53587-d7fa-45cf-8403-26770d8029d0",
        "disabled": null,
        "display_name": "QuantityConversion transformation - 00. Central Extraction Pool_Oracle-ebs - 1",
        "factory_id": "f7d95817-b462-4ff6-a06b-5c03553fa4c5",
        "has_overwrites": null,
        "name": "QuantityConversion transformation - 00. Central Extraction Pool_Oracle-ebs - 1",
        "namespace": "custom",
        "target": {
            "entity_ref": {
                "name": "QuantityConversion",
                "namespace": "custom"
            },
            "kind": "OBJECT"
        },
        "user_factory_template_reference": null,
        "validation_status": "VALID"
    }
]