[
    {
        "change_date": 1761820089790.0,
        "changed_by": {
            "id": "ae9989fc-2640-4ab1-9754-cb31999ce77e",
            "name": "j.rosenbauer",
            "type_": "USER"
        },
        "created_by": {
            "id": "2202cbc9-7251-4630-bfb2-36812e688613",
            "name": "l.pigozzi",
            "type_": "USER"
        },
        "creation_date": 1749630767237.0,
        "data_connection_id": "42d53587-d7fa-45cf-8403-26770d8029d0",
        "disabled": null,
        "display_name": "MaterialRequirement transformation - 00. Central Extraction Pool_Oracle-ebs - 1",
        "factory_id": "430bec07-5638-4d5e-9e62-729a2f656196",
        "has_overwrites": null,
        "name": "MaterialRequirement transformation - 00. Central Extraction Pool_Oracle-ebs - 1",
        "namespace": "custom",
        "target": {
            "entity_ref": {
                "name": "MaterialRequirement",
                "namespace": "custom"
            },
            "kind": "OBJECT"
        },
        "user_factory_template_reference": null,
        "validation_status": "VALID"
    },
    {
        "change_date": 1763481323467.0,
        "changed_by": {
            "id": "2202cbc9-7251-4630-bfb2-36812e688613",
            "name": "l.pigozzi",
            "type_": "USER"
        },
        "created_by": {
            "id": "2202cbc9-7251-4630-bfb2-36812e688613",
            "name": "l.pigozzi",
            "type_": "USER"
        },
        "creation_date": 1749633615356.0,
        "data_connection_id": "b9f449da-3a15-43d8-89e3-0e87e54fb5af",
        "disabled": null,
        "display_name": "MaterialRequirement - 00. Central Extraction Pool_TS1",
        "factory_id": "cddcc31a-debc-4994-bdfe-366542d39eef",
        "has_overwrites": null,
        "name": "MaterialRequirement - 00. Central Extraction Pool_TS1",
        "namespace": "custom",
        "target": {
            "entity_ref": {
                "name": "MaterialRequirement",
                "namespace": "custom"
            },
            "kind": "OBJECT"
        },
        "user_factory_template_reference": null,
        "validation_status": "VALID"
    },
    {
        "change_date": 1763481452504.0,
        "changed_by": {
            "id": "2202cbc9-7251-4630-bfb2-36812e688613",
            "name": "l.pigozzi",
            "type_": "USER"
        },
        "created_by": {
            "id": "2202cbc9-7251-4630-bfb2-36812e688613",
            "name": "l.pigozzi",
            "type_": "USER"
        },
        "creation_date": 1749649006771.0,
        "data_connection_id": "8939ad05-4472-435c-a065-ed31be1b9fea",
        "disabled": null,
        "display_name": "MaterialRequirement - 00. SAP S/4 HANA Extraction Pool_S4H-HANA",
        "factory_id": "9dc94020-db41-4fd1-8559-11ddf2480c09",
        "has_overwrites": null,
        "name": "MaterialRequirement - 00. SAP S/4 HANA Extraction Pool_S4H-HANA",
        "namespace": "custom",
        "target": {
            "entity_ref": {
                "name": "MaterialRequirement",
                "namespace": "custom"
            },
            "kind": "OBJECT"
        },
        "user_factory_template_reference": null,
        "validation_status": "VALID"
    },
    {
        "change_date": 1761819983488.0,
        "changed_by": {
            "id": "ae9989fc-2640-4ab1-9754-cb31999ce77e",
            "name": "j.rosenbauer",
            "type_": "USER"
        },
        "created_by": {
            "id": "4d82ae0d-2047-4c83-ac8c-e2da04a3b5a0",
            "name": "Brave Gujral",
            "type_": "USER"
        },
        "creation_date": 1755180484490.0,
        "data_connection_id": "03736e95-3931-4eda-8dfe-fc16e11388bc",
        "disabled": null,
        "display_name": "MaterialRequirement - OracleFusion",
        "factory_id": "5f7602bd-dce5-4571-99e0-009c6800fd92",
        "has_overwrites": null,
        "name": "MaterialRequirement - OracleFusion",
        "namespace": "custom",
        "target": {
            "entity_ref": {
                "name": "MaterialRequirement",
                "namespace": "custom"
            },
            "kind": "OBJECT"
        },
        "user_factory_template_reference": null,
        "validation_status": "VALID"
    }
]