[
    {
        "change_date": 1760096892289.0,
        "changed_by": {
            "id": "83864e97-dd17-42f7-92e4-2c1d1b9c029d",
            "name": "Hema priya Sudhakar",
            "type_": "USER"
        },
        "created_by": {
            "id": "2202cbc9-7251-4630-bfb2-36812e688613",
            "name": "l.pigozzi",
            "type_": "USER"
        },
        "creation_date": 1749630845842.0,
        "data_connection_id": "00000000-0000-0000-0000-000000000000",
        "disabled": null,
        "display_name": "PostPayableItem transformation - copy - 1",
        "factory_id": "8d8e71e1-191a-4a23-86ba-4a8e6cab8696",
        "has_overwrites": null,
        "name": "PostPayableItem transformation - copy - 1",
        "namespace": "custom",
        "target": {
            "entity_ref": {
                "name": "PostPayableItem",
                "namespace": "custom"
            },
            "kind": "EVENT"
        },
        "user_factory_template_reference": null,
        "validation_status": "VALID"
    }
]