[
    {
        "change_date": 1760104426190.0,
        "changed_by": {
            "id": "2202cbc9-7251-4630-bfb2-36812e688613",
            "name": "l.pigozzi",
            "type_": "USER"
        },
        "created_by": {
            "id": "2202cbc9-7251-4630-bfb2-36812e688613",
            "name": "l.pigozzi",
            "type_": "USER"
        },
        "creation_date": 1749634753934.0,
        "data_connection_id": "b9f449da-3a15-43d8-89e3-0e87e54fb5af",
        "disabled": null,
        "display_name": "SalesOrder - 00. Central Extraction Pool_TS1",
        "factory_id": "ae1cfa22-b0c7-419e-8bfb-5fba9207985b",
        "has_overwrites": null,
        "name": "SalesOrder - 00. Central Extraction Pool_TS1",
        "namespace": "custom",
        "target": {
            "entity_ref": {
                "name": "SalesOrder",
                "namespace": "custom"
            },
            "kind": "OBJECT"
        },
        "user_factory_template_reference": null,
        "validation_status": "VALID"
    },
    {
        "change_date": 1763978557068.0,
        "changed_by": {
            "id": "2202cbc9-7251-4630-bfb2-36812e688613",
            "name": "l.pigozzi",
            "type_": "USER"
        },
        "created_by": {
            "id": "4d82ae0d-2047-4c83-ac8c-e2da04a3b5a0",
            "name": "Brave Gujral",
            "type_": "USER"
        },
        "creation_date": 1752240375208.0,
        "data_connection_id": "03736e95-3931-4eda-8dfe-fc16e11388bc",
        "disabled": null,
        "display_name": "SalesOrder - OracleFusion",
        "factory_id": "e0968eef-757e-49c4-980c-766c34f4a4e9",
        "has_overwrites": null,
        "name": "SalesOrder - OracleFusion",
        "namespace": "custom",
        "target": {
            "entity_ref": {
                "name": "SalesOrder",
                "namespace": "custom"
            },
            "kind": "OBJECT"
        },
        "user_factory_template_reference": null,
        "validation_status": "VALID"
    },
    {
        "change_date": 1769445756289.0,
        "changed_by": {
            "id": "5477e5f1-b56c-404c-b581-116f9517bb0d",
            "name": "Robert Connolly",
            "type_": "USER"
        },
        "created_by": {
            "id": "d94aa797-47b6-48e1-9b0f-9627812b5866",
            "name": "Lea Hanna",
            "type_": "USER"
        },
        "creation_date": 1750247846210.0,
        "data_connection_id": "8939ad05-4472-435c-a065-ed31be1b9fea",
        "disabled": null,
        "display_name": "Sales Order - S4 Hana ",
        "factory_id": "3f9add92-b3be-4081-aa12-782c85c41337",
        "has_overwrites": null,
        "name": "Sales Order - S4 Hana ",
        "namespace": "custom",
        "target": {
            "entity_ref": {
                "name": "SalesOrder",
                "namespace": "custom"
            },
            "kind": "OBJECT"
        },
        "user_factory_template_reference": null,
        "validation_status": "VALID"
    },
    {
        "change_date": 1763976585135.0,
        "changed_by": {
            "id": "2202cbc9-7251-4630-bfb2-36812e688613",
            "name": "l.pigozzi",
            "type_": "USER"
        },
        "created_by": {
            "id": "2202cbc9-7251-4630-bfb2-36812e688613",
            "name": "l.pigozzi",
            "type_": "USER"
        },
        "creation_date": 1749630810526.0,
        "data_connection_id": "42d53587-d7fa-45cf-8403-26770d8029d0",
        "disabled": null,
        "display_name": "SalesOrder transformation - 00. Central Extraction Pool_Oracle-ebs - 1",
        "factory_id": "84566c9d-4415-46b2-b3e7-2520e21ab961",
        "has_overwrites": null,
        "name": "SalesOrder transformation - 00. Central Extraction Pool_Oracle-ebs - 1",
        "namespace": "custom",
        "target": {
            "entity_ref": {
                "name": "SalesOrder",
                "namespace": "custom"
            },
            "kind": "OBJECT"
        },
        "user_factory_template_reference": null,
        "validation_status": "VALID"
    }
]