[
    {
        "change_date": 1751279732890.0,
        "changed_by": {
            "id": "4d82ae0d-2047-4c83-ac8c-e2da04a3b5a0",
            "name": "Brave Gujral",
            "type_": "USER"
        },
        "created_by": {
            "id": "bdec2b77-569a-4c86-86a1-73c0f6bbb6c4",
            "name": "Andi",
            "type_": "USER"
        },
        "creation_date": 1749823894299.0,
        "data_connection_id": "00000000-0000-0000-0000-000000000000",
        "disabled": null,
        "display_name": "ReleaseBlockOnSalesOrder - 1",
        "factory_id": "9a39ee0a-39bb-4724-bfcc-cb3f6f5283a1",
        "has_overwrites": null,
        "name": "ReleaseBlockOnSalesOrder - 1",
        "namespace": "custom",
        "target": {
            "entity_ref": {
                "name": "ReleaseBlockOnSalesOrder",
                "namespace": "custom"
            },
            "kind": "EVENT"
        },
        "user_factory_template_reference": null,
        "validation_status": "VALID"
    }
]