[
    {
        "change_date": 1760437385299.0,
        "changed_by": {
            "id": "2202cbc9-7251-4630-bfb2-36812e688613",
            "name": "l.pigozzi",
            "type_": "USER"
        },
        "created_by": {
            "id": "2202cbc9-7251-4630-bfb2-36812e688613",
            "name": "l.pigozzi",
            "type_": "USER"
        },
        "creation_date": 1749630880851.0,
        "data_connection_id": "00000000-0000-0000-0000-000000000000",
        "disabled": null,
        "display_name": "ChangePurchaseDocumentLine",
        "factory_id": "b17ac574-e576-4a42-af29-3bfe70be728a",
        "has_overwrites": null,
        "name": "ChangePurchaseDocumentLine",
        "namespace": "custom",
        "target": {
            "entity_ref": {
                "name": "ChangePurchaseDocumentLine",
                "namespace": "custom"
            },
            "kind": "EVENT"
        },
        "user_factory_template_reference": null,
        "validation_status": "VALID"
    }
]