[
    {
        "change_date": 1760542612394.0,
        "changed_by": {
            "id": "2202cbc9-7251-4630-bfb2-36812e688613",
            "name": "l.pigozzi",
            "type_": "USER"
        },
        "created_by": {
            "id": "83864e97-dd17-42f7-92e4-2c1d1b9c029d",
            "name": "Hema priya Sudhakar",
            "type_": "USER"
        },
        "creation_date": 1749716352907.0,
        "data_connection_id": "00000000-0000-0000-0000-000000000000",
        "disabled": null,
        "display_name": "ApprovePurchaseRequisitionLine",
        "factory_id": "7e1e3dd6-675a-42d4-ab7d-18e88c86b186",
        "has_overwrites": null,
        "name": "ApprovePurchaseRequisitionLine",
        "namespace": "custom",
        "target": {
            "entity_ref": {
                "name": "ApprovePurchaseRequisitionLine",
                "namespace": "custom"
            },
            "kind": "EVENT"
        },
        "user_factory_template_reference": null,
        "validation_status": "VALID"
    }
]