[
    {
        "change_date": 1758870337154.0,
        "changed_by": {
            "id": "ae9989fc-2640-4ab1-9754-cb31999ce77e",
            "name": "j.rosenbauer",
            "type_": "USER"
        },
        "created_by": {
            "id": "ae9989fc-2640-4ab1-9754-cb31999ce77e",
            "name": "j.rosenbauer",
            "type_": "USER"
        },
        "creation_date": 1749720845701.0,
        "data_connection_id": "00000000-0000-0000-0000-000000000000",
        "disabled": null,
        "display_name": "CreateProductionOrder - 1",
        "factory_id": "7d14c020-b2bc-4628-b10b-6c82aee848df",
        "has_overwrites": null,
        "name": "CreateProductionOrder - 1",
        "namespace": "custom",
        "target": {
            "entity_ref": {
                "name": "CreateProductionOrder",
                "namespace": "custom"
            },
            "kind": "EVENT"
        },
        "user_factory_template_reference": null,
        "validation_status": "VALID"
    }
]