[
    {
        "change_date": 1760542653185.0,
        "changed_by": {
            "id": "2202cbc9-7251-4630-bfb2-36812e688613",
            "name": "l.pigozzi",
            "type_": "USER"
        },
        "created_by": {
            "id": "2202cbc9-7251-4630-bfb2-36812e688613",
            "name": "l.pigozzi",
            "type_": "USER"
        },
        "creation_date": 1749630834115.0,
        "data_connection_id": "00000000-0000-0000-0000-000000000000",
        "disabled": null,
        "display_name": "ChangePurchaseRequisitionLine transformation",
        "factory_id": "44ab0447-ea33-45e7-8528-f9b0e5f680dd",
        "has_overwrites": null,
        "name": "ChangePurchaseRequisitionLine transformation",
        "namespace": "custom",
        "target": {
            "entity_ref": {
                "name": "ChangePurchaseRequisitionLine",
                "namespace": "custom"
            },
            "kind": "EVENT"
        },
        "user_factory_template_reference": null,
        "validation_status": "VALID"
    }
]