[
    {
        "change_date": 1758103092994.0,
        "changed_by": {
            "id": "83864e97-dd17-42f7-92e4-2c1d1b9c029d",
            "name": "Hema priya Sudhakar",
            "type_": "USER"
        },
        "created_by": {
            "id": "2202cbc9-7251-4630-bfb2-36812e688613",
            "name": "l.pigozzi",
            "type_": "USER"
        },
        "creation_date": 1749630866462.0,
        "data_connection_id": "00000000-0000-0000-0000-000000000000",
        "disabled": null,
        "display_name": "CreatePayment transformation",
        "factory_id": "ff9f1521-7ecc-4195-8bb3-0ab2781cc050",
        "has_overwrites": null,
        "name": "CreatePayment transformation",
        "namespace": "custom",
        "target": {
            "entity_ref": {
                "name": "CreatePayment",
                "namespace": "custom"
            },
            "kind": "EVENT"
        },
        "user_factory_template_reference": null,
        "validation_status": "VALID"
    }
]