[
    {
        "change_date": 1764702352295.0,
        "changed_by": {
            "id": "5477e5f1-b56c-404c-b581-116f9517bb0d",
            "name": "Robert Connolly",
            "type_": "USER"
        },
        "created_by": {
            "id": "2202cbc9-7251-4630-bfb2-36812e688613",
            "name": "l.pigozzi",
            "type_": "USER"
        },
        "creation_date": 1749632898211.0,
        "data_connection_id": "b9f449da-3a15-43d8-89e3-0e87e54fb5af",
        "disabled": null,
        "display_name": "CustomerInvoice - 00. Central Extraction Pool_TS1",
        "factory_id": "9aea4fd3-dda4-400b-ba73-ac0fbdc51efb",
        "has_overwrites": null,
        "name": "CustomerInvoice - 00. Central Extraction Pool_TS1",
        "namespace": "custom",
        "target": {
            "entity_ref": {
                "name": "CustomerInvoice",
                "namespace": "custom"
            },
            "kind": "OBJECT"
        },
        "user_factory_template_reference": {
            "name": "CustomerInvoice - SAP ECC - 1",
            "namespace": "custom"
        },
        "validation_status": "VALID"
    },
    {
        "change_date": 1760347017127.0,
        "changed_by": {
            "id": "2202cbc9-7251-4630-bfb2-36812e688613",
            "name": "l.pigozzi",
            "type_": "USER"
        },
        "created_by": {
            "id": "2202cbc9-7251-4630-bfb2-36812e688613",
            "name": "l.pigozzi",
            "type_": "USER"
        },
        "creation_date": 1749630781686.0,
        "data_connection_id": "42d53587-d7fa-45cf-8403-26770d8029d0",
        "disabled": null,
        "display_name": "CustomerInvoice transformation - 00. Central Extraction Pool_Oracle-ebs - 1",
        "factory_id": "8b3ad583-f7c2-468c-a336-b1e20e40b295",
        "has_overwrites": null,
        "name": "CustomerInvoice transformation - 00. Central Extraction Pool_Oracle-ebs - 1",
        "namespace": "custom",
        "target": {
            "entity_ref": {
                "name": "CustomerInvoice",
                "namespace": "custom"
            },
            "kind": "OBJECT"
        },
        "user_factory_template_reference": null,
        "validation_status": "VALID"
    },
    {
        "change_date": 1764702352295.0,
        "changed_by": {
            "id": "5477e5f1-b56c-404c-b581-116f9517bb0d",
            "name": "Robert Connolly",
            "type_": "USER"
        },
        "created_by": {
            "id": "2202cbc9-7251-4630-bfb2-36812e688613",
            "name": "l.pigozzi",
            "type_": "USER"
        },
        "creation_date": 1752508825413.0,
        "data_connection_id": "8939ad05-4472-435c-a065-ed31be1b9fea",
        "disabled": null,
        "display_name": "CustomerInvoice - SAP S4",
        "factory_id": "0eb27d1d-342b-4439-a875-987787b8b5f8",
        "has_overwrites": null,
        "name": "CustomerInvoice - SAP S4",
        "namespace": "custom",
        "target": {
            "entity_ref": {
                "name": "CustomerInvoice",
                "namespace": "custom"
            },
            "kind": "OBJECT"
        },
        "user_factory_template_reference": {
            "name": "CustomerInvoice - SAP ECC - 1",
            "namespace": "custom"
        },
        "validation_status": "VALID"
    },
    {
        "change_date": 1760347017127.0,
        "changed_by": {
            "id": "2202cbc9-7251-4630-bfb2-36812e688613",
            "name": "l.pigozzi",
            "type_": "USER"
        },
        "created_by": {
            "id": "83864e97-dd17-42f7-92e4-2c1d1b9c029d",
            "name": "Hema priya Sudhakar",
            "type_": "USER"
        },
        "creation_date": 1752510572339.0,
        "data_connection_id": "03736e95-3931-4eda-8dfe-fc16e11388bc",
        "disabled": null,
        "display_name": "CustomerInvoice - OracleFusion",
        "factory_id": "7eeba9b9-ec0f-4f5b-ad94-5c3f902386c5",
        "has_overwrites": null,
        "name": "CustomerInvoice - OracleFusion",
        "namespace": "custom",
        "target": {
            "entity_ref": {
                "name": "CustomerInvoice",
                "namespace": "custom"
            },
            "kind": "OBJECT"
        },
        "user_factory_template_reference": null,
        "validation_status": "VALID"
    }
]