[
    {
        "change_date": 1764702807557.0,
        "changed_by": {
            "id": "5477e5f1-b56c-404c-b581-116f9517bb0d",
            "name": "Robert Connolly",
            "type_": "USER"
        },
        "created_by": {
            "id": "2202cbc9-7251-4630-bfb2-36812e688613",
            "name": "l.pigozzi",
            "type_": "USER"
        },
        "creation_date": 1749632974623.0,
        "data_connection_id": "b9f449da-3a15-43d8-89e3-0e87e54fb5af",
        "disabled": null,
        "display_name": "CustomerInvoiceLine - 00. Central Extraction Pool_TS1",
        "factory_id": "678385ca-6558-4a5b-9369-d6f7d2c70b4c",
        "has_overwrites": null,
        "name": "CustomerInvoiceLine - 00. Central Extraction Pool_TS1",
        "namespace": "custom",
        "target": {
            "entity_ref": {
                "name": "CustomerInvoiceLine",
                "namespace": "custom"
            },
            "kind": "OBJECT"
        },
        "user_factory_template_reference": {
            "name": "CustomerInvoiceLine - SAP ECC - 1",
            "namespace": "custom"
        },
        "validation_status": "VALID"
    },
    {
        "change_date": 1763978273888.0,
        "changed_by": {
            "id": "2202cbc9-7251-4630-bfb2-36812e688613",
            "name": "l.pigozzi",
            "type_": "USER"
        },
        "created_by": {
            "id": "83864e97-dd17-42f7-92e4-2c1d1b9c029d",
            "name": "Hema priya Sudhakar",
            "type_": "USER"
        },
        "creation_date": 1752511616970.0,
        "data_connection_id": "03736e95-3931-4eda-8dfe-fc16e11388bc",
        "disabled": null,
        "display_name": "CustomerInvoiceLine - OracleFusion",
        "factory_id": "0042b17d-d8b8-4a3b-8acf-debea1bd1a8d",
        "has_overwrites": null,
        "name": "CustomerInvoiceLine - OracleFusion",
        "namespace": "custom",
        "target": {
            "entity_ref": {
                "name": "CustomerInvoiceLine",
                "namespace": "custom"
            },
            "kind": "OBJECT"
        },
        "user_factory_template_reference": null,
        "validation_status": "VALID"
    },
    {
        "change_date": 1761901716446.0,
        "changed_by": {
            "id": "83864e97-dd17-42f7-92e4-2c1d1b9c029d",
            "name": "Hema priya Sudhakar",
            "type_": "USER"
        },
        "created_by": {
            "id": "2202cbc9-7251-4630-bfb2-36812e688613",
            "name": "l.pigozzi",
            "type_": "USER"
        },
        "creation_date": 1749630768818.0,
        "data_connection_id": "42d53587-d7fa-45cf-8403-26770d8029d0",
        "disabled": null,
        "display_name": "CustomerInvoiceLine transformation - 00. Central Extraction Pool_Oracle-ebs - 1",
        "factory_id": "d4940cd0-bd2d-4c13-8349-ee47608fe0d6",
        "has_overwrites": null,
        "name": "CustomerInvoiceLine transformation - 00. Central Extraction Pool_Oracle-ebs - 1",
        "namespace": "custom",
        "target": {
            "entity_ref": {
                "name": "CustomerInvoiceLine",
                "namespace": "custom"
            },
            "kind": "OBJECT"
        },
        "user_factory_template_reference": null,
        "validation_status": "VALID"
    },
    {
        "change_date": 1764702807557.0,
        "changed_by": {
            "id": "5477e5f1-b56c-404c-b581-116f9517bb0d",
            "name": "Robert Connolly",
            "type_": "USER"
        },
        "created_by": {
            "id": "2202cbc9-7251-4630-bfb2-36812e688613",
            "name": "l.pigozzi",
            "type_": "USER"
        },
        "creation_date": 1752509016377.0,
        "data_connection_id": "8939ad05-4472-435c-a065-ed31be1b9fea",
        "disabled": null,
        "display_name": "CustomerInvoiceLine -  SAP S4",
        "factory_id": "87688a29-4800-4cfc-8423-945d9ba5d316",
        "has_overwrites": null,
        "name": "CustomerInvoiceLine -  SAP S4",
        "namespace": "custom",
        "target": {
            "entity_ref": {
                "name": "CustomerInvoiceLine",
                "namespace": "custom"
            },
            "kind": "OBJECT"
        },
        "user_factory_template_reference": {
            "name": "CustomerInvoiceLine - SAP ECC - 1",
            "namespace": "custom"
        },
        "validation_status": "VALID"
    }
]