[
    {
        "change_date": 1768294105659.0,
        "changed_by": {
            "id": "2202cbc9-7251-4630-bfb2-36812e688613",
            "name": "l.pigozzi",
            "type_": "USER"
        },
        "created_by": {
            "id": "2202cbc9-7251-4630-bfb2-36812e688613",
            "name": "l.pigozzi",
            "type_": "USER"
        },
        "creation_date": 1749633089039.0,
        "data_connection_id": "b9f449da-3a15-43d8-89e3-0e87e54fb5af",
        "disabled": null,
        "display_name": "Delivery - 00. Central Extraction Pool_TS1",
        "factory_id": "426b1bb8-b6be-45e1-8486-cb29792688cd",
        "has_overwrites": null,
        "name": "Delivery - 00. Central Extraction Pool_TS1",
        "namespace": "custom",
        "target": {
            "entity_ref": {
                "name": "Delivery",
                "namespace": "custom"
            },
            "kind": "OBJECT"
        },
        "user_factory_template_reference": null,
        "validation_status": "VALID"
    },
    {
        "change_date": 1763979822892.0,
        "changed_by": {
            "id": "2202cbc9-7251-4630-bfb2-36812e688613",
            "name": "l.pigozzi",
            "type_": "USER"
        },
        "created_by": {
            "id": "4d82ae0d-2047-4c83-ac8c-e2da04a3b5a0",
            "name": "Brave Gujral",
            "type_": "USER"
        },
        "creation_date": 1752239300658.0,
        "data_connection_id": "03736e95-3931-4eda-8dfe-fc16e11388bc",
        "disabled": null,
        "display_name": "Delivery - OracleFusion",
        "factory_id": "6d722757-0607-409f-b10c-4b1cb95e66db",
        "has_overwrites": null,
        "name": "Delivery - OracleFusion",
        "namespace": "custom",
        "target": {
            "entity_ref": {
                "name": "Delivery",
                "namespace": "custom"
            },
            "kind": "OBJECT"
        },
        "user_factory_template_reference": null,
        "validation_status": "VALID"
    },
    {
        "change_date": 1763581132258.0,
        "changed_by": {
            "id": "5477e5f1-b56c-404c-b581-116f9517bb0d",
            "name": "Robert Connolly",
            "type_": "USER"
        },
        "created_by": {
            "id": "d94aa797-47b6-48e1-9b0f-9627812b5866",
            "name": "Lea Hanna",
            "type_": "USER"
        },
        "creation_date": 1750230938256.0,
        "data_connection_id": "8939ad05-4472-435c-a065-ed31be1b9fea",
        "disabled": null,
        "display_name": "Delivery - S4 Hana",
        "factory_id": "50bffce8-b719-4f7c-8a35-5bd980b15d5a",
        "has_overwrites": null,
        "name": "Delivery - S4 Hana",
        "namespace": "custom",
        "target": {
            "entity_ref": {
                "name": "Delivery",
                "namespace": "custom"
            },
            "kind": "OBJECT"
        },
        "user_factory_template_reference": null,
        "validation_status": "VALID"
    },
    {
        "change_date": 1763977595072.0,
        "changed_by": {
            "id": "2202cbc9-7251-4630-bfb2-36812e688613",
            "name": "l.pigozzi",
            "type_": "USER"
        },
        "created_by": {
            "id": "4d82ae0d-2047-4c83-ac8c-e2da04a3b5a0",
            "name": "Brave Gujral",
            "type_": "USER"
        },
        "creation_date": 1749636437243.0,
        "data_connection_id": "42d53587-d7fa-45cf-8403-26770d8029d0",
        "disabled": null,
        "display_name": "Delivery - 00. Central Extraction Pool_Oracle-ebs",
        "factory_id": "693a907a-62c5-43c7-92e8-07dfadd729bf",
        "has_overwrites": null,
        "name": "Delivery - 00. Central Extraction Pool_Oracle-ebs",
        "namespace": "custom",
        "target": {
            "entity_ref": {
                "name": "Delivery",
                "namespace": "custom"
            },
            "kind": "OBJECT"
        },
        "user_factory_template_reference": null,
        "validation_status": "VALID"
    }
]