[
    {
        "change_date": 1759133860270.0,
        "changed_by": {
            "id": "ae9989fc-2640-4ab1-9754-cb31999ce77e",
            "name": "j.rosenbauer",
            "type_": "USER"
        },
        "created_by": {
            "id": "2202cbc9-7251-4630-bfb2-36812e688613",
            "name": "l.pigozzi",
            "type_": "USER"
        },
        "creation_date": 1749634701940.0,
        "data_connection_id": "b9f449da-3a15-43d8-89e3-0e87e54fb5af",
        "disabled": null,
        "display_name": "RelationshipBillOfMaterials - 00. Central Extraction Pool_TS1",
        "factory_id": "0d1d5316-2866-4529-a4a0-ab082530bd4f",
        "has_overwrites": null,
        "name": "RelationshipBillOfMaterials - 00. Central Extraction Pool_TS1",
        "namespace": "custom",
        "target": {
            "entity_ref": {
                "name": "RelationshipBillOfMaterials",
                "namespace": "custom"
            },
            "kind": "OBJECT"
        },
        "user_factory_template_reference": null,
        "validation_status": "VALID"
    },
    {
        "change_date": 1761045751914.0,
        "changed_by": {
            "id": "ae9989fc-2640-4ab1-9754-cb31999ce77e",
            "name": "j.rosenbauer",
            "type_": "USER"
        },
        "created_by": {
            "id": "4d82ae0d-2047-4c83-ac8c-e2da04a3b5a0",
            "name": "Brave Gujral",
            "type_": "USER"
        },
        "creation_date": 1750047893935.0,
        "data_connection_id": "42d53587-d7fa-45cf-8403-26770d8029d0",
        "disabled": null,
        "display_name": "RelationshipBillOfMaterials - OracleEBS",
        "factory_id": "6795cb08-de7c-4eef-9d78-4e6498b4b732",
        "has_overwrites": null,
        "name": "RelationshipBillOfMaterials - OracleEBS",
        "namespace": "custom",
        "target": {
            "entity_ref": {
                "name": "RelationshipBillOfMaterials",
                "namespace": "custom"
            },
            "kind": "OBJECT"
        },
        "user_factory_template_reference": null,
        "validation_status": "VALID"
    },
    {
        "change_date": 1759133898590.0,
        "changed_by": {
            "id": "ae9989fc-2640-4ab1-9754-cb31999ce77e",
            "name": "j.rosenbauer",
            "type_": "USER"
        },
        "created_by": {
            "id": "2202cbc9-7251-4630-bfb2-36812e688613",
            "name": "l.pigozzi",
            "type_": "USER"
        },
        "creation_date": 1749649819594.0,
        "data_connection_id": "8939ad05-4472-435c-a065-ed31be1b9fea",
        "disabled": null,
        "display_name": "RelationshipBillOfMaterials - 00. SAP S/4 HANA Extraction Pool_S4H-HANA",
        "factory_id": "4cc183f0-cfe8-4da8-ab1d-440d39f269d1",
        "has_overwrites": null,
        "name": "RelationshipBillOfMaterials - 00. SAP S/4 HANA Extraction Pool_S4H-HANA",
        "namespace": "custom",
        "target": {
            "entity_ref": {
                "name": "RelationshipBillOfMaterials",
                "namespace": "custom"
            },
            "kind": "OBJECT"
        },
        "user_factory_template_reference": null,
        "validation_status": "VALID"
    },
    {
        "change_date": 1761045805946.0,
        "changed_by": {
            "id": "ae9989fc-2640-4ab1-9754-cb31999ce77e",
            "name": "j.rosenbauer",
            "type_": "USER"
        },
        "created_by": {
            "id": "4d82ae0d-2047-4c83-ac8c-e2da04a3b5a0",
            "name": "Brave Gujral",
            "type_": "USER"
        },
        "creation_date": 1753444799421.0,
        "data_connection_id": "03736e95-3931-4eda-8dfe-fc16e11388bc",
        "disabled": null,
        "display_name": "RelationshipBillOfMaterials - OracleFusion",
        "factory_id": "aff0a7ae-fd80-43f6-8634-5675b1dfe622",
        "has_overwrites": null,
        "name": "RelationshipBillOfMaterials - OracleFusion",
        "namespace": "custom",
        "target": {
            "entity_ref": {
                "name": "RelationshipBillOfMaterials",
                "namespace": "custom"
            },
            "kind": "OBJECT"
        },
        "user_factory_template_reference": null,
        "validation_status": "VALID"
    }
]