[
    {
        "change_date": 1760446578599.0,
        "changed_by": {
            "id": "2202cbc9-7251-4630-bfb2-36812e688613",
            "name": "l.pigozzi",
            "type_": "USER"
        },
        "created_by": {
            "id": "2202cbc9-7251-4630-bfb2-36812e688613",
            "name": "l.pigozzi",
            "type_": "USER"
        },
        "creation_date": 1749630851845.0,
        "data_connection_id": "00000000-0000-0000-0000-000000000000",
        "disabled": null,
        "display_name": "CreatePurchaseRequisitionLine",
        "factory_id": "d1ff42cf-fdc2-4cb4-9f30-4136f7cf0a70",
        "has_overwrites": null,
        "name": "CreatePurchaseRequisitionLine",
        "namespace": "custom",
        "target": {
            "entity_ref": {
                "name": "CreatePurchaseRequisitionLine",
                "namespace": "custom"
            },
            "kind": "EVENT"
        },
        "user_factory_template_reference": null,
        "validation_status": "VALID"
    }
]