[
    {
        "change_date": 1751279566272.0,
        "changed_by": {
            "id": "4d82ae0d-2047-4c83-ac8c-e2da04a3b5a0",
            "name": "Brave Gujral",
            "type_": "USER"
        },
        "created_by": {
            "id": "bdec2b77-569a-4c86-86a1-73c0f6bbb6c4",
            "name": "Andi",
            "type_": "USER"
        },
        "creation_date": 1749823516854.0,
        "data_connection_id": "00000000-0000-0000-0000-000000000000",
        "disabled": null,
        "display_name": "SetBlockOnSalesOrder - 1",
        "factory_id": "19b15ae4-f8ac-4922-80a4-642ee5b82496",
        "has_overwrites": null,
        "name": "SetBlockOnSalesOrder - 1",
        "namespace": "custom",
        "target": {
            "entity_ref": {
                "name": "SetBlockOnSalesOrder",
                "namespace": "custom"
            },
            "kind": "EVENT"
        },
        "user_factory_template_reference": null,
        "validation_status": "VALID"
    }
]