[
    {
        "change_date": 1761855937903.0,
        "changed_by": {
            "id": "bdec2b77-569a-4c86-86a1-73c0f6bbb6c4",
            "name": "Andi",
            "type_": "USER"
        },
        "created_by": {
            "id": "bdec2b77-569a-4c86-86a1-73c0f6bbb6c4",
            "name": "Andi",
            "type_": "USER"
        },
        "creation_date": 1752056002199.0,
        "data_connection_id": "00000000-0000-0000-0000-000000000000",
        "disabled": null,
        "display_name": "RelationshipOrderToInvoice - 1",
        "factory_id": "efaacce2-c5bf-4b4e-98d0-756f2600b7ed",
        "has_overwrites": null,
        "name": "RelationshipOrderToInvoice - 1",
        "namespace": "custom",
        "target": {
            "entity_ref": {
                "name": "RelationshipOrderToInvoice",
                "namespace": "custom"
            },
            "kind": "OBJECT"
        },
        "user_factory_template_reference": null,
        "validation_status": "VALID"
    }
]