[
    {
        "change_date": 1764702807557.0,
        "changed_by": {
            "id": "5477e5f1-b56c-404c-b581-116f9517bb0d",
            "name": "Robert Connolly",
            "type_": "USER"
        },
        "created_by": {
            "id": "2202cbc9-7251-4630-bfb2-36812e688613",
            "name": "l.pigozzi",
            "type_": "USER"
        },
        "creation_date": 1752509002734.0,
        "description": "",
        "draft": null,
        "id": "c1413c63-6ed7-479f-b6c2-17b4fb2c0ee5",
        "local_parameters": [
            {
                "name": "sourceSystem",
                "value": "'SAP_ECC'"
            }
        ],
        "name": "CustomerInvoiceLine - SAP ECC - 1",
        "sql_factory_transports": [
            {
                "change_date": 1764702807557.0,
                "changed_by": {
                    "id": "5477e5f1-b56c-404c-b581-116f9517bb0d",
                    "name": "Robert Connolly",
                    "type_": "USER"
                },
                "created_by": {
                    "id": "2202cbc9-7251-4630-bfb2-36812e688613",
                    "name": "l.pigozzi",
                    "type_": "USER"
                },
                "creation_date": 1749632974623.0,
                "data_connection_id": "b9f449da-3a15-43d8-89e3-0e87e54fb5af",
                "description": null,
                "disabled": null,
                "display_name": "CustomerInvoiceLine - 00. Central Extraction Pool_TS1",
                "draft": null,
                "factory_id": "678385ca-6558-4a5b-9369-d6f7d2c70b4c",
                "factory_validation_status": "VALID",
                "has_user_template": true,
                "local_parameters": [
                    {
                        "name": "sourceSystem",
                        "value": "'SAP_ECC'"
                    }
                ],
                "namespace": "custom",
                "target": {
                    "entity_ref": {
                        "name": "CustomerInvoiceLine",
                        "namespace": "custom"
                    },
                    "kind": "OBJECT"
                },
                "transformations": [
                    {
                        "change_sql_factory_datasets": [
                            {
                                "id": "Cancellation",
                                "type_": "SQL_FACTORY_DATA_SET",
                                "complete_overwrite": false,
                                "disabled": false,
                                "materialise_cte": false,
                                "overwrite": null,
                                "sql": "SELECT\n    <%=sourceSystem%> || '::' || \"VBRP_CANCEL\".\"MANDT\" || '::' || \n        \"VBRP_CANCEL\".\"VBELN\" || '::' || \"VBRP_CANCEL\".\"POSNR\"                              AS \"ID\",\n    <%=sourceSystem%> || '::' || \"VBRP\".\"MANDT\" || '::' || \"VBRP\".\"VBELN\" \n        || '::' || \"VBRP\".\"POSNR\"                                                           AS \"ObjectID\", -- the docuemnt item that is canceled \n\tCAST(\"VBRK_CANCEL\".\"ERDAT\" AS DATE) +\n        CAST(TIMESTAMPDIFF(SECOND, CAST(\"VBRK_CANCEL\".\"ERZET\" AS DATE), \n        \"VBRK_CANCEL\".\"ERZET\") AS INTERVAL SECOND)                                          AS \"Time\",\n    'Cancellation'                                                                          AS \"Attribute\",\n    NULL                                                                                    AS \"OldValue\",\n    NULL                                                                                    AS \"NewValue\",\n\tCASE\n        WHEN \"USR02\".\"USTYP\" IN ('B', 'C') THEN 'Automatic'\n        ELSE 'Manual' \n     END                                                                                    AS \"ExecutionType\",\n\t<%=sourceSystem%> || '::' || \"VBRK_CANCEL\".\"MANDT\" || '::' || \"VBRK_CANCEL\".\"ERNAM\"     AS \"ChangedBy\",\n\t'CustomerInvoiceCancellation'                                                           AS \"OperationType\", -- the document type that canceled the document item\n    <%=sourceSystem%> || '::' || \"VBRK_CANCEL\".\"MANDT\" || '::' || \"VBRK_CANCEL\".\"VBELN\"     AS \"OperationID\"  -- the document that canceled the document item\nFROM \"VBRK\" AS \"VBRK\"\n         LEFT JOIN \"VBRP\" AS \"VBRP\"\n                   ON \"VBRP\".\"MANDT\" = \"VBRK\".\"MANDT\"\n                       AND \"VBRP\".\"VBELN\" = \"VBRK\".\"VBELN\"\n         LEFT JOIN \"VBFA\" AS \"VBFA\"\n                   ON \"VBRP\".\"MANDT\" = \"VBFA\".\"MANDT\"\n                       AND \"VBRP\".\"VBELN\" = \"VBFA\".\"VBELV\"\n                       AND \"VBRP\".\"POSNR\" = \"VBFA\".\"POSNV\"\n                       AND \"VBFA\".\"VBTYP_V\" = 'M'\n                       AND \"VBFA\".\"VBTYP_N\" = 'N'\n                       AND \"VBFA\".\"STUFE\" = '00'\n         LEFT JOIN \"VBRP\" AS \"VBRP_CANCEL\"\n                   ON \"VBRP_CANCEL\".\"MANDT\" = \"VBFA\".\"MANDT\"\n                       AND \"VBRP_CANCEL\".\"VBELN\" = \"VBFA\".\"VBELN\"\n                       AND \"VBRP_CANCEL\".\"POSNR\" = \"VBFA\".\"POSNN\"\n                       AND \"VBRP_CANCEL\".\"VGTYP\" IN ('C', 'J')\n         LEFT JOIN \"VBRK\" AS \"VBRK_CANCEL\"\n                   ON \"VBRP_CANCEL\".\"MANDT\" = \"VBRK_CANCEL\".\"MANDT\"\n                       AND \"VBRP_CANCEL\".\"VBELN\" = \"VBRK_CANCEL\".\"VBELN\"\n         LEFT JOIN \"USR02\" AS \"USR02\"\n                   ON \"VBRP_CANCEL\".\"MANDT\" = \"USR02\".\"MANDT\"\n                       AND \"VBRP_CANCEL\".\"ERNAM\" = \"USR02\".\"BNAME\"\nWHERE \"VBRK\".\"MANDT\" IS NOT NULL\n    AND \"VBRP_CANCEL\".\"MANDT\" IS NOT NULL\n\nUNION\n\nSELECT\n    <%=sourceSystem%> || '::' || \"VBRP_CANCEL\".\"MANDT\" || '::' || \n        \"VBRP_CANCEL\".\"VBELN\" || '::' || \"VBRP_CANCEL\".\"POSNR\"                              AS \"ID\",\n    <%=sourceSystem%> || '::' || \"VBRP\".\"MANDT\" || '::' || \"VBRP\".\"VBELN\" \n        || '::' || \"VBRP\".\"POSNR\"                                                           AS \"ObjectID\", -- the docuemnt item that is canceled \n\tCAST(\"VBRK_CANCEL\".\"ERDAT\" AS DATE) +\n        CAST(TIMESTAMPDIFF(SECOND, CAST(\"VBRK_CANCEL\".\"ERZET\" AS DATE), \n        \"VBRK_CANCEL\".\"ERZET\") AS INTERVAL SECOND)                                          AS \"Time\",\n    'Cancellation'                                                                          AS \"Attribute\",\n    NULL                                                                                    AS \"OldValue\",\n    NULL                                                                                    AS \"NewValue\",\n\tCASE\n        WHEN \"USR02\".\"USTYP\" IN ('B', 'C') THEN 'Automatic'\n        ELSE 'Manual' \n     END                                                                                    AS \"ExecutionType\",\n\t<%=sourceSystem%> || '::' || \"VBRK_CANCEL\".\"MANDT\" || '::' || \"VBRK_CANCEL\".\"ERNAM\"     AS \"ChangedBy\",\n\t'DebitMemoCancellation'                                                                 AS \"OperationType\", -- the document type that canceled the document item\n    <%=sourceSystem%> || '::' || \"VBRK_CANCEL\".\"MANDT\" || '::' || \"VBRK_CANCEL\".\"VBELN\"     AS \"OperationID\"  -- the document that canceled the document item\nFROM \"VBRK\" AS \"VBRK\"\n         LEFT JOIN \"VBRP\" AS \"VBRP\"\n                   ON \"VBRP\".\"MANDT\" = \"VBRK\".\"MANDT\"\n                       AND \"VBRP\".\"VBELN\" = \"VBRK\".\"VBELN\"\n         LEFT JOIN \"VBFA\" AS \"VBFA\"\n                   ON \"VBRP\".\"MANDT\" = \"VBFA\".\"MANDT\"\n                       AND \"VBRP\".\"VBELN\" = \"VBFA\".\"VBELV\"\n                       AND \"VBRP\".\"POSNR\" = \"VBFA\".\"POSNV\"\n                       AND \"VBFA\".\"VBTYP_V\" = 'P'\n                       AND \"VBFA\".\"VBTYP_N\" = 'N'\n                       AND \"VBFA\".\"STUFE\" = '00'\n         LEFT JOIN \"VBRP\" AS \"VBRP_CANCEL\"\n                   ON \"VBRP_CANCEL\".\"MANDT\" = \"VBFA\".\"MANDT\"\n                       AND \"VBRP_CANCEL\".\"VBELN\" = \"VBFA\".\"VBELN\"\n                       AND \"VBRP_CANCEL\".\"POSNR\" = \"VBFA\".\"POSNN\"\n                       AND \"VBRP_CANCEL\".\"VGTYP\" = 'L'\n         LEFT JOIN \"VBRK\" AS \"VBRK_CANCEL\"\n                   ON \"VBRP_CANCEL\".\"MANDT\" = \"VBRK_CANCEL\".\"MANDT\"\n                       AND \"VBRP_CANCEL\".\"VBELN\" = \"VBRK_CANCEL\".\"VBELN\"\n         LEFT JOIN \"USR02\" AS \"USR02\"\n                   ON \"VBRP_CANCEL\".\"MANDT\" = \"USR02\".\"MANDT\"\n                       AND \"VBRP_CANCEL\".\"ERNAM\" = \"USR02\".\"BNAME\"\nWHERE \"VBRK\".\"MANDT\" IS NOT NULL\n    AND \"VBRP_CANCEL\".\"MANDT\" IS NOT NULL\n    AND \"VBFA\".\"STUFE\" = '00'\n\nUNION\n\nSELECT\n    <%=sourceSystem%> || '::' || \"VBRP_CANCEL\".\"MANDT\" || '::' || \n        \"VBRP_CANCEL\".\"VBELN\" || '::' || \"VBRP_CANCEL\".\"POSNR\"                              AS \"ID\",\n    <%=sourceSystem%> || '::' || \"VBRP\".\"MANDT\" || '::' || \"VBRP\".\"VBELN\" \n        || '::' || \"VBRP\".\"POSNR\"                                                           AS \"ObjectID\",\n\tCAST(\"VBRK_CANCEL\".\"ERDAT\" AS DATE) \n            + CAST(TIMESTAMPDIFF(SECOND, CAST(\"VBRK_CANCEL\".\"ERZET\" AS DATE),\n            \"VBRK_CANCEL\".\"ERZET\") AS INTERVAL SECOND)                                      AS \"Time\",\n    'Cancellation'                                                                          AS \"Attribute\",\n    NULL                                                                                    AS \"OldValue\",\n    NULL                                                                                    AS \"NewValue\",\n\tCASE\n        WHEN \"USR02\".\"USTYP\" IN ('B', 'C') THEN 'Automatic'\n        ELSE 'Manual' \n     END                                                                                    AS \"ExecutionType\",\n\t<%=sourceSystem%> || '::' || \"VBRK_CANCEL\".\"MANDT\" || '::' || \"VBRK_CANCEL\".\"ERNAM\"     AS \"ChangedBy\",\n    'CreditMemoCancellation'                                                                AS \"OperationType\",\n    <%=sourceSystem%> || '::' || \"VBRK_CANCEL\".\"MANDT\" || '::' || \"VBRK_CANCEL\".\"VBELN\"     AS \"OperationID\"\nFROM \"VBRK\" AS \"VBRK\" --- Cancelled \n         LEFT JOIN \"VBRP\" AS \"VBRP\"\n                   ON \"VBRP\".\"MANDT\" = \"VBRK\".\"MANDT\"\n                       AND \"VBRP\".\"VBELN\" = \"VBRK\".\"VBELN\"\n         LEFT JOIN \"VBFA\" AS \"VBFA\"\n                   ON \"VBRP\".\"MANDT\" = \"VBFA\".\"MANDT\"\n                       AND \"VBRP\".\"VBELN\" = \"VBFA\".\"VBELV\"\n                       AND \"VBRP\".\"POSNR\" = \"VBFA\".\"POSNV\"\n                       AND \"VBFA\".\"VBTYP_V\" = 'O'\n                       AND \"VBFA\".\"VBTYP_N\" = 'S'\n                       AND \"VBFA\".\"STUFE\" = '00'\n         LEFT JOIN \"VBRP\" AS \"VBRP_CANCEL\" -- Cancellation\n                   ON \"VBRP_CANCEL\".\"MANDT\" = \"VBFA\".\"MANDT\"\n                       AND \"VBRP_CANCEL\".\"VBELN\" = \"VBFA\".\"VBELN\"\n                       AND \"VBRP_CANCEL\".\"POSNR\" = \"VBFA\".\"POSNN\"\n         LEFT JOIN \"VBRK\" AS \"VBRK_CANCEL\"\n                   ON \"VBRP_CANCEL\".\"MANDT\" = \"VBRK_CANCEL\".\"MANDT\"\n                       AND \"VBRP_CANCEL\".\"VBELN\" = \"VBRK_CANCEL\".\"VBELN\"                       \n         LEFT JOIN \"USR02\" AS \"USR02\"\n                   ON \"VBRP_CANCEL\".\"MANDT\" = \"USR02\".\"MANDT\"\n                       AND \"VBRP_CANCEL\".\"ERNAM\" = \"USR02\".\"BNAME\"\nWHERE \"VBRK\".\"MANDT\" IS NOT NULL\n    AND \"VBRP_CANCEL\".\"MANDT\" IS NOT NULL"
                            }
                        ],
                        "foreign_key_names": [
                            "CreatedBy",
                            "CustomerInvoice",
                            "Material",
                            "Plant"
                        ],
                        "namespace": "custom",
                        "property_names": [
                            "CreationExecutionType",
                            "CreationTime",
                            "Currency",
                            "CustomerInvoiceLineNumber",
                            "CustomerInvoiceNumber",
                            "ID",
                            "NetAmount",
                            "NetUnitPrice",
                            "PreviousCustomerInvoice",
                            "PreviousCustomerInvoiceLine",
                            "Quantity",
                            "QuantityUnit",
                            "SourceSystemInstance"
                        ],
                        "property_sql_factory_datasets": [
                            {
                                "id": "CustomerInvoiceLineAttributes",
                                "type_": "SQL_FACTORY_DATA_SET",
                                "complete_overwrite": false,
                                "disabled": false,
                                "materialise_cte": false,
                                "overwrite": null,
                                "sql": "WITH \"CTE_Relationships\" AS (\n    -- Debit memo items following invoice items\n    SELECT\n        <%=sourceSystem%> || '::' || \"VBFA\".\"MANDT\" || '::' || \n            \"VBFA\".\"VBELV\"                                        AS \"SourceCustomerInvoice\",\n        <%=sourceSystem%> || '::' || \"VBFA\".\"MANDT\" || '::' || \n            \"VBFA\".\"VBELV\" || '::' || \"VBFA\".\"POSNV\"              AS \"SourceCustomerInvoiceLine\",\n        'CustomerInvoice'                                         AS \"SourceDocumentType\",\n        <%=sourceSystem%> || '::' || \"VBFA\".\"MANDT\" || '::' || \n            \"VBFA\".\"VBELN\"                                        AS \"TargetCustomerInvoice\",\n        <%=sourceSystem%> || '::' || \"VBFA\".\"MANDT\" || '::' || \n            \"VBFA\".\"VBELN\" || '::' || \"VBFA\".\"POSNN\"              AS \"TargetCustomerInvoiceLine\",\n        'DebitMemo'                                               AS \"TargetDocumentType\"\n    FROM VBFA\n    WHERE \"VBFA\".\"VBTYP_V\" = 'M' -- Invoice\n        AND \"VBFA\".\"VBTYP_N\" = 'P' -- Debit Memo\n        AND \"VBFA\".\"STUFE\" = '01' -- Skipping Debit Memo Request\n        AND EXISTS ( \n        SELECT 1\n        FROM \"VBFA\" AS \"VBFA_CMR\"\n        WHERE \"VBFA_CMR\".\"VBELV\" = \"VBFA\".\"VBELV\"\n            AND \"VBFA_CMR\".\"POSNV\" = \"VBFA\".\"POSNV\"\n            -- check that for the invoice a direct link (STUFE 00) \n            -- to a debit memo request exists.\n            AND \"VBFA_CMR\".\"VBTYP_N\" = 'L'\n            AND \"VBFA_CMR\".\"STUFE\" = '00'\n        )\n        AND EXISTS (\n        SELECT 1\n        FROM \"VBFA\" AS \"VBFA_CMR\"\n        WHERE \"VBFA_CMR\".\"VBELN\" = \"VBFA\".\"VBELN\"\n            AND \"VBFA_CMR\".\"POSNN\" = \"VBFA\".\"POSNN\"\n            -- check that for the debit memo a direct link (STUFE 00) \n            -- to a debit memo request exists.\n            AND \"VBFA_CMR\".\"VBTYP_V\" = 'L'\n            AND \"VBFA_CMR\".\"STUFE\" = '00'\n        )\n\n    UNION ALL \n\n    -- Credit memo items following invoice items\n    SELECT\n        <%=sourceSystem%> || '::' || \"VBFA\".\"MANDT\" || '::' || \n            \"VBFA\".\"VBELV\"                                        AS \"SourceCustomerInvoice\",\n        <%=sourceSystem%> || '::' || \"VBFA\".\"MANDT\" || '::' || \n            \"VBFA\".\"VBELV\" || '::' || \"VBFA\".\"POSNV\"              AS \"SourceCustomerInvoiceLine\",\n        'CustomerInvoice'                                         AS \"SourceDocumentType\",\n        \n        <%=sourceSystem%> || '::' || \"VBFA\".\"MANDT\" || '::' || \n            \"VBFA\".\"VBELN\"                                        AS \"TargetCustomerInvoice\",\n        <%=sourceSystem%> || '::' || \"VBFA\".\"MANDT\" || '::' || \n            \"VBFA\".\"VBELN\" || '::' || \"VBFA\".\"POSNN\"              AS \"TargetCustomerInvoiceLine\",\n        'CreditMemo'                                              AS \"TargetDocumentType\"\n    FROM VBFA\n    WHERE \"VBFA\".\"VBTYP_V\" = 'M' -- Invoice\n        AND \"VBFA\".\"VBTYP_N\" = 'O' -- Credit Memo\n        AND \"VBFA\".\"STUFE\" = '01' -- Skipping Credit Memo Request\n        AND EXISTS ( \n        SELECT 1\n        FROM \"VBFA\" AS \"VBFA_CMR\"\n        WHERE \"VBFA_CMR\".\"VBELV\" = \"VBFA\".\"VBELV\"\n            AND \"VBFA_CMR\".\"POSNV\" = \"VBFA\".\"POSNV\"\n            -- check that for the invoice a direct link (STUFE 00) \n            -- to a credit memo request exists.\n            AND \"VBFA_CMR\".\"VBTYP_N\" = 'K'\n            AND \"VBFA_CMR\".\"STUFE\" = '00'\n        )\n        AND EXISTS (\n        SELECT 1\n        FROM \"VBFA\" AS \"VBFA_CMR\"\n        WHERE \"VBFA_CMR\".\"VBELN\" = \"VBFA\".\"VBELN\"\n            AND \"VBFA_CMR\".\"POSNN\" = \"VBFA\".\"POSNN\"\n            -- check that for the credit memo a direct link (STUFE 00) \n            -- to a credit memo request exists.\n            AND \"VBFA_CMR\".\"VBTYP_V\" = 'K'\n            AND \"VBFA_CMR\".\"STUFE\" = '00'\n        )\n)\nSELECT\n    <%=sourceSystem%> || '::' || \"VBRP\".\"MANDT\" || '::' || \n        \"VBRP\".\"VBELN\" || '::' || \"VBRP\".\"POSNR\"                                        AS \"ID\",\n\t<%=sourceSystem%> || '::' || \"VBRP\".\"MANDT\"                                         AS \"SourceSystemInstance\",\n\t\"VBRP\".\"NETWR\"                                                                      AS \"NetAmount\",\n\t\"VBRP\".\"VRKME\"                                                                      AS \"QuantityUnit\",\n\t\"VBRP\".\"FKIMG\"                                                                      AS \"Quantity\",\n\tCASE \n        WHEN \"VBRP\".\"NETWR\" = 0 AND \"VBRP\".\"FKIMG\" = 0 THEN 0 \n        ELSE \"VBRP\".\"NETWR\" / \"VBRP\".\"FKIMG\" \n     END                                                                                AS \"NetUnitPrice\",\n\t\"VBRK\".\"WAERK\"                                                                      AS \"Currency\",\n\tCAST(\"VBRP\".\"POSNR\" AS VARCHAR(255))                                                AS \"CustomerInvoiceLineNumber\",\n\t\"VBRK\".\"VBELN\"                                                                      AS \"CustomerInvoiceNumber\",\n\tCAST(\"VBRP\".\"ERDAT\" AS DATE) +\n            CAST(TIMESTAMPDIFF(SECOND, CAST(\"VBRP\".\"ERZET\" AS DATE), \n            \"VBRP\".\"ERZET\") AS INTERVAL SECOND)                                         AS \"CreationTime\",\n\tCASE WHEN \"USR02\".\"USTYP\" IN ('B', 'C') THEN 'Automatic' ELSE 'Manual' END          AS \"CreationExecutionType\",\n    <%=sourceSystem%> || '::' || \"VBRP\".\"MANDT\" || '::' || \"VBRP\".\"ERNAM\"               AS \"CreatedBy\",\n    <%=sourceSystem%> || '::' || \"VBRK\".\"MANDT\" || '::' || \"VBRK\".\"VBELN\"               AS \"CustomerInvoice\",\n    <%=sourceSystem%> || '::' || \"VBRP\".\"MANDT\" || '::' || \"VBRP\".\"MATNR\"               AS \"Material\",\n    <%=sourceSystem%> || '::' || \"VBRP\".\"MANDT\" || '::' || \"VBRP\".\"WERKS\"               AS \"Plant\",\n    \"CTE_Relationships\".\"SourceCustomerInvoice\"                                         AS \"PreviousCustomerInvoice\",\n    \"CTE_Relationships\".\"SourceCustomerInvoiceLine\"                                     AS \"PreviousCustomerInvoiceLine\"\nFROM \"VBRP\" AS \"VBRP\"\n    LEFT JOIN \"VBRK\" AS \"VBRK\"\n            ON \"VBRP\".\"MANDT\" = \"VBRK\".\"MANDT\"\n                AND \"VBRP\".\"VBELN\" = \"VBRK\".\"VBELN\"\n    LEFT JOIN \"USR02\" AS \"USR02\"\n            ON \"VBRP\".\"MANDT\" = \"USR02\".\"MANDT\"\n                AND \"VBRP\".\"ERNAM\" = \"USR02\".\"BNAME\"\n    LEFT JOIN \"CTE_Relationships\" AS \"CTE_Relationships\" \n            ON <%=sourceSystem%> || '::' || \"VBRP\".\"MANDT\" || '::' || \n                \"VBRP\".\"VBELN\" || '::' || \"VBRP\".\"POSNR\" =\n                \"CTE_Relationships\".\"TargetCustomerInvoiceLine\"\nWHERE \"VBRP\".\"MANDT\" IS NOT NULL\n    AND \"VBRK\".\"VBTYP\" in ('M', 'O', 'P')\n"
                            }
                        ],
                        "relationship_transformations": [
                            {
                                "relationship_name": "DeliveryLines",
                                "sql_factory_datasets": [
                                    {
                                        "id": "RelationshipDeliveryLine",
                                        "type_": "SQL_FACTORY_DATA_SET",
                                        "complete_overwrite": false,
                                        "disabled": false,
                                        "materialise_cte": false,
                                        "overwrite": null,
                                        "sql": "SELECT \n    <%=sourceSystem%>  || '::' || \"VBRP\".\"MANDT\" || '::' || \"VBRP\".\"VBELN\" || '::' || \"VBRP\".\"POSNR\"              AS \"ID\",\n\t<%=sourceSystem%>  || '::' || \"LIPS\".\"MANDT\" || '::' || \"LIPS\".\"VBELN\" || '::' || \"LIPS\".\"POSNR\"              AS \"DeliveryLines\"\nFROM (SELECT \"VBRP\".\"MANDT\" AS \"MANDT\",\n             \"VBRP\".\"VGBEL\" AS \"VGBEL\",\n             \"VBRP\".\"VGPOS\" AS \"VGPOS\",\n             \"VBRP\".\"VBELN\" AS \"VBELN\",\n             \"VBRP\".\"POSNR\" AS \"POSNR\"\n      FROM \"VBRP\" AS \"VBRP\"\n          INNER JOIN \"VBRK\" AS \"VBRK\"\n      ON \"VBRP\".\"MANDT\" = \"VBRK\".\"MANDT\"\n          AND \"VBRP\".\"VBELN\" = \"VBRK\".\"VBELN\"\n          AND \"VBRK\".\"VBTYP\" = 'M'\n      ORDER BY \"VBRP\".\"MANDT\", \"VBRP\".\"VGBEL\", \"VBRP\".\"VGPOS\") AS \"VBRP\"\n        INNER JOIN \"LIPS\" AS \"LIPS\"\n            ON \"VBRP\".\"MANDT\" = \"LIPS\".\"MANDT\"\n                AND \"VBRP\".\"VGBEL\" = \"LIPS\".\"VBELN\"\n                AND \"VBRP\".\"VGPOS\" = \"LIPS\".\"POSNR\"\n        LEFT JOIN \"LIKP\"\n            ON \"LIPS\".\"MANDT\" = \"LIKP\".\"MANDT\"\n            AND \"LIPS\".\"VBELN\" = \"LIKP\".\"VBELN\"\nWHERE \"LIKP\".\"VBTYP\" = 'J'\n\n"
                                    }
                                ]
                            },
                            {
                                "relationship_name": "SalesOrderScheduleLines",
                                "sql_factory_datasets": [
                                    {
                                        "id": "RelationshipSalesOrderScheduleLines",
                                        "type_": "SQL_FACTORY_DATA_SET",
                                        "complete_overwrite": false,
                                        "disabled": false,
                                        "materialise_cte": false,
                                        "overwrite": null,
                                        "sql": "SELECT \n    <%=sourceSystem%> || '::' || \"VBRP\".\"MANDT\" || '::' || \"VBRP\".\"VBELN\" || '::' || \"VBRP\".\"POSNR\"                                                           AS \"ID\",\n\t<%=sourceSystem%> || '::' || \"VBEP\".\"MANDT\" || '::' || \"VBEP\".\"VBELN\" || '::' || \"VBEP\".\"POSNR\" || COALESCE('::' || \"VBEP\".\"ETENR\", '')                   AS \"SalesOrderScheduleLines\"\nFROM \"VBRP\" AS \"VBRP\"\nINNER JOIN \"VBRK\" AS \"VBRK\"\n      ON \"VBRP\".\"MANDT\" = \"VBRK\".\"MANDT\"\n        AND \"VBRP\".\"VBELN\" = \"VBRK\".\"VBELN\"\n        AND \"VBRK\".\"VBTYP\" = 'M'\nINNER JOIN \"VBEP\" AS \"VBEP\"\n    ON \"VBRP\".\"MANDT\" = \"VBEP\".\"MANDT\"\n        AND \"VBRP\".\"AUBEL\" = \"VBEP\".\"VBELN\"\n        AND \"VBRP\".\"AUPOS\" = \"VBEP\".\"POSNR\"\nINNER JOIN \"VBAK\" AS \"VBAK\"\n    ON \"VBEP\".\"MANDT\" = \"VBAK\".\"MANDT\"\n        AND \"VBEP\".\"VBELN\" = \"VBAK\".\"VBELN\"\n        AND \"VBAK\".\"VBTYP\" IN ('C', 'I')"
                                    }
                                ]
                            }
                        ]
                    }
                ]
            },
            {
                "change_date": 1764702807557.0,
                "changed_by": {
                    "id": "5477e5f1-b56c-404c-b581-116f9517bb0d",
                    "name": "Robert Connolly",
                    "type_": "USER"
                },
                "created_by": {
                    "id": "2202cbc9-7251-4630-bfb2-36812e688613",
                    "name": "l.pigozzi",
                    "type_": "USER"
                },
                "creation_date": 1752509016377.0,
                "data_connection_id": "8939ad05-4472-435c-a065-ed31be1b9fea",
                "description": null,
                "disabled": null,
                "display_name": "CustomerInvoiceLine -  SAP S4",
                "draft": null,
                "factory_id": "87688a29-4800-4cfc-8423-945d9ba5d316",
                "factory_validation_status": "VALID",
                "has_user_template": true,
                "local_parameters": [
                    {
                        "name": "sourceSystem",
                        "value": "'SAP_S4_HANA'"
                    }
                ],
                "namespace": "custom",
                "target": {
                    "entity_ref": {
                        "name": "CustomerInvoiceLine",
                        "namespace": "custom"
                    },
                    "kind": "OBJECT"
                },
                "transformations": [
                    {
                        "change_sql_factory_datasets": [
                            {
                                "id": "Cancellation",
                                "type_": "SQL_FACTORY_DATA_SET",
                                "complete_overwrite": false,
                                "disabled": false,
                                "materialise_cte": false,
                                "overwrite": null,
                                "sql": "SELECT\n    <%=sourceSystem%> || '::' || \"VBRP_CANCEL\".\"MANDT\" || '::' || \n        \"VBRP_CANCEL\".\"VBELN\" || '::' || \"VBRP_CANCEL\".\"POSNR\"                              AS \"ID\",\n    <%=sourceSystem%> || '::' || \"VBRP\".\"MANDT\" || '::' || \"VBRP\".\"VBELN\" \n        || '::' || \"VBRP\".\"POSNR\"                                                           AS \"ObjectID\", -- the docuemnt item that is canceled \n\tCAST(\"VBRK_CANCEL\".\"ERDAT\" AS DATE) +\n        CAST(TIMESTAMPDIFF(SECOND, CAST(\"VBRK_CANCEL\".\"ERZET\" AS DATE), \n        \"VBRK_CANCEL\".\"ERZET\") AS INTERVAL SECOND)                                          AS \"Time\",\n    'Cancellation'                                                                          AS \"Attribute\",\n    NULL                                                                                    AS \"OldValue\",\n    NULL                                                                                    AS \"NewValue\",\n\tCASE\n        WHEN \"USR02\".\"USTYP\" IN ('B', 'C') THEN 'Automatic'\n        ELSE 'Manual' \n     END                                                                                    AS \"ExecutionType\",\n\t<%=sourceSystem%> || '::' || \"VBRK_CANCEL\".\"MANDT\" || '::' || \"VBRK_CANCEL\".\"ERNAM\"     AS \"ChangedBy\",\n\t'CustomerInvoiceCancellation'                                                           AS \"OperationType\", -- the document type that canceled the document item\n    <%=sourceSystem%> || '::' || \"VBRK_CANCEL\".\"MANDT\" || '::' || \"VBRK_CANCEL\".\"VBELN\"     AS \"OperationID\"  -- the document that canceled the document item\nFROM \"VBRK\" AS \"VBRK\"\n         LEFT JOIN \"VBRP\" AS \"VBRP\"\n                   ON \"VBRP\".\"MANDT\" = \"VBRK\".\"MANDT\"\n                       AND \"VBRP\".\"VBELN\" = \"VBRK\".\"VBELN\"\n         LEFT JOIN \"VBFA\" AS \"VBFA\"\n                   ON \"VBRP\".\"MANDT\" = \"VBFA\".\"MANDT\"\n                       AND \"VBRP\".\"VBELN\" = \"VBFA\".\"VBELV\"\n                       AND \"VBRP\".\"POSNR\" = \"VBFA\".\"POSNV\"\n                       AND \"VBFA\".\"VBTYP_V\" = 'M'\n                       AND \"VBFA\".\"VBTYP_N\" = 'N'\n                       AND \"VBFA\".\"STUFE\" = '00'\n         LEFT JOIN \"VBRP\" AS \"VBRP_CANCEL\"\n                   ON \"VBRP_CANCEL\".\"MANDT\" = \"VBFA\".\"MANDT\"\n                       AND \"VBRP_CANCEL\".\"VBELN\" = \"VBFA\".\"VBELN\"\n                       AND \"VBRP_CANCEL\".\"POSNR\" = \"VBFA\".\"POSNN\"\n                       AND \"VBRP_CANCEL\".\"VGTYP\" IN ('C', 'J')\n         LEFT JOIN \"VBRK\" AS \"VBRK_CANCEL\"\n                   ON \"VBRP_CANCEL\".\"MANDT\" = \"VBRK_CANCEL\".\"MANDT\"\n                       AND \"VBRP_CANCEL\".\"VBELN\" = \"VBRK_CANCEL\".\"VBELN\"\n         LEFT JOIN \"USR02\" AS \"USR02\"\n                   ON \"VBRP_CANCEL\".\"MANDT\" = \"USR02\".\"MANDT\"\n                       AND \"VBRP_CANCEL\".\"ERNAM\" = \"USR02\".\"BNAME\"\nWHERE \"VBRK\".\"MANDT\" IS NOT NULL\n    AND \"VBRP_CANCEL\".\"MANDT\" IS NOT NULL\n\nUNION\n\nSELECT\n    <%=sourceSystem%> || '::' || \"VBRP_CANCEL\".\"MANDT\" || '::' || \n        \"VBRP_CANCEL\".\"VBELN\" || '::' || \"VBRP_CANCEL\".\"POSNR\"                              AS \"ID\",\n    <%=sourceSystem%> || '::' || \"VBRP\".\"MANDT\" || '::' || \"VBRP\".\"VBELN\" \n        || '::' || \"VBRP\".\"POSNR\"                                                           AS \"ObjectID\", -- the docuemnt item that is canceled \n\tCAST(\"VBRK_CANCEL\".\"ERDAT\" AS DATE) +\n        CAST(TIMESTAMPDIFF(SECOND, CAST(\"VBRK_CANCEL\".\"ERZET\" AS DATE), \n        \"VBRK_CANCEL\".\"ERZET\") AS INTERVAL SECOND)                                          AS \"Time\",\n    'Cancellation'                                                                          AS \"Attribute\",\n    NULL                                                                                    AS \"OldValue\",\n    NULL                                                                                    AS \"NewValue\",\n\tCASE\n        WHEN \"USR02\".\"USTYP\" IN ('B', 'C') THEN 'Automatic'\n        ELSE 'Manual' \n     END                                                                                    AS \"ExecutionType\",\n\t<%=sourceSystem%> || '::' || \"VBRK_CANCEL\".\"MANDT\" || '::' || \"VBRK_CANCEL\".\"ERNAM\"     AS \"ChangedBy\",\n\t'DebitMemoCancellation'                                                                 AS \"OperationType\", -- the document type that canceled the document item\n    <%=sourceSystem%> || '::' || \"VBRK_CANCEL\".\"MANDT\" || '::' || \"VBRK_CANCEL\".\"VBELN\"     AS \"OperationID\"  -- the document that canceled the document item\nFROM \"VBRK\" AS \"VBRK\"\n         LEFT JOIN \"VBRP\" AS \"VBRP\"\n                   ON \"VBRP\".\"MANDT\" = \"VBRK\".\"MANDT\"\n                       AND \"VBRP\".\"VBELN\" = \"VBRK\".\"VBELN\"\n         LEFT JOIN \"VBFA\" AS \"VBFA\"\n                   ON \"VBRP\".\"MANDT\" = \"VBFA\".\"MANDT\"\n                       AND \"VBRP\".\"VBELN\" = \"VBFA\".\"VBELV\"\n                       AND \"VBRP\".\"POSNR\" = \"VBFA\".\"POSNV\"\n                       AND \"VBFA\".\"VBTYP_V\" = 'P'\n                       AND \"VBFA\".\"VBTYP_N\" = 'N'\n                       AND \"VBFA\".\"STUFE\" = '00'\n         LEFT JOIN \"VBRP\" AS \"VBRP_CANCEL\"\n                   ON \"VBRP_CANCEL\".\"MANDT\" = \"VBFA\".\"MANDT\"\n                       AND \"VBRP_CANCEL\".\"VBELN\" = \"VBFA\".\"VBELN\"\n                       AND \"VBRP_CANCEL\".\"POSNR\" = \"VBFA\".\"POSNN\"\n                       AND \"VBRP_CANCEL\".\"VGTYP\" = 'L'\n         LEFT JOIN \"VBRK\" AS \"VBRK_CANCEL\"\n                   ON \"VBRP_CANCEL\".\"MANDT\" = \"VBRK_CANCEL\".\"MANDT\"\n                       AND \"VBRP_CANCEL\".\"VBELN\" = \"VBRK_CANCEL\".\"VBELN\"\n         LEFT JOIN \"USR02\" AS \"USR02\"\n                   ON \"VBRP_CANCEL\".\"MANDT\" = \"USR02\".\"MANDT\"\n                       AND \"VBRP_CANCEL\".\"ERNAM\" = \"USR02\".\"BNAME\"\nWHERE \"VBRK\".\"MANDT\" IS NOT NULL\n    AND \"VBRP_CANCEL\".\"MANDT\" IS NOT NULL\n    AND \"VBFA\".\"STUFE\" = '00'\n\nUNION\n\nSELECT\n    <%=sourceSystem%> || '::' || \"VBRP_CANCEL\".\"MANDT\" || '::' || \n        \"VBRP_CANCEL\".\"VBELN\" || '::' || \"VBRP_CANCEL\".\"POSNR\"                              AS \"ID\",\n    <%=sourceSystem%> || '::' || \"VBRP\".\"MANDT\" || '::' || \"VBRP\".\"VBELN\" \n        || '::' || \"VBRP\".\"POSNR\"                                                           AS \"ObjectID\",\n\tCAST(\"VBRK_CANCEL\".\"ERDAT\" AS DATE) \n            + CAST(TIMESTAMPDIFF(SECOND, CAST(\"VBRK_CANCEL\".\"ERZET\" AS DATE),\n            \"VBRK_CANCEL\".\"ERZET\") AS INTERVAL SECOND)                                      AS \"Time\",\n    'Cancellation'                                                                          AS \"Attribute\",\n    NULL                                                                                    AS \"OldValue\",\n    NULL                                                                                    AS \"NewValue\",\n\tCASE\n        WHEN \"USR02\".\"USTYP\" IN ('B', 'C') THEN 'Automatic'\n        ELSE 'Manual' \n     END                                                                                    AS \"ExecutionType\",\n\t<%=sourceSystem%> || '::' || \"VBRK_CANCEL\".\"MANDT\" || '::' || \"VBRK_CANCEL\".\"ERNAM\"     AS \"ChangedBy\",\n    'CreditMemoCancellation'                                                                AS \"OperationType\",\n    <%=sourceSystem%> || '::' || \"VBRK_CANCEL\".\"MANDT\" || '::' || \"VBRK_CANCEL\".\"VBELN\"     AS \"OperationID\"\nFROM \"VBRK\" AS \"VBRK\" --- Cancelled \n         LEFT JOIN \"VBRP\" AS \"VBRP\"\n                   ON \"VBRP\".\"MANDT\" = \"VBRK\".\"MANDT\"\n                       AND \"VBRP\".\"VBELN\" = \"VBRK\".\"VBELN\"\n         LEFT JOIN \"VBFA\" AS \"VBFA\"\n                   ON \"VBRP\".\"MANDT\" = \"VBFA\".\"MANDT\"\n                       AND \"VBRP\".\"VBELN\" = \"VBFA\".\"VBELV\"\n                       AND \"VBRP\".\"POSNR\" = \"VBFA\".\"POSNV\"\n                       AND \"VBFA\".\"VBTYP_V\" = 'O'\n                       AND \"VBFA\".\"VBTYP_N\" = 'S'\n                       AND \"VBFA\".\"STUFE\" = '00'\n         LEFT JOIN \"VBRP\" AS \"VBRP_CANCEL\" -- Cancellation\n                   ON \"VBRP_CANCEL\".\"MANDT\" = \"VBFA\".\"MANDT\"\n                       AND \"VBRP_CANCEL\".\"VBELN\" = \"VBFA\".\"VBELN\"\n                       AND \"VBRP_CANCEL\".\"POSNR\" = \"VBFA\".\"POSNN\"\n         LEFT JOIN \"VBRK\" AS \"VBRK_CANCEL\"\n                   ON \"VBRP_CANCEL\".\"MANDT\" = \"VBRK_CANCEL\".\"MANDT\"\n                       AND \"VBRP_CANCEL\".\"VBELN\" = \"VBRK_CANCEL\".\"VBELN\"                       \n         LEFT JOIN \"USR02\" AS \"USR02\"\n                   ON \"VBRP_CANCEL\".\"MANDT\" = \"USR02\".\"MANDT\"\n                       AND \"VBRP_CANCEL\".\"ERNAM\" = \"USR02\".\"BNAME\"\nWHERE \"VBRK\".\"MANDT\" IS NOT NULL\n    AND \"VBRP_CANCEL\".\"MANDT\" IS NOT NULL"
                            }
                        ],
                        "foreign_key_names": [
                            "CreatedBy",
                            "CustomerInvoice",
                            "Material",
                            "Plant"
                        ],
                        "namespace": "custom",
                        "property_names": [
                            "CreationExecutionType",
                            "CreationTime",
                            "Currency",
                            "CustomerInvoiceLineNumber",
                            "CustomerInvoiceNumber",
                            "ID",
                            "NetAmount",
                            "NetUnitPrice",
                            "PreviousCustomerInvoice",
                            "PreviousCustomerInvoiceLine",
                            "Quantity",
                            "QuantityUnit",
                            "SourceSystemInstance"
                        ],
                        "property_sql_factory_datasets": [
                            {
                                "id": "CustomerInvoiceLineAttributes",
                                "type_": "SQL_FACTORY_DATA_SET",
                                "complete_overwrite": false,
                                "disabled": false,
                                "materialise_cte": false,
                                "overwrite": null,
                                "sql": "WITH \"CTE_Relationships\" AS (\n    -- Debit memo items following invoice items\n    SELECT\n        <%=sourceSystem%> || '::' || \"VBFA\".\"MANDT\" || '::' || \n            \"VBFA\".\"VBELV\"                                        AS \"SourceCustomerInvoice\",\n        <%=sourceSystem%> || '::' || \"VBFA\".\"MANDT\" || '::' || \n            \"VBFA\".\"VBELV\" || '::' || \"VBFA\".\"POSNV\"              AS \"SourceCustomerInvoiceLine\",\n        'CustomerInvoice'                                         AS \"SourceDocumentType\",\n        <%=sourceSystem%> || '::' || \"VBFA\".\"MANDT\" || '::' || \n            \"VBFA\".\"VBELN\"                                        AS \"TargetCustomerInvoice\",\n        <%=sourceSystem%> || '::' || \"VBFA\".\"MANDT\" || '::' || \n            \"VBFA\".\"VBELN\" || '::' || \"VBFA\".\"POSNN\"              AS \"TargetCustomerInvoiceLine\",\n        'DebitMemo'                                               AS \"TargetDocumentType\"\n    FROM VBFA\n    WHERE \"VBFA\".\"VBTYP_V\" = 'M' -- Invoice\n        AND \"VBFA\".\"VBTYP_N\" = 'P' -- Debit Memo\n        AND \"VBFA\".\"STUFE\" = '01' -- Skipping Debit Memo Request\n        AND EXISTS ( \n        SELECT 1\n        FROM \"VBFA\" AS \"VBFA_CMR\"\n        WHERE \"VBFA_CMR\".\"VBELV\" = \"VBFA\".\"VBELV\"\n            AND \"VBFA_CMR\".\"POSNV\" = \"VBFA\".\"POSNV\"\n            -- check that for the invoice a direct link (STUFE 00) \n            -- to a debit memo request exists.\n            AND \"VBFA_CMR\".\"VBTYP_N\" = 'L'\n            AND \"VBFA_CMR\".\"STUFE\" = '00'\n        )\n        AND EXISTS (\n        SELECT 1\n        FROM \"VBFA\" AS \"VBFA_CMR\"\n        WHERE \"VBFA_CMR\".\"VBELN\" = \"VBFA\".\"VBELN\"\n            AND \"VBFA_CMR\".\"POSNN\" = \"VBFA\".\"POSNN\"\n            -- check that for the debit memo a direct link (STUFE 00) \n            -- to a debit memo request exists.\n            AND \"VBFA_CMR\".\"VBTYP_V\" = 'L'\n            AND \"VBFA_CMR\".\"STUFE\" = '00'\n        )\n\n    UNION ALL \n\n    -- Credit memo items following invoice items\n    SELECT\n        <%=sourceSystem%> || '::' || \"VBFA\".\"MANDT\" || '::' || \n            \"VBFA\".\"VBELV\"                                        AS \"SourceCustomerInvoice\",\n        <%=sourceSystem%> || '::' || \"VBFA\".\"MANDT\" || '::' || \n            \"VBFA\".\"VBELV\" || '::' || \"VBFA\".\"POSNV\"              AS \"SourceCustomerInvoiceLine\",\n        'CustomerInvoice'                                         AS \"SourceDocumentType\",\n        \n        <%=sourceSystem%> || '::' || \"VBFA\".\"MANDT\" || '::' || \n            \"VBFA\".\"VBELN\"                                        AS \"TargetCustomerInvoice\",\n        <%=sourceSystem%> || '::' || \"VBFA\".\"MANDT\" || '::' || \n            \"VBFA\".\"VBELN\" || '::' || \"VBFA\".\"POSNN\"              AS \"TargetCustomerInvoiceLine\",\n        'CreditMemo'                                              AS \"TargetDocumentType\"\n    FROM VBFA\n    WHERE \"VBFA\".\"VBTYP_V\" = 'M' -- Invoice\n        AND \"VBFA\".\"VBTYP_N\" = 'O' -- Credit Memo\n        AND \"VBFA\".\"STUFE\" = '01' -- Skipping Credit Memo Request\n        AND EXISTS ( \n        SELECT 1\n        FROM \"VBFA\" AS \"VBFA_CMR\"\n        WHERE \"VBFA_CMR\".\"VBELV\" = \"VBFA\".\"VBELV\"\n            AND \"VBFA_CMR\".\"POSNV\" = \"VBFA\".\"POSNV\"\n            -- check that for the invoice a direct link (STUFE 00) \n            -- to a credit memo request exists.\n            AND \"VBFA_CMR\".\"VBTYP_N\" = 'K'\n            AND \"VBFA_CMR\".\"STUFE\" = '00'\n        )\n        AND EXISTS (\n        SELECT 1\n        FROM \"VBFA\" AS \"VBFA_CMR\"\n        WHERE \"VBFA_CMR\".\"VBELN\" = \"VBFA\".\"VBELN\"\n            AND \"VBFA_CMR\".\"POSNN\" = \"VBFA\".\"POSNN\"\n            -- check that for the credit memo a direct link (STUFE 00) \n            -- to a credit memo request exists.\n            AND \"VBFA_CMR\".\"VBTYP_V\" = 'K'\n            AND \"VBFA_CMR\".\"STUFE\" = '00'\n        )\n)\nSELECT\n    <%=sourceSystem%> || '::' || \"VBRP\".\"MANDT\" || '::' || \n        \"VBRP\".\"VBELN\" || '::' || \"VBRP\".\"POSNR\"                                        AS \"ID\",\n\t<%=sourceSystem%> || '::' || \"VBRP\".\"MANDT\"                                         AS \"SourceSystemInstance\",\n\t\"VBRP\".\"NETWR\"                                                                      AS \"NetAmount\",\n\t\"VBRP\".\"VRKME\"                                                                      AS \"QuantityUnit\",\n\t\"VBRP\".\"FKIMG\"                                                                      AS \"Quantity\",\n\tCASE \n        WHEN \"VBRP\".\"NETWR\" = 0 AND \"VBRP\".\"FKIMG\" = 0 THEN 0 \n        ELSE \"VBRP\".\"NETWR\" / \"VBRP\".\"FKIMG\" \n     END                                                                                AS \"NetUnitPrice\",\n\t\"VBRK\".\"WAERK\"                                                                      AS \"Currency\",\n\tCAST(\"VBRP\".\"POSNR\" AS VARCHAR(255))                                                AS \"CustomerInvoiceLineNumber\",\n\t\"VBRK\".\"VBELN\"                                                                      AS \"CustomerInvoiceNumber\",\n\tCAST(\"VBRP\".\"ERDAT\" AS DATE) +\n            CAST(TIMESTAMPDIFF(SECOND, CAST(\"VBRP\".\"ERZET\" AS DATE), \n            \"VBRP\".\"ERZET\") AS INTERVAL SECOND)                                         AS \"CreationTime\",\n\tCASE WHEN \"USR02\".\"USTYP\" IN ('B', 'C') THEN 'Automatic' ELSE 'Manual' END          AS \"CreationExecutionType\",\n    <%=sourceSystem%> || '::' || \"VBRP\".\"MANDT\" || '::' || \"VBRP\".\"ERNAM\"               AS \"CreatedBy\",\n    <%=sourceSystem%> || '::' || \"VBRK\".\"MANDT\" || '::' || \"VBRK\".\"VBELN\"               AS \"CustomerInvoice\",\n    <%=sourceSystem%> || '::' || \"VBRP\".\"MANDT\" || '::' || \"VBRP\".\"MATNR\"               AS \"Material\",\n    <%=sourceSystem%> || '::' || \"VBRP\".\"MANDT\" || '::' || \"VBRP\".\"WERKS\"               AS \"Plant\",\n    \"CTE_Relationships\".\"SourceCustomerInvoice\"                                         AS \"PreviousCustomerInvoice\",\n    \"CTE_Relationships\".\"SourceCustomerInvoiceLine\"                                     AS \"PreviousCustomerInvoiceLine\"\nFROM \"VBRP\" AS \"VBRP\"\n    LEFT JOIN \"VBRK\" AS \"VBRK\"\n            ON \"VBRP\".\"MANDT\" = \"VBRK\".\"MANDT\"\n                AND \"VBRP\".\"VBELN\" = \"VBRK\".\"VBELN\"\n    LEFT JOIN \"USR02\" AS \"USR02\"\n            ON \"VBRP\".\"MANDT\" = \"USR02\".\"MANDT\"\n                AND \"VBRP\".\"ERNAM\" = \"USR02\".\"BNAME\"\n    LEFT JOIN \"CTE_Relationships\" AS \"CTE_Relationships\" \n            ON <%=sourceSystem%> || '::' || \"VBRP\".\"MANDT\" || '::' || \n                \"VBRP\".\"VBELN\" || '::' || \"VBRP\".\"POSNR\" =\n                \"CTE_Relationships\".\"TargetCustomerInvoiceLine\"\nWHERE \"VBRP\".\"MANDT\" IS NOT NULL\n    AND \"VBRK\".\"VBTYP\" in ('M', 'O', 'P')\n"
                            }
                        ],
                        "relationship_transformations": [
                            {
                                "relationship_name": "DeliveryLines",
                                "sql_factory_datasets": [
                                    {
                                        "id": "RelationshipDeliveryLine",
                                        "type_": "SQL_FACTORY_DATA_SET",
                                        "complete_overwrite": false,
                                        "disabled": false,
                                        "materialise_cte": false,
                                        "overwrite": null,
                                        "sql": "SELECT \n    <%=sourceSystem%>  || '::' || \"VBRP\".\"MANDT\" || '::' || \"VBRP\".\"VBELN\" || '::' || \"VBRP\".\"POSNR\"              AS \"ID\",\n\t<%=sourceSystem%>  || '::' || \"LIPS\".\"MANDT\" || '::' || \"LIPS\".\"VBELN\" || '::' || \"LIPS\".\"POSNR\"              AS \"DeliveryLines\"\nFROM (SELECT \"VBRP\".\"MANDT\" AS \"MANDT\",\n             \"VBRP\".\"VGBEL\" AS \"VGBEL\",\n             \"VBRP\".\"VGPOS\" AS \"VGPOS\",\n             \"VBRP\".\"VBELN\" AS \"VBELN\",\n             \"VBRP\".\"POSNR\" AS \"POSNR\"\n      FROM \"VBRP\" AS \"VBRP\"\n          INNER JOIN \"VBRK\" AS \"VBRK\"\n      ON \"VBRP\".\"MANDT\" = \"VBRK\".\"MANDT\"\n          AND \"VBRP\".\"VBELN\" = \"VBRK\".\"VBELN\"\n          AND \"VBRK\".\"VBTYP\" = 'M'\n      ORDER BY \"VBRP\".\"MANDT\", \"VBRP\".\"VGBEL\", \"VBRP\".\"VGPOS\") AS \"VBRP\"\n        INNER JOIN \"LIPS\" AS \"LIPS\"\n            ON \"VBRP\".\"MANDT\" = \"LIPS\".\"MANDT\"\n                AND \"VBRP\".\"VGBEL\" = \"LIPS\".\"VBELN\"\n                AND \"VBRP\".\"VGPOS\" = \"LIPS\".\"POSNR\"\n        LEFT JOIN \"LIKP\"\n            ON \"LIPS\".\"MANDT\" = \"LIKP\".\"MANDT\"\n            AND \"LIPS\".\"VBELN\" = \"LIKP\".\"VBELN\"\nWHERE \"LIKP\".\"VBTYP\" = 'J'\n\n"
                                    }
                                ]
                            },
                            {
                                "relationship_name": "SalesOrderScheduleLines",
                                "sql_factory_datasets": [
                                    {
                                        "id": "RelationshipSalesOrderScheduleLines",
                                        "type_": "SQL_FACTORY_DATA_SET",
                                        "complete_overwrite": false,
                                        "disabled": false,
                                        "materialise_cte": false,
                                        "overwrite": null,
                                        "sql": "SELECT \n    <%=sourceSystem%> || '::' || \"VBRP\".\"MANDT\" || '::' || \"VBRP\".\"VBELN\" || '::' || \"VBRP\".\"POSNR\"                                                           AS \"ID\",\n\t<%=sourceSystem%> || '::' || \"VBEP\".\"MANDT\" || '::' || \"VBEP\".\"VBELN\" || '::' || \"VBEP\".\"POSNR\" || COALESCE('::' || \"VBEP\".\"ETENR\", '')                   AS \"SalesOrderScheduleLines\"\nFROM \"VBRP\" AS \"VBRP\"\nINNER JOIN \"VBRK\" AS \"VBRK\"\n      ON \"VBRP\".\"MANDT\" = \"VBRK\".\"MANDT\"\n        AND \"VBRP\".\"VBELN\" = \"VBRK\".\"VBELN\"\n        AND \"VBRK\".\"VBTYP\" = 'M'\nINNER JOIN \"VBEP\" AS \"VBEP\"\n    ON \"VBRP\".\"MANDT\" = \"VBEP\".\"MANDT\"\n        AND \"VBRP\".\"AUBEL\" = \"VBEP\".\"VBELN\"\n        AND \"VBRP\".\"AUPOS\" = \"VBEP\".\"POSNR\"\nINNER JOIN \"VBAK\" AS \"VBAK\"\n    ON \"VBEP\".\"MANDT\" = \"VBAK\".\"MANDT\"\n        AND \"VBEP\".\"VBELN\" = \"VBAK\".\"VBELN\"\n        AND \"VBAK\".\"VBTYP\" IN ('C', 'I')"
                                    }
                                ]
                            }
                        ]
                    }
                ]
            }
        ],
        "target": {
            "entity_ref": {
                "name": "CustomerInvoiceLine",
                "namespace": "custom"
            },
            "kind": "OBJECT"
        },
        "transformations": [
            {
                "change_sql_factory_datasets": [
                    {
                        "id": "Cancellation",
                        "type_": "SQL_FACTORY_DATA_SET",
                        "complete_overwrite": false,
                        "disabled": false,
                        "materialise_cte": false,
                        "overwrite": null,
                        "sql": "SELECT\n    <%=sourceSystem%> || '::' || \"VBRP_CANCEL\".\"MANDT\" || '::' || \n        \"VBRP_CANCEL\".\"VBELN\" || '::' || \"VBRP_CANCEL\".\"POSNR\"                              AS \"ID\",\n    <%=sourceSystem%> || '::' || \"VBRP\".\"MANDT\" || '::' || \"VBRP\".\"VBELN\" \n        || '::' || \"VBRP\".\"POSNR\"                                                           AS \"ObjectID\", -- the docuemnt item that is canceled \n\tCAST(\"VBRK_CANCEL\".\"ERDAT\" AS DATE) +\n        CAST(TIMESTAMPDIFF(SECOND, CAST(\"VBRK_CANCEL\".\"ERZET\" AS DATE), \n        \"VBRK_CANCEL\".\"ERZET\") AS INTERVAL SECOND)                                          AS \"Time\",\n    'Cancellation'                                                                          AS \"Attribute\",\n    NULL                                                                                    AS \"OldValue\",\n    NULL                                                                                    AS \"NewValue\",\n\tCASE\n        WHEN \"USR02\".\"USTYP\" IN ('B', 'C') THEN 'Automatic'\n        ELSE 'Manual' \n     END                                                                                    AS \"ExecutionType\",\n\t<%=sourceSystem%> || '::' || \"VBRK_CANCEL\".\"MANDT\" || '::' || \"VBRK_CANCEL\".\"ERNAM\"     AS \"ChangedBy\",\n\t'CustomerInvoiceCancellation'                                                           AS \"OperationType\", -- the document type that canceled the document item\n    <%=sourceSystem%> || '::' || \"VBRK_CANCEL\".\"MANDT\" || '::' || \"VBRK_CANCEL\".\"VBELN\"     AS \"OperationID\"  -- the document that canceled the document item\nFROM \"VBRK\" AS \"VBRK\"\n         LEFT JOIN \"VBRP\" AS \"VBRP\"\n                   ON \"VBRP\".\"MANDT\" = \"VBRK\".\"MANDT\"\n                       AND \"VBRP\".\"VBELN\" = \"VBRK\".\"VBELN\"\n         LEFT JOIN \"VBFA\" AS \"VBFA\"\n                   ON \"VBRP\".\"MANDT\" = \"VBFA\".\"MANDT\"\n                       AND \"VBRP\".\"VBELN\" = \"VBFA\".\"VBELV\"\n                       AND \"VBRP\".\"POSNR\" = \"VBFA\".\"POSNV\"\n                       AND \"VBFA\".\"VBTYP_V\" = 'M'\n                       AND \"VBFA\".\"VBTYP_N\" = 'N'\n                       AND \"VBFA\".\"STUFE\" = '00'\n         LEFT JOIN \"VBRP\" AS \"VBRP_CANCEL\"\n                   ON \"VBRP_CANCEL\".\"MANDT\" = \"VBFA\".\"MANDT\"\n                       AND \"VBRP_CANCEL\".\"VBELN\" = \"VBFA\".\"VBELN\"\n                       AND \"VBRP_CANCEL\".\"POSNR\" = \"VBFA\".\"POSNN\"\n                       AND \"VBRP_CANCEL\".\"VGTYP\" IN ('C', 'J')\n         LEFT JOIN \"VBRK\" AS \"VBRK_CANCEL\"\n                   ON \"VBRP_CANCEL\".\"MANDT\" = \"VBRK_CANCEL\".\"MANDT\"\n                       AND \"VBRP_CANCEL\".\"VBELN\" = \"VBRK_CANCEL\".\"VBELN\"\n         LEFT JOIN \"USR02\" AS \"USR02\"\n                   ON \"VBRP_CANCEL\".\"MANDT\" = \"USR02\".\"MANDT\"\n                       AND \"VBRP_CANCEL\".\"ERNAM\" = \"USR02\".\"BNAME\"\nWHERE \"VBRK\".\"MANDT\" IS NOT NULL\n    AND \"VBRP_CANCEL\".\"MANDT\" IS NOT NULL\n\nUNION\n\nSELECT\n    <%=sourceSystem%> || '::' || \"VBRP_CANCEL\".\"MANDT\" || '::' || \n        \"VBRP_CANCEL\".\"VBELN\" || '::' || \"VBRP_CANCEL\".\"POSNR\"                              AS \"ID\",\n    <%=sourceSystem%> || '::' || \"VBRP\".\"MANDT\" || '::' || \"VBRP\".\"VBELN\" \n        || '::' || \"VBRP\".\"POSNR\"                                                           AS \"ObjectID\", -- the docuemnt item that is canceled \n\tCAST(\"VBRK_CANCEL\".\"ERDAT\" AS DATE) +\n        CAST(TIMESTAMPDIFF(SECOND, CAST(\"VBRK_CANCEL\".\"ERZET\" AS DATE), \n        \"VBRK_CANCEL\".\"ERZET\") AS INTERVAL SECOND)                                          AS \"Time\",\n    'Cancellation'                                                                          AS \"Attribute\",\n    NULL                                                                                    AS \"OldValue\",\n    NULL                                                                                    AS \"NewValue\",\n\tCASE\n        WHEN \"USR02\".\"USTYP\" IN ('B', 'C') THEN 'Automatic'\n        ELSE 'Manual' \n     END                                                                                    AS \"ExecutionType\",\n\t<%=sourceSystem%> || '::' || \"VBRK_CANCEL\".\"MANDT\" || '::' || \"VBRK_CANCEL\".\"ERNAM\"     AS \"ChangedBy\",\n\t'DebitMemoCancellation'                                                                 AS \"OperationType\", -- the document type that canceled the document item\n    <%=sourceSystem%> || '::' || \"VBRK_CANCEL\".\"MANDT\" || '::' || \"VBRK_CANCEL\".\"VBELN\"     AS \"OperationID\"  -- the document that canceled the document item\nFROM \"VBRK\" AS \"VBRK\"\n         LEFT JOIN \"VBRP\" AS \"VBRP\"\n                   ON \"VBRP\".\"MANDT\" = \"VBRK\".\"MANDT\"\n                       AND \"VBRP\".\"VBELN\" = \"VBRK\".\"VBELN\"\n         LEFT JOIN \"VBFA\" AS \"VBFA\"\n                   ON \"VBRP\".\"MANDT\" = \"VBFA\".\"MANDT\"\n                       AND \"VBRP\".\"VBELN\" = \"VBFA\".\"VBELV\"\n                       AND \"VBRP\".\"POSNR\" = \"VBFA\".\"POSNV\"\n                       AND \"VBFA\".\"VBTYP_V\" = 'P'\n                       AND \"VBFA\".\"VBTYP_N\" = 'N'\n                       AND \"VBFA\".\"STUFE\" = '00'\n         LEFT JOIN \"VBRP\" AS \"VBRP_CANCEL\"\n                   ON \"VBRP_CANCEL\".\"MANDT\" = \"VBFA\".\"MANDT\"\n                       AND \"VBRP_CANCEL\".\"VBELN\" = \"VBFA\".\"VBELN\"\n                       AND \"VBRP_CANCEL\".\"POSNR\" = \"VBFA\".\"POSNN\"\n                       AND \"VBRP_CANCEL\".\"VGTYP\" = 'L'\n         LEFT JOIN \"VBRK\" AS \"VBRK_CANCEL\"\n                   ON \"VBRP_CANCEL\".\"MANDT\" = \"VBRK_CANCEL\".\"MANDT\"\n                       AND \"VBRP_CANCEL\".\"VBELN\" = \"VBRK_CANCEL\".\"VBELN\"\n         LEFT JOIN \"USR02\" AS \"USR02\"\n                   ON \"VBRP_CANCEL\".\"MANDT\" = \"USR02\".\"MANDT\"\n                       AND \"VBRP_CANCEL\".\"ERNAM\" = \"USR02\".\"BNAME\"\nWHERE \"VBRK\".\"MANDT\" IS NOT NULL\n    AND \"VBRP_CANCEL\".\"MANDT\" IS NOT NULL\n    AND \"VBFA\".\"STUFE\" = '00'\n\nUNION\n\nSELECT\n    <%=sourceSystem%> || '::' || \"VBRP_CANCEL\".\"MANDT\" || '::' || \n        \"VBRP_CANCEL\".\"VBELN\" || '::' || \"VBRP_CANCEL\".\"POSNR\"                              AS \"ID\",\n    <%=sourceSystem%> || '::' || \"VBRP\".\"MANDT\" || '::' || \"VBRP\".\"VBELN\" \n        || '::' || \"VBRP\".\"POSNR\"                                                           AS \"ObjectID\",\n\tCAST(\"VBRK_CANCEL\".\"ERDAT\" AS DATE) \n            + CAST(TIMESTAMPDIFF(SECOND, CAST(\"VBRK_CANCEL\".\"ERZET\" AS DATE),\n            \"VBRK_CANCEL\".\"ERZET\") AS INTERVAL SECOND)                                      AS \"Time\",\n    'Cancellation'                                                                          AS \"Attribute\",\n    NULL                                                                                    AS \"OldValue\",\n    NULL                                                                                    AS \"NewValue\",\n\tCASE\n        WHEN \"USR02\".\"USTYP\" IN ('B', 'C') THEN 'Automatic'\n        ELSE 'Manual' \n     END                                                                                    AS \"ExecutionType\",\n\t<%=sourceSystem%> || '::' || \"VBRK_CANCEL\".\"MANDT\" || '::' || \"VBRK_CANCEL\".\"ERNAM\"     AS \"ChangedBy\",\n    'CreditMemoCancellation'                                                                AS \"OperationType\",\n    <%=sourceSystem%> || '::' || \"VBRK_CANCEL\".\"MANDT\" || '::' || \"VBRK_CANCEL\".\"VBELN\"     AS \"OperationID\"\nFROM \"VBRK\" AS \"VBRK\" --- Cancelled \n         LEFT JOIN \"VBRP\" AS \"VBRP\"\n                   ON \"VBRP\".\"MANDT\" = \"VBRK\".\"MANDT\"\n                       AND \"VBRP\".\"VBELN\" = \"VBRK\".\"VBELN\"\n         LEFT JOIN \"VBFA\" AS \"VBFA\"\n                   ON \"VBRP\".\"MANDT\" = \"VBFA\".\"MANDT\"\n                       AND \"VBRP\".\"VBELN\" = \"VBFA\".\"VBELV\"\n                       AND \"VBRP\".\"POSNR\" = \"VBFA\".\"POSNV\"\n                       AND \"VBFA\".\"VBTYP_V\" = 'O'\n                       AND \"VBFA\".\"VBTYP_N\" = 'S'\n                       AND \"VBFA\".\"STUFE\" = '00'\n         LEFT JOIN \"VBRP\" AS \"VBRP_CANCEL\" -- Cancellation\n                   ON \"VBRP_CANCEL\".\"MANDT\" = \"VBFA\".\"MANDT\"\n                       AND \"VBRP_CANCEL\".\"VBELN\" = \"VBFA\".\"VBELN\"\n                       AND \"VBRP_CANCEL\".\"POSNR\" = \"VBFA\".\"POSNN\"\n         LEFT JOIN \"VBRK\" AS \"VBRK_CANCEL\"\n                   ON \"VBRP_CANCEL\".\"MANDT\" = \"VBRK_CANCEL\".\"MANDT\"\n                       AND \"VBRP_CANCEL\".\"VBELN\" = \"VBRK_CANCEL\".\"VBELN\"                       \n         LEFT JOIN \"USR02\" AS \"USR02\"\n                   ON \"VBRP_CANCEL\".\"MANDT\" = \"USR02\".\"MANDT\"\n                       AND \"VBRP_CANCEL\".\"ERNAM\" = \"USR02\".\"BNAME\"\nWHERE \"VBRK\".\"MANDT\" IS NOT NULL\n    AND \"VBRP_CANCEL\".\"MANDT\" IS NOT NULL"
                    }
                ],
                "foreign_key_names": [
                    "CreatedBy",
                    "CustomerInvoice",
                    "Material",
                    "Plant"
                ],
                "namespace": "custom",
                "property_names": [
                    "CreationExecutionType",
                    "CreationTime",
                    "Currency",
                    "CustomerInvoiceLineNumber",
                    "CustomerInvoiceNumber",
                    "ID",
                    "NetAmount",
                    "NetUnitPrice",
                    "PreviousCustomerInvoice",
                    "PreviousCustomerInvoiceLine",
                    "Quantity",
                    "QuantityUnit",
                    "SourceSystemInstance"
                ],
                "property_sql_factory_datasets": [
                    {
                        "id": "CustomerInvoiceLineAttributes",
                        "type_": "SQL_FACTORY_DATA_SET",
                        "complete_overwrite": false,
                        "disabled": false,
                        "materialise_cte": false,
                        "overwrite": null,
                        "sql": "WITH \"CTE_Relationships\" AS (\n    -- Debit memo items following invoice items\n    SELECT\n        <%=sourceSystem%> || '::' || \"VBFA\".\"MANDT\" || '::' || \n            \"VBFA\".\"VBELV\"                                        AS \"SourceCustomerInvoice\",\n        <%=sourceSystem%> || '::' || \"VBFA\".\"MANDT\" || '::' || \n            \"VBFA\".\"VBELV\" || '::' || \"VBFA\".\"POSNV\"              AS \"SourceCustomerInvoiceLine\",\n        'CustomerInvoice'                                         AS \"SourceDocumentType\",\n        <%=sourceSystem%> || '::' || \"VBFA\".\"MANDT\" || '::' || \n            \"VBFA\".\"VBELN\"                                        AS \"TargetCustomerInvoice\",\n        <%=sourceSystem%> || '::' || \"VBFA\".\"MANDT\" || '::' || \n            \"VBFA\".\"VBELN\" || '::' || \"VBFA\".\"POSNN\"              AS \"TargetCustomerInvoiceLine\",\n        'DebitMemo'                                               AS \"TargetDocumentType\"\n    FROM VBFA\n    WHERE \"VBFA\".\"VBTYP_V\" = 'M' -- Invoice\n        AND \"VBFA\".\"VBTYP_N\" = 'P' -- Debit Memo\n        AND \"VBFA\".\"STUFE\" = '01' -- Skipping Debit Memo Request\n        AND EXISTS ( \n        SELECT 1\n        FROM \"VBFA\" AS \"VBFA_CMR\"\n        WHERE \"VBFA_CMR\".\"VBELV\" = \"VBFA\".\"VBELV\"\n            AND \"VBFA_CMR\".\"POSNV\" = \"VBFA\".\"POSNV\"\n            -- check that for the invoice a direct link (STUFE 00) \n            -- to a debit memo request exists.\n            AND \"VBFA_CMR\".\"VBTYP_N\" = 'L'\n            AND \"VBFA_CMR\".\"STUFE\" = '00'\n        )\n        AND EXISTS (\n        SELECT 1\n        FROM \"VBFA\" AS \"VBFA_CMR\"\n        WHERE \"VBFA_CMR\".\"VBELN\" = \"VBFA\".\"VBELN\"\n            AND \"VBFA_CMR\".\"POSNN\" = \"VBFA\".\"POSNN\"\n            -- check that for the debit memo a direct link (STUFE 00) \n            -- to a debit memo request exists.\n            AND \"VBFA_CMR\".\"VBTYP_V\" = 'L'\n            AND \"VBFA_CMR\".\"STUFE\" = '00'\n        )\n\n    UNION ALL \n\n    -- Credit memo items following invoice items\n    SELECT\n        <%=sourceSystem%> || '::' || \"VBFA\".\"MANDT\" || '::' || \n            \"VBFA\".\"VBELV\"                                        AS \"SourceCustomerInvoice\",\n        <%=sourceSystem%> || '::' || \"VBFA\".\"MANDT\" || '::' || \n            \"VBFA\".\"VBELV\" || '::' || \"VBFA\".\"POSNV\"              AS \"SourceCustomerInvoiceLine\",\n        'CustomerInvoice'                                         AS \"SourceDocumentType\",\n        \n        <%=sourceSystem%> || '::' || \"VBFA\".\"MANDT\" || '::' || \n            \"VBFA\".\"VBELN\"                                        AS \"TargetCustomerInvoice\",\n        <%=sourceSystem%> || '::' || \"VBFA\".\"MANDT\" || '::' || \n            \"VBFA\".\"VBELN\" || '::' || \"VBFA\".\"POSNN\"              AS \"TargetCustomerInvoiceLine\",\n        'CreditMemo'                                              AS \"TargetDocumentType\"\n    FROM VBFA\n    WHERE \"VBFA\".\"VBTYP_V\" = 'M' -- Invoice\n        AND \"VBFA\".\"VBTYP_N\" = 'O' -- Credit Memo\n        AND \"VBFA\".\"STUFE\" = '01' -- Skipping Credit Memo Request\n        AND EXISTS ( \n        SELECT 1\n        FROM \"VBFA\" AS \"VBFA_CMR\"\n        WHERE \"VBFA_CMR\".\"VBELV\" = \"VBFA\".\"VBELV\"\n            AND \"VBFA_CMR\".\"POSNV\" = \"VBFA\".\"POSNV\"\n            -- check that for the invoice a direct link (STUFE 00) \n            -- to a credit memo request exists.\n            AND \"VBFA_CMR\".\"VBTYP_N\" = 'K'\n            AND \"VBFA_CMR\".\"STUFE\" = '00'\n        )\n        AND EXISTS (\n        SELECT 1\n        FROM \"VBFA\" AS \"VBFA_CMR\"\n        WHERE \"VBFA_CMR\".\"VBELN\" = \"VBFA\".\"VBELN\"\n            AND \"VBFA_CMR\".\"POSNN\" = \"VBFA\".\"POSNN\"\n            -- check that for the credit memo a direct link (STUFE 00) \n            -- to a credit memo request exists.\n            AND \"VBFA_CMR\".\"VBTYP_V\" = 'K'\n            AND \"VBFA_CMR\".\"STUFE\" = '00'\n        )\n)\nSELECT\n    <%=sourceSystem%> || '::' || \"VBRP\".\"MANDT\" || '::' || \n        \"VBRP\".\"VBELN\" || '::' || \"VBRP\".\"POSNR\"                                        AS \"ID\",\n\t<%=sourceSystem%> || '::' || \"VBRP\".\"MANDT\"                                         AS \"SourceSystemInstance\",\n\t\"VBRP\".\"NETWR\"                                                                      AS \"NetAmount\",\n\t\"VBRP\".\"VRKME\"                                                                      AS \"QuantityUnit\",\n\t\"VBRP\".\"FKIMG\"                                                                      AS \"Quantity\",\n\tCASE \n        WHEN \"VBRP\".\"NETWR\" = 0 AND \"VBRP\".\"FKIMG\" = 0 THEN 0 \n        ELSE \"VBRP\".\"NETWR\" / \"VBRP\".\"FKIMG\" \n     END                                                                                AS \"NetUnitPrice\",\n\t\"VBRK\".\"WAERK\"                                                                      AS \"Currency\",\n\tCAST(\"VBRP\".\"POSNR\" AS VARCHAR(255))                                                AS \"CustomerInvoiceLineNumber\",\n\t\"VBRK\".\"VBELN\"                                                                      AS \"CustomerInvoiceNumber\",\n\tCAST(\"VBRP\".\"ERDAT\" AS DATE) +\n            CAST(TIMESTAMPDIFF(SECOND, CAST(\"VBRP\".\"ERZET\" AS DATE), \n            \"VBRP\".\"ERZET\") AS INTERVAL SECOND)                                         AS \"CreationTime\",\n\tCASE WHEN \"USR02\".\"USTYP\" IN ('B', 'C') THEN 'Automatic' ELSE 'Manual' END          AS \"CreationExecutionType\",\n    <%=sourceSystem%> || '::' || \"VBRP\".\"MANDT\" || '::' || \"VBRP\".\"ERNAM\"               AS \"CreatedBy\",\n    <%=sourceSystem%> || '::' || \"VBRK\".\"MANDT\" || '::' || \"VBRK\".\"VBELN\"               AS \"CustomerInvoice\",\n    <%=sourceSystem%> || '::' || \"VBRP\".\"MANDT\" || '::' || \"VBRP\".\"MATNR\"               AS \"Material\",\n    <%=sourceSystem%> || '::' || \"VBRP\".\"MANDT\" || '::' || \"VBRP\".\"WERKS\"               AS \"Plant\",\n    \"CTE_Relationships\".\"SourceCustomerInvoice\"                                         AS \"PreviousCustomerInvoice\",\n    \"CTE_Relationships\".\"SourceCustomerInvoiceLine\"                                     AS \"PreviousCustomerInvoiceLine\"\nFROM \"VBRP\" AS \"VBRP\"\n    LEFT JOIN \"VBRK\" AS \"VBRK\"\n            ON \"VBRP\".\"MANDT\" = \"VBRK\".\"MANDT\"\n                AND \"VBRP\".\"VBELN\" = \"VBRK\".\"VBELN\"\n    LEFT JOIN \"USR02\" AS \"USR02\"\n            ON \"VBRP\".\"MANDT\" = \"USR02\".\"MANDT\"\n                AND \"VBRP\".\"ERNAM\" = \"USR02\".\"BNAME\"\n    LEFT JOIN \"CTE_Relationships\" AS \"CTE_Relationships\" \n            ON <%=sourceSystem%> || '::' || \"VBRP\".\"MANDT\" || '::' || \n                \"VBRP\".\"VBELN\" || '::' || \"VBRP\".\"POSNR\" =\n                \"CTE_Relationships\".\"TargetCustomerInvoiceLine\"\nWHERE \"VBRP\".\"MANDT\" IS NOT NULL\n    AND \"VBRK\".\"VBTYP\" in ('M', 'O', 'P')\n"
                    }
                ],
                "relationship_transformations": [
                    {
                        "relationship_name": "DeliveryLines",
                        "sql_factory_datasets": [
                            {
                                "id": "RelationshipDeliveryLine",
                                "type_": "SQL_FACTORY_DATA_SET",
                                "complete_overwrite": false,
                                "disabled": false,
                                "materialise_cte": false,
                                "overwrite": null,
                                "sql": "SELECT \n    <%=sourceSystem%>  || '::' || \"VBRP\".\"MANDT\" || '::' || \"VBRP\".\"VBELN\" || '::' || \"VBRP\".\"POSNR\"              AS \"ID\",\n\t<%=sourceSystem%>  || '::' || \"LIPS\".\"MANDT\" || '::' || \"LIPS\".\"VBELN\" || '::' || \"LIPS\".\"POSNR\"              AS \"DeliveryLines\"\nFROM (SELECT \"VBRP\".\"MANDT\" AS \"MANDT\",\n             \"VBRP\".\"VGBEL\" AS \"VGBEL\",\n             \"VBRP\".\"VGPOS\" AS \"VGPOS\",\n             \"VBRP\".\"VBELN\" AS \"VBELN\",\n             \"VBRP\".\"POSNR\" AS \"POSNR\"\n      FROM \"VBRP\" AS \"VBRP\"\n          INNER JOIN \"VBRK\" AS \"VBRK\"\n      ON \"VBRP\".\"MANDT\" = \"VBRK\".\"MANDT\"\n          AND \"VBRP\".\"VBELN\" = \"VBRK\".\"VBELN\"\n          AND \"VBRK\".\"VBTYP\" = 'M'\n      ORDER BY \"VBRP\".\"MANDT\", \"VBRP\".\"VGBEL\", \"VBRP\".\"VGPOS\") AS \"VBRP\"\n        INNER JOIN \"LIPS\" AS \"LIPS\"\n            ON \"VBRP\".\"MANDT\" = \"LIPS\".\"MANDT\"\n                AND \"VBRP\".\"VGBEL\" = \"LIPS\".\"VBELN\"\n                AND \"VBRP\".\"VGPOS\" = \"LIPS\".\"POSNR\"\n        LEFT JOIN \"LIKP\"\n            ON \"LIPS\".\"MANDT\" = \"LIKP\".\"MANDT\"\n            AND \"LIPS\".\"VBELN\" = \"LIKP\".\"VBELN\"\nWHERE \"LIKP\".\"VBTYP\" = 'J'\n\n"
                            }
                        ]
                    },
                    {
                        "relationship_name": "SalesOrderScheduleLines",
                        "sql_factory_datasets": [
                            {
                                "id": "RelationshipSalesOrderScheduleLines",
                                "type_": "SQL_FACTORY_DATA_SET",
                                "complete_overwrite": false,
                                "disabled": false,
                                "materialise_cte": false,
                                "overwrite": null,
                                "sql": "SELECT \n    <%=sourceSystem%> || '::' || \"VBRP\".\"MANDT\" || '::' || \"VBRP\".\"VBELN\" || '::' || \"VBRP\".\"POSNR\"                                                           AS \"ID\",\n\t<%=sourceSystem%> || '::' || \"VBEP\".\"MANDT\" || '::' || \"VBEP\".\"VBELN\" || '::' || \"VBEP\".\"POSNR\" || COALESCE('::' || \"VBEP\".\"ETENR\", '')                   AS \"SalesOrderScheduleLines\"\nFROM \"VBRP\" AS \"VBRP\"\nINNER JOIN \"VBRK\" AS \"VBRK\"\n      ON \"VBRP\".\"MANDT\" = \"VBRK\".\"MANDT\"\n        AND \"VBRP\".\"VBELN\" = \"VBRK\".\"VBELN\"\n        AND \"VBRK\".\"VBTYP\" = 'M'\nINNER JOIN \"VBEP\" AS \"VBEP\"\n    ON \"VBRP\".\"MANDT\" = \"VBEP\".\"MANDT\"\n        AND \"VBRP\".\"AUBEL\" = \"VBEP\".\"VBELN\"\n        AND \"VBRP\".\"AUPOS\" = \"VBEP\".\"POSNR\"\nINNER JOIN \"VBAK\" AS \"VBAK\"\n    ON \"VBEP\".\"MANDT\" = \"VBAK\".\"MANDT\"\n        AND \"VBEP\".\"VBELN\" = \"VBAK\".\"VBELN\"\n        AND \"VBAK\".\"VBTYP\" IN ('C', 'I')"
                            }
                        ]
                    }
                ]
            }
        ]
    }
]