{
    "categories": [
        {
            "metadata": {
                "name": "Processes",
                "namespace": "celonis"
            },
            "values": [
                {
                    "name": "OrderManagement",
                    "namespace": "celonis"
                },
                {
                    "name": "AccountsReceivable",
                    "namespace": "celonis"
                }
            ]
        }
    ],
    "change_date": 1761031828697.0,
    "changed_by": {
        "id": "2202cbc9-7251-4630-bfb2-36812e688613",
        "name": "l.pigozzi",
        "type_": "USER"
    },
    "color": "#4D00BA",
    "created_by": {
        "id": "2202cbc9-7251-4630-bfb2-36812e688613",
        "name": "l.pigozzi",
        "type_": "USER"
    },
    "creation_date": 1749633084800.0,
    "description": "A document that is the central object in the delivery process providing general information about goods movement. The different entries are split into separate DeliveryItem entities.",
    "fields": [
        {
            "data_type": "CT_INSTANT",
            "name": "DeliveryDate",
            "namespace": "custom"
        },
        {
            "data_type": "CT_INSTANT",
            "name": "PlannedPickingDate",
            "namespace": "custom"
        },
        {
            "data_type": "CT_INSTANT",
            "name": "PlannedGoodsIssueDate",
            "namespace": "custom"
        },
        {
            "data_type": "CT_BOOLEAN",
            "name": "IsPicked",
            "namespace": "custom"
        },
        {
            "data_type": "CT_UTF8_STRING",
            "name": "SourceSystemInstance",
            "namespace": "custom"
        },
        {
            "data_type": "CT_DOUBLE",
            "name": "Volume",
            "namespace": "custom"
        },
        {
            "data_type": "CT_DOUBLE",
            "name": "GrossWeight",
            "namespace": "custom"
        },
        {
            "data_type": "CT_DOUBLE",
            "name": "NetWeight",
            "namespace": "custom"
        },
        {
            "data_type": "CT_INSTANT",
            "name": "ProofOfDeliveryDate",
            "namespace": "custom"
        },
        {
            "data_type": "CT_UTF8_STRING",
            "name": "CreationExecutionType",
            "namespace": "custom"
        },
        {
            "data_type": "CT_INSTANT",
            "name": "CreationTime",
            "namespace": "custom"
        },
        {
            "data_type": "CT_UTF8_STRING",
            "name": "DeliveryType",
            "namespace": "custom"
        },
        {
            "data_type": "CT_UTF8_STRING",
            "name": "DeliveryNumber",
            "namespace": "custom"
        },
        {
            "data_type": "CT_UTF8_STRING",
            "name": "VolumeUnit",
            "namespace": "custom"
        },
        {
            "data_type": "CT_UTF8_STRING",
            "name": "WeightUnit",
            "namespace": "custom"
        },
        {
            "data_type": "CT_UTF8_STRING",
            "name": "ID",
            "namespace": "custom"
        }
    ],
    "id": "b5458b8b-65a9-4c82-afe8-94afcc180134",
    "managed": true,
    "multi_link": false,
    "name": "Delivery",
    "namespace": "custom",
    "relationships": [
        {
            "cardinality": "HAS_ONE",
            "name": "CreatedBy",
            "namespace": "custom",
            "target": {
                "mapped_by": null,
                "mapped_by_namespace": null,
                "object_ref": {
                    "name": "User",
                    "namespace": "custom"
                }
            }
        },
        {
            "cardinality": "HAS_MANY",
            "name": "DeliveryLine",
            "namespace": "custom",
            "target": {
                "mapped_by": "Delivery",
                "mapped_by_namespace": "custom",
                "object_ref": {
                    "name": "DeliveryLine",
                    "namespace": "custom"
                }
            }
        }
    ],
    "tags": [
        "AccountsReceivable",
        "OrderManagement"
    ]
}