{
    "categories": [
        {
            "metadata": {
                "name": "hierarchy",
                "namespace": "custom"
            },
            "values": [
                {
                    "name": "parent",
                    "namespace": "custom"
                }
            ]
        },
        {
            "metadata": {
                "name": "Processes",
                "namespace": "celonis"
            },
            "values": [
                {
                    "name": "Procurement",
                    "namespace": "celonis"
                },
                {
                    "name": "AccountsPayable",
                    "namespace": "celonis"
                },
                {
                    "name": "InventoryManagement",
                    "namespace": "celonis"
                },
                {
                    "name": "OrderManagement",
                    "namespace": "celonis"
                }
            ]
        }
    ],
    "change_date": 1768217685173.0,
    "changed_by": {
        "id": "ad8e74d9-353a-421d-88c1-3aae61ac7eb6",
        "name": "Jayatheertha Ayachit",
        "type_": "USER"
    },
    "color": "#4608B3",
    "created_by": {
        "id": "2202cbc9-7251-4630-bfb2-36812e688613",
        "name": "l.pigozzi",
        "type_": "USER"
    },
    "creation_date": 1749630702005.0,
    "description": "A generic document type covering both Scheduling Agreements and Standard Purchase Orders at the header level. These documents define the overarching terms of procurement transactions with a vendor, such as validity period, payment terms, and overall scope of supply.",
    "fields": [
        {
            "data_type": "CT_BOOLEAN",
            "name": "IsCanceled",
            "namespace": "custom"
        },
        {
            "data_type": "CT_UTF8_STRING",
            "name": "SourceSystemInstance",
            "namespace": "custom"
        },
        {
            "data_type": "CT_UTF8_STRING",
            "name": "PurchaseOrganizationName",
            "namespace": "custom"
        },
        {
            "data_type": "CT_UTF8_STRING",
            "name": "PurchaseOrganization",
            "namespace": "custom"
        },
        {
            "data_type": "CT_UTF8_STRING",
            "name": "CreationExecutionType",
            "namespace": "custom"
        },
        {
            "data_type": "CT_UTF8_STRING",
            "name": "PurchaseDocumentNumber",
            "namespace": "custom"
        },
        {
            "data_type": "CT_UTF8_STRING",
            "name": "DocumentTypeText",
            "namespace": "custom"
        },
        {
            "data_type": "CT_UTF8_STRING",
            "name": "DocumentType",
            "namespace": "custom"
        },
        {
            "data_type": "CT_UTF8_STRING",
            "name": "DocumentCategory",
            "namespace": "custom"
        },
        {
            "data_type": "CT_UTF8_STRING",
            "name": "PaymentTerms",
            "namespace": "custom"
        },
        {
            "data_type": "CT_UTF8_STRING",
            "name": "Currency",
            "namespace": "custom"
        },
        {
            "data_type": "CT_INSTANT",
            "name": "CreationTime",
            "namespace": "custom"
        },
        {
            "data_type": "CT_UTF8_STRING",
            "name": "ID",
            "namespace": "custom"
        }
    ],
    "id": "0031730e-dd3d-454f-888d-4ccf32997ddb",
    "managed": true,
    "multi_link": false,
    "name": "PurchaseDocument",
    "namespace": "custom",
    "relationships": [
        {
            "cardinality": "HAS_ONE",
            "name": "CreatedBy",
            "namespace": "custom",
            "target": {
                "mapped_by": null,
                "mapped_by_namespace": null,
                "object_ref": {
                    "name": "User",
                    "namespace": "custom"
                }
            }
        },
        {
            "cardinality": "HAS_ONE",
            "name": "Vendor",
            "namespace": "custom",
            "target": {
                "mapped_by": null,
                "mapped_by_namespace": null,
                "object_ref": {
                    "name": "Vendor",
                    "namespace": "custom"
                }
            }
        },
        {
            "cardinality": "HAS_MANY",
            "name": "PurchaseDocumentLine",
            "namespace": "custom",
            "target": {
                "mapped_by": "Header",
                "mapped_by_namespace": "custom",
                "object_ref": {
                    "name": "PurchaseDocumentLine",
                    "namespace": "custom"
                }
            }
        }
    ],
    "tags": [
        "Procurement",
        "AccountsPayable",
        "InventoryManagement",
        "OrderManagement"
    ]
}