{
    "categories": [
        {
            "metadata": {
                "name": "Processes",
                "namespace": "celonis"
            },
            "values": [
                {
                    "name": "InventoryManagement",
                    "namespace": "celonis"
                },
                {
                    "name": "OrderManagement",
                    "namespace": "celonis"
                },
                {
                    "name": "AccountsReceivable",
                    "namespace": "celonis"
                }
            ]
        }
    ],
    "change_date": 1760428609276.0,
    "changed_by": {
        "id": "2202cbc9-7251-4630-bfb2-36812e688613",
        "name": "l.pigozzi",
        "type_": "USER"
    },
    "color": "#4608B3",
    "created_by": {
        "id": "2202cbc9-7251-4630-bfb2-36812e688613",
        "name": "l.pigozzi",
        "type_": "USER"
    },
    "creation_date": 1749630704949.0,
    "description": "A line level document detailing a specific piece of a sales order agreement with requested and confirmed delivery dates.",
    "fields": [
        {
            "data_type": "CT_INSTANT",
            "name": "PlannedGoodsIssueDate",
            "namespace": "custom"
        },
        {
            "data_type": "CT_DOUBLE",
            "name": "Quantity",
            "namespace": "custom"
        },
        {
            "data_type": "CT_UTF8_STRING",
            "name": "LineNumber",
            "namespace": "custom"
        },
        {
            "data_type": "CT_BOOLEAN",
            "name": "IsCanceled",
            "namespace": "custom"
        },
        {
            "data_type": "CT_INSTANT",
            "name": "RequestedDeliveryDate",
            "namespace": "custom"
        },
        {
            "data_type": "CT_UTF8_STRING",
            "name": "ExternalMaterialNumber",
            "namespace": "custom"
        },
        {
            "data_type": "CT_DOUBLE",
            "name": "NetLineWeight",
            "namespace": "custom"
        },
        {
            "data_type": "CT_UTF8_STRING",
            "name": "WeightUnit",
            "namespace": "custom"
        },
        {
            "data_type": "CT_DOUBLE",
            "name": "NetUnitPrice",
            "namespace": "custom"
        },
        {
            "data_type": "CT_UTF8_STRING",
            "name": "Currency",
            "namespace": "custom"
        },
        {
            "data_type": "CT_DOUBLE",
            "name": "NetAmount",
            "namespace": "custom"
        },
        {
            "data_type": "CT_UTF8_STRING",
            "name": "CancellationReason",
            "namespace": "custom"
        },
        {
            "data_type": "CT_UTF8_STRING",
            "name": "SourceSystemInstance",
            "namespace": "custom"
        },
        {
            "data_type": "CT_UTF8_STRING",
            "name": "SalesOrderNumber",
            "namespace": "custom"
        },
        {
            "data_type": "CT_UTF8_STRING",
            "name": "QuantityUnit",
            "namespace": "custom"
        },
        {
            "data_type": "CT_INSTANT",
            "name": "MaterialAvailabilityDate",
            "namespace": "custom"
        },
        {
            "data_type": "CT_INSTANT",
            "name": "CreationTime",
            "namespace": "custom"
        },
        {
            "data_type": "CT_UTF8_STRING",
            "name": "CreationExecutionType",
            "namespace": "custom"
        },
        {
            "data_type": "CT_INSTANT",
            "name": "ConfirmedDeliveryDate",
            "namespace": "custom"
        },
        {
            "data_type": "CT_UTF8_STRING",
            "name": "ID",
            "namespace": "custom"
        }
    ],
    "id": "b830aa35-321c-4893-8640-8f6959bb70f5",
    "managed": true,
    "multi_link": false,
    "name": "SalesOrderScheduleLine",
    "namespace": "custom",
    "relationships": [
        {
            "cardinality": "HAS_MANY",
            "name": "RelationshipOrderToInvoice",
            "namespace": "custom",
            "target": {
                "mapped_by": "SalesOrderScheduleLine",
                "mapped_by_namespace": "custom",
                "object_ref": {
                    "name": "RelationshipOrderToInvoice",
                    "namespace": "custom"
                }
            }
        },
        {
            "cardinality": "HAS_MANY",
            "name": "SalesOrderScheduleLineBlock",
            "namespace": "custom",
            "target": {
                "mapped_by": "SalesOrderScheduleLine",
                "mapped_by_namespace": "custom",
                "object_ref": {
                    "name": "SalesOrderScheduleLineBlock",
                    "namespace": "custom"
                }
            }
        },
        {
            "cardinality": "HAS_ONE",
            "name": "MaterialMasterPlant",
            "namespace": "custom",
            "target": {
                "mapped_by": null,
                "mapped_by_namespace": null,
                "object_ref": {
                    "name": "MaterialMasterPlant",
                    "namespace": "custom"
                }
            }
        },
        {
            "cardinality": "HAS_ONE",
            "name": "CreatedBy",
            "namespace": "custom",
            "target": {
                "mapped_by": null,
                "mapped_by_namespace": null,
                "object_ref": {
                    "name": "User",
                    "namespace": "custom"
                }
            }
        },
        {
            "cardinality": "HAS_ONE",
            "name": "SalesOrder",
            "namespace": "custom",
            "target": {
                "mapped_by": null,
                "mapped_by_namespace": null,
                "object_ref": {
                    "name": "SalesOrder",
                    "namespace": "custom"
                }
            }
        },
        {
            "cardinality": "HAS_ONE",
            "name": "Plant",
            "namespace": "custom",
            "target": {
                "mapped_by": null,
                "mapped_by_namespace": null,
                "object_ref": {
                    "name": "Plant",
                    "namespace": "custom"
                }
            }
        },
        {
            "cardinality": "HAS_ONE",
            "name": "Material",
            "namespace": "custom",
            "target": {
                "mapped_by": null,
                "mapped_by_namespace": null,
                "object_ref": {
                    "name": "Material",
                    "namespace": "custom"
                }
            }
        },
        {
            "cardinality": "HAS_MANY",
            "name": "MaterialMovement",
            "namespace": "custom",
            "target": {
                "mapped_by": null,
                "mapped_by_namespace": null,
                "object_ref": {
                    "name": "MaterialMovement",
                    "namespace": "custom"
                }
            }
        },
        {
            "cardinality": "HAS_MANY",
            "name": "GoodsIssue",
            "namespace": "custom",
            "target": {
                "mapped_by": null,
                "mapped_by_namespace": null,
                "object_ref": {
                    "name": "GoodsIssue",
                    "namespace": "custom"
                }
            }
        },
        {
            "cardinality": "HAS_MANY",
            "name": "CustomerInvoiceLine",
            "namespace": "custom",
            "target": {
                "mapped_by": "SalesOrderScheduleLines",
                "mapped_by_namespace": "custom",
                "object_ref": {
                    "name": "CustomerInvoiceLine",
                    "namespace": "custom"
                }
            }
        },
        {
            "cardinality": "HAS_MANY",
            "name": "DeliveryLine",
            "namespace": "custom",
            "target": {
                "mapped_by": "SalesOrderScheduleLines",
                "mapped_by_namespace": "custom",
                "object_ref": {
                    "name": "DeliveryLine",
                    "namespace": "custom"
                }
            }
        }
    ],
    "tags": [
        "AccountsReceivable",
        "InventoryManagement",
        "OrderManagement"
    ]
}