{
    "categories": [
        {
            "metadata": {
                "name": "Processes",
                "namespace": "celonis"
            },
            "values": [
                {
                    "name": "AccountsReceivable",
                    "namespace": "celonis"
                }
            ]
        }
    ],
    "change_date": 1760347263172.0,
    "changed_by": {
        "id": "2202cbc9-7251-4630-bfb2-36812e688613",
        "name": "l.pigozzi",
        "type_": "USER"
    },
    "color": "#1832DE",
    "created_by": {
        "id": "2202cbc9-7251-4630-bfb2-36812e688613",
        "name": "l.pigozzi",
        "type_": "USER"
    },
    "creation_date": 1749630703934.0,
    "description": "Contains AR documents which affect the customer balances like Customer invoices, Deductions, Chargebacks, Credit Memos and Incoming Payments. Important attributes include information to manage collecting balances, such as the customer account, amount of transaction, payment terms, its due date and its payment status.",
    "fields": [
        {
            "data_type": "CT_UTF8_STRING",
            "name": "BusinessUnit",
            "namespace": "custom"
        },
        {
            "data_type": "CT_BOOLEAN",
            "name": "IsReversed",
            "namespace": "custom"
        },
        {
            "data_type": "CT_UTF8_STRING",
            "name": "DebitCreditIndicator",
            "namespace": "custom"
        },
        {
            "data_type": "CT_DOUBLE",
            "name": "CashDiscountPercentage2",
            "namespace": "custom"
        },
        {
            "data_type": "CT_DOUBLE",
            "name": "CashDiscountPercentage1",
            "namespace": "custom"
        },
        {
            "data_type": "CT_INSTANT",
            "name": "CashDiscountDueDate2",
            "namespace": "custom"
        },
        {
            "data_type": "CT_INSTANT",
            "name": "CashDiscountDueDate1",
            "namespace": "custom"
        },
        {
            "data_type": "CT_UTF8_STRING",
            "name": "DocumentCategory",
            "namespace": "custom"
        },
        {
            "data_type": "CT_UTF8_STRING",
            "name": "DocumentNumber",
            "namespace": "custom"
        },
        {
            "data_type": "CT_INSTANT",
            "name": "NetDueDate",
            "namespace": "custom"
        },
        {
            "data_type": "CT_UTF8_STRING",
            "name": "SourceSystemInstance",
            "namespace": "custom"
        },
        {
            "data_type": "CT_BOOLEAN",
            "name": "IsBlockedForDunning",
            "namespace": "custom"
        },
        {
            "data_type": "CT_UTF8_STRING",
            "name": "PaymentTerm",
            "namespace": "custom"
        },
        {
            "data_type": "CT_UTF8_STRING",
            "name": "Currency",
            "namespace": "custom"
        },
        {
            "data_type": "CT_DOUBLE",
            "name": "CashDiscountTakenAmount",
            "namespace": "custom"
        },
        {
            "data_type": "CT_DOUBLE",
            "name": "CashDiscountEligibleAmount",
            "namespace": "custom"
        },
        {
            "data_type": "CT_DOUBLE",
            "name": "Amount",
            "namespace": "custom"
        },
        {
            "data_type": "CT_INSTANT",
            "name": "ClearingDate",
            "namespace": "custom"
        },
        {
            "data_type": "CT_INSTANT",
            "name": "DocumentDate",
            "namespace": "custom"
        },
        {
            "data_type": "CT_INSTANT",
            "name": "BaselineDate",
            "namespace": "custom"
        },
        {
            "data_type": "CT_UTF8_STRING",
            "name": "DocumentType",
            "namespace": "custom"
        },
        {
            "data_type": "CT_LONG",
            "name": "FiscalYear",
            "namespace": "custom"
        },
        {
            "data_type": "CT_INSTANT",
            "name": "CreationTime",
            "namespace": "custom"
        },
        {
            "data_type": "CT_UTF8_STRING",
            "name": "CreationExecutionType",
            "namespace": "custom"
        },
        {
            "data_type": "CT_UTF8_STRING",
            "name": "ID",
            "namespace": "custom"
        }
    ],
    "id": "4fca9e21-1116-4c37-8c92-da6b2cfb6017",
    "managed": true,
    "multi_link": false,
    "name": "ReceivableItem",
    "namespace": "custom",
    "relationships": [
        {
            "cardinality": "HAS_ONE",
            "name": "Customer",
            "namespace": "custom",
            "target": {
                "mapped_by": null,
                "mapped_by_namespace": null,
                "object_ref": {
                    "name": "Customer",
                    "namespace": "custom"
                }
            }
        },
        {
            "cardinality": "HAS_ONE",
            "name": "CreatedBy",
            "namespace": "custom",
            "target": {
                "mapped_by": null,
                "mapped_by_namespace": null,
                "object_ref": {
                    "name": "User",
                    "namespace": "custom"
                }
            }
        },
        {
            "cardinality": "HAS_ONE",
            "name": "CustomerInvoice",
            "namespace": "custom",
            "target": {
                "mapped_by": null,
                "mapped_by_namespace": null,
                "object_ref": {
                    "name": "CustomerInvoice",
                    "namespace": "custom"
                }
            }
        }
    ],
    "tags": [
        "AccountsReceivable"
    ]
}