{
    "categories": [
        {
            "metadata": {
                "name": "Metadata",
                "namespace": "celonis"
            },
            "values": [
                {
                    "name": "MasterData",
                    "namespace": "celonis"
                }
            ]
        },
        {
            "metadata": {
                "name": "Processes",
                "namespace": "celonis"
            },
            "values": [
                {
                    "name": "Procurement",
                    "namespace": "celonis"
                },
                {
                    "name": "AccountsPayable",
                    "namespace": "celonis"
                },
                {
                    "name": "InventoryManagement",
                    "namespace": "celonis"
                }
            ]
        }
    ],
    "change_date": 1765530922895.0,
    "changed_by": {
        "id": "18f1c3ed-024c-44fb-9163-4a9768c7844f",
        "name": "Gokul",
        "type_": "USER"
    },
    "color": "#4608B3",
    "created_by": {
        "id": "2202cbc9-7251-4630-bfb2-36812e688613",
        "name": "l.pigozzi",
        "type_": "USER"
    },
    "creation_date": 1749630705725.0,
    "description": "Contains master data about Vendor from whom goods or services are procured. ",
    "fields": [
        {
            "data_type": "CT_UTF8_STRING",
            "name": "SourceSystemInstance",
            "namespace": "custom"
        },
        {
            "data_type": "CT_UTF8_STRING",
            "name": "VendorNumber",
            "namespace": "custom"
        },
        {
            "data_type": "CT_BOOLEAN",
            "name": "IsBlockedForPayment",
            "namespace": "custom"
        },
        {
            "data_type": "CT_UTF8_STRING",
            "name": "Country",
            "namespace": "custom"
        },
        {
            "data_type": "CT_UTF8_STRING",
            "name": "City",
            "namespace": "custom"
        },
        {
            "data_type": "CT_BOOLEAN",
            "name": "IsInternalVendor",
            "namespace": "custom"
        },
        {
            "data_type": "CT_UTF8_STRING",
            "name": "Name",
            "namespace": "custom"
        },
        {
            "data_type": "CT_UTF8_STRING",
            "name": "ID",
            "namespace": "custom"
        }
    ],
    "id": "0b4d70db-2bdd-4675-9144-beba95bff254",
    "managed": true,
    "multi_link": false,
    "name": "Vendor",
    "namespace": "custom",
    "relationships": [
        {
            "cardinality": "HAS_MANY",
            "name": "VendorPayableItem",
            "namespace": "custom",
            "target": {
                "mapped_by": "Vendor",
                "mapped_by_namespace": "custom",
                "object_ref": {
                    "name": "PayableItem",
                    "namespace": "custom"
                }
            }
        },
        {
            "cardinality": "HAS_MANY",
            "name": "PurchaseDocument",
            "namespace": "custom",
            "target": {
                "mapped_by": "Vendor",
                "mapped_by_namespace": "custom",
                "object_ref": {
                    "name": "PurchaseDocument",
                    "namespace": "custom"
                }
            }
        },
        {
            "cardinality": "HAS_MANY",
            "name": "PurchaseOrder",
            "namespace": "custom",
            "target": {
                "mapped_by": "Vendor",
                "mapped_by_namespace": "custom",
                "object_ref": {
                    "name": "PurchaseOrder",
                    "namespace": "custom"
                }
            }
        },
        {
            "cardinality": "HAS_MANY",
            "name": "VendorInvoice",
            "namespace": "custom",
            "target": {
                "mapped_by": "Vendor",
                "mapped_by_namespace": "custom",
                "object_ref": {
                    "name": "VendorInvoice",
                    "namespace": "custom"
                }
            }
        },
        {
            "cardinality": "HAS_MANY",
            "name": "PurchaseRequisitionLine",
            "namespace": "custom",
            "target": {
                "mapped_by": "Vendor",
                "mapped_by_namespace": "custom",
                "object_ref": {
                    "name": "PurchaseRequisitionLine",
                    "namespace": "custom"
                }
            }
        },
        {
            "cardinality": "HAS_MANY",
            "name": "VendorAccountItem",
            "namespace": "custom",
            "target": {
                "mapped_by": "Vendor",
                "mapped_by_namespace": "custom",
                "object_ref": {
                    "name": "VendorAccountItem",
                    "namespace": "custom"
                }
            }
        }
    ],
    "tags": [
        "Procurement",
        "MasterData",
        "AccountsPayable",
        "InventoryManagement"
    ]
}