{
    "categories": [
        {
            "metadata": {
                "name": "Processes",
                "namespace": "celonis"
            },
            "values": [
                {
                    "name": "Procurement",
                    "namespace": "celonis"
                },
                {
                    "name": "InventoryManagement",
                    "namespace": "celonis"
                }
            ]
        }
    ],
    "change_date": 1767866336647.0,
    "changed_by": {
        "id": "18f1c3ed-024c-44fb-9163-4a9768c7844f",
        "name": "Gokul",
        "type_": "USER"
    },
    "color": "#4608B3",
    "created_by": {
        "id": "2202cbc9-7251-4630-bfb2-36812e688613",
        "name": "l.pigozzi",
        "type_": "USER"
    },
    "creation_date": 1749630703390.0,
    "description": "Represents the planned or agreed delivery dates and quantities tied to each Purchasing Document Item. These are crucial in scheduling agreements as they define the periodic deliveries expected from the supplier over time.",
    "fields": [
        {
            "data_type": "CT_UTF8_STRING",
            "name": "LineNumber",
            "namespace": "custom"
        },
        {
            "data_type": "CT_INSTANT",
            "name": "CreationTime",
            "namespace": "custom"
        },
        {
            "data_type": "CT_UTF8_STRING",
            "name": "SourceSystemInstance",
            "namespace": "custom"
        },
        {
            "data_type": "CT_UTF8_STRING",
            "name": "DeliveryNumber",
            "namespace": "custom"
        },
        {
            "data_type": "CT_UTF8_STRING",
            "name": "PurchaseDocumentNumber",
            "namespace": "custom"
        },
        {
            "data_type": "CT_DOUBLE",
            "name": "ExpectedQuantity",
            "namespace": "custom"
        },
        {
            "data_type": "CT_UTF8_STRING",
            "name": "QuantityUnit",
            "namespace": "custom"
        },
        {
            "data_type": "CT_INSTANT",
            "name": "ExpectedDeliveryDate",
            "namespace": "custom"
        },
        {
            "data_type": "CT_DOUBLE",
            "name": "ReceivedQuantity",
            "namespace": "custom"
        },
        {
            "data_type": "CT_UTF8_STRING",
            "name": "ID",
            "namespace": "custom"
        }
    ],
    "id": "e711e737-264d-4441-95ae-ccf49b2372f9",
    "managed": true,
    "multi_link": false,
    "name": "PurchaseScheduleLine",
    "namespace": "custom",
    "relationships": [
        {
            "cardinality": "HAS_ONE",
            "name": "Plant",
            "namespace": "custom",
            "target": {
                "mapped_by": null,
                "mapped_by_namespace": null,
                "object_ref": {
                    "name": "Plant",
                    "namespace": "custom"
                }
            }
        },
        {
            "cardinality": "HAS_ONE",
            "name": "MaterialMasterPlant",
            "namespace": "custom",
            "target": {
                "mapped_by": null,
                "mapped_by_namespace": null,
                "object_ref": {
                    "name": "MaterialMasterPlant",
                    "namespace": "custom"
                }
            }
        },
        {
            "cardinality": "HAS_ONE",
            "name": "PurchaseDocumentLine",
            "namespace": "custom",
            "target": {
                "mapped_by": null,
                "mapped_by_namespace": null,
                "object_ref": {
                    "name": "PurchaseDocumentLine",
                    "namespace": "custom"
                }
            }
        }
    ],
    "tags": [
        "Procurement",
        "InventoryManagement"
    ]
}