{
    "categories": [
        {
            "metadata": {
                "name": "Processes",
                "namespace": "celonis"
            },
            "values": [
                {
                    "name": "Procurement",
                    "namespace": "celonis"
                },
                {
                    "name": "InventoryManagement",
                    "namespace": "celonis"
                }
            ]
        }
    ],
    "change_date": 1766151351794.0,
    "changed_by": {
        "id": "18f1c3ed-024c-44fb-9163-4a9768c7844f",
        "name": "Gokul",
        "type_": "USER"
    },
    "color": "#4608B3",
    "created_by": {
        "id": "2202cbc9-7251-4630-bfb2-36812e688613",
        "name": "l.pigozzi",
        "type_": "USER"
    },
    "creation_date": 1749630703057.0,
    "description": "Internal document used to request the procurement of goods or services which originates within a department or team when a need is identified, serving as a formal request to the purchasing department to initiate a procurement process.",
    "fields": [
        {
            "data_type": "CT_UTF8_STRING",
            "name": "LineNumber",
            "namespace": "custom"
        },
        {
            "data_type": "CT_BOOLEAN",
            "name": "IsClosed",
            "namespace": "custom"
        },
        {
            "data_type": "CT_BOOLEAN",
            "name": "IsCanceled",
            "namespace": "custom"
        },
        {
            "data_type": "CT_INSTANT",
            "name": "ExpectedDeliveryDate",
            "namespace": "custom"
        },
        {
            "data_type": "CT_UTF8_STRING",
            "name": "SourceSystemInstance",
            "namespace": "custom"
        },
        {
            "data_type": "CT_UTF8_STRING",
            "name": "PurchaseOrganizationName",
            "namespace": "custom"
        },
        {
            "data_type": "CT_UTF8_STRING",
            "name": "PurchaseOrganization",
            "namespace": "custom"
        },
        {
            "data_type": "CT_UTF8_STRING",
            "name": "CreationExecutionType",
            "namespace": "custom"
        },
        {
            "data_type": "CT_UTF8_STRING",
            "name": "PurchaseRequisitionNumber",
            "namespace": "custom"
        },
        {
            "data_type": "CT_UTF8_STRING",
            "name": "Description",
            "namespace": "custom"
        },
        {
            "data_type": "CT_UTF8_STRING",
            "name": "Requester",
            "namespace": "custom"
        },
        {
            "data_type": "CT_UTF8_STRING",
            "name": "QuantityUnit",
            "namespace": "custom"
        },
        {
            "data_type": "CT_DOUBLE",
            "name": "Quantity",
            "namespace": "custom"
        },
        {
            "data_type": "CT_DOUBLE",
            "name": "NetUnitPrice",
            "namespace": "custom"
        },
        {
            "data_type": "CT_UTF8_STRING",
            "name": "Currency",
            "namespace": "custom"
        },
        {
            "data_type": "CT_INSTANT",
            "name": "CreationTime",
            "namespace": "custom"
        },
        {
            "data_type": "CT_UTF8_STRING",
            "name": "ID",
            "namespace": "custom"
        }
    ],
    "id": "e6e90574-1b99-4677-bd6f-56bc0b162f3f",
    "managed": true,
    "multi_link": false,
    "name": "PurchaseRequisitionLine",
    "namespace": "custom",
    "relationships": [
        {
            "cardinality": "HAS_ONE",
            "name": "Material",
            "namespace": "custom",
            "target": {
                "mapped_by": null,
                "mapped_by_namespace": null,
                "object_ref": {
                    "name": "Material",
                    "namespace": "custom"
                }
            }
        },
        {
            "cardinality": "HAS_ONE",
            "name": "Plant",
            "namespace": "custom",
            "target": {
                "mapped_by": null,
                "mapped_by_namespace": null,
                "object_ref": {
                    "name": "Plant",
                    "namespace": "custom"
                }
            }
        },
        {
            "cardinality": "HAS_ONE",
            "name": "MaterialMasterPlant",
            "namespace": "custom",
            "target": {
                "mapped_by": null,
                "mapped_by_namespace": null,
                "object_ref": {
                    "name": "MaterialMasterPlant",
                    "namespace": "custom"
                }
            }
        },
        {
            "cardinality": "HAS_ONE",
            "name": "Vendor",
            "namespace": "custom",
            "target": {
                "mapped_by": null,
                "mapped_by_namespace": null,
                "object_ref": {
                    "name": "Vendor",
                    "namespace": "custom"
                }
            }
        },
        {
            "cardinality": "HAS_ONE",
            "name": "Createdby",
            "namespace": "custom",
            "target": {
                "mapped_by": null,
                "mapped_by_namespace": null,
                "object_ref": {
                    "name": "User",
                    "namespace": "custom"
                }
            }
        },
        {
            "cardinality": "HAS_MANY",
            "name": "PurchaseDocumentLines",
            "namespace": "custom",
            "target": {
                "mapped_by": null,
                "mapped_by_namespace": null,
                "object_ref": {
                    "name": "PurchaseDocumentLine",
                    "namespace": "custom"
                }
            }
        }
    ],
    "tags": [
        "Procurement",
        "InventoryManagement"
    ]
}