{
    "categories": [
        {
            "metadata": {
                "name": "hierarchy",
                "namespace": "custom"
            },
            "values": [
                {
                    "name": "child",
                    "namespace": "custom"
                }
            ]
        },
        {
            "metadata": {
                "name": "Processes",
                "namespace": "celonis"
            },
            "values": [
                {
                    "name": "Procurement",
                    "namespace": "celonis"
                }
            ]
        }
    ],
    "change_date": 1760437127980.0,
    "changed_by": {
        "id": "2202cbc9-7251-4630-bfb2-36812e688613",
        "name": "l.pigozzi",
        "type_": "USER"
    },
    "color": "#4608B3",
    "created_by": {
        "id": "2202cbc9-7251-4630-bfb2-36812e688613",
        "name": "l.pigozzi",
        "type_": "USER"
    },
    "creation_date": 1749630702503.0,
    "description": "A specific type of Purchasing Document that refers only to Standard Purchase Orders which represents a one-time procurement action with defined items, quantities, and delivery conditions.",
    "fields": [
        {
            "data_type": "CT_BOOLEAN",
            "name": "IsCanceled",
            "namespace": "custom"
        },
        {
            "data_type": "CT_UTF8_STRING",
            "name": "SourceSystemInstance",
            "namespace": "custom"
        },
        {
            "data_type": "CT_UTF8_STRING",
            "name": "PurchaseOrganizationName",
            "namespace": "custom"
        },
        {
            "data_type": "CT_UTF8_STRING",
            "name": "PurchaseOrganization",
            "namespace": "custom"
        },
        {
            "data_type": "CT_UTF8_STRING",
            "name": "CreationExecutionType",
            "namespace": "custom"
        },
        {
            "data_type": "CT_UTF8_STRING",
            "name": "PurchaseDocumentNumber",
            "namespace": "custom"
        },
        {
            "data_type": "CT_UTF8_STRING",
            "name": "DocumentTypeText",
            "namespace": "custom"
        },
        {
            "data_type": "CT_UTF8_STRING",
            "name": "DocumentType",
            "namespace": "custom"
        },
        {
            "data_type": "CT_UTF8_STRING",
            "name": "DocumentCategory",
            "namespace": "custom"
        },
        {
            "data_type": "CT_UTF8_STRING",
            "name": "PaymentTerms",
            "namespace": "custom"
        },
        {
            "data_type": "CT_UTF8_STRING",
            "name": "Currency",
            "namespace": "custom"
        },
        {
            "data_type": "CT_INSTANT",
            "name": "CreationTime",
            "namespace": "custom"
        },
        {
            "data_type": "CT_UTF8_STRING",
            "name": "ID",
            "namespace": "custom"
        }
    ],
    "id": "888dd244-c1d1-4000-aff3-241ee56fea11",
    "managed": true,
    "multi_link": true,
    "name": "PurchaseOrder",
    "namespace": "custom",
    "relationships": [
        {
            "cardinality": "HAS_ONE",
            "name": "CreatedBy",
            "namespace": "custom",
            "target": {
                "mapped_by": null,
                "mapped_by_namespace": null,
                "object_ref": {
                    "name": "User",
                    "namespace": "custom"
                }
            }
        },
        {
            "cardinality": "HAS_ONE",
            "name": "Vendor",
            "namespace": "custom",
            "target": {
                "mapped_by": null,
                "mapped_by_namespace": null,
                "object_ref": {
                    "name": "Vendor",
                    "namespace": "custom"
                }
            }
        },
        {
            "cardinality": "HAS_MANY",
            "name": "PurchaseOrderLine",
            "namespace": "custom",
            "target": {
                "mapped_by": "Header",
                "mapped_by_namespace": "custom",
                "object_ref": {
                    "name": "PurchaseOrderLine",
                    "namespace": "custom"
                }
            }
        }
    ],
    "tags": [
        "Procurement"
    ]
}