{
    "categories": [
        {
            "metadata": {
                "name": "Processes",
                "namespace": "celonis"
            },
            "values": [
                {
                    "name": "AccountsPayable",
                    "namespace": "celonis"
                },
                {
                    "name": "Procurement",
                    "namespace": "celonis"
                }
            ]
        }
    ],
    "change_date": 1764139669449.0,
    "changed_by": {
        "id": "af10323b-7030-4dbe-af1b-cbf71f532c06",
        "name": "l.lutz",
        "type_": "USER"
    },
    "color": "#4608B3",
    "created_by": {
        "id": "2202cbc9-7251-4630-bfb2-36812e688613",
        "name": "l.pigozzi",
        "type_": "USER"
    },
    "creation_date": 1749630700866.0,
    "description": "Represents a recorded financial obligation to a vendor derived from a posted Vendor Document (invoices and credit memos) that includes specific attributes related to its payment schedule, such as due date and discount terms.",
    "fields": [
        {
            "data_type": "CT_UTF8_STRING",
            "name": "ItemNumber",
            "namespace": "custom"
        },
        {
            "data_type": "CT_UTF8_STRING",
            "name": "BusinessUnit",
            "namespace": "custom"
        },
        {
            "data_type": "CT_INSTANT",
            "name": "ClearingDate",
            "namespace": "custom"
        },
        {
            "data_type": "CT_DOUBLE",
            "name": "CashDiscountTakenAmount",
            "namespace": "custom"
        },
        {
            "data_type": "CT_UTF8_STRING",
            "name": "SourceSystemInstance",
            "namespace": "custom"
        },
        {
            "data_type": "CT_BOOLEAN",
            "name": "IsPurchaseDocumentRelated",
            "namespace": "custom"
        },
        {
            "data_type": "CT_LONG",
            "name": "FiscalYear",
            "namespace": "custom"
        },
        {
            "data_type": "CT_BOOLEAN",
            "name": "IsReversed",
            "namespace": "custom"
        },
        {
            "data_type": "CT_UTF8_STRING",
            "name": "DebitCreditIndicator",
            "namespace": "custom"
        },
        {
            "data_type": "CT_INSTANT",
            "name": "NetDueDate",
            "namespace": "custom"
        },
        {
            "data_type": "CT_UTF8_STRING",
            "name": "PaymentTerms",
            "namespace": "custom"
        },
        {
            "data_type": "CT_DOUBLE",
            "name": "CashDiscountEligibleAmount2",
            "namespace": "custom"
        },
        {
            "data_type": "CT_DOUBLE",
            "name": "CashDiscountEligibleAmount1",
            "namespace": "custom"
        },
        {
            "data_type": "CT_INSTANT",
            "name": "CreationTime",
            "namespace": "custom"
        },
        {
            "data_type": "CT_INSTANT",
            "name": "ReceiptDate",
            "namespace": "custom"
        },
        {
            "data_type": "CT_BOOLEAN",
            "name": "IsBlockedForPayment",
            "namespace": "custom"
        },
        {
            "data_type": "CT_UTF8_STRING",
            "name": "DocumentCategory",
            "namespace": "custom"
        },
        {
            "data_type": "CT_UTF8_STRING",
            "name": "Reference",
            "namespace": "custom"
        },
        {
            "data_type": "CT_INSTANT",
            "name": "DocumentDate",
            "namespace": "custom"
        },
        {
            "data_type": "CT_INSTANT",
            "name": "BaselineDate",
            "namespace": "custom"
        },
        {
            "data_type": "CT_INSTANT",
            "name": "CashDiscountDueDate2",
            "namespace": "custom"
        },
        {
            "data_type": "CT_INSTANT",
            "name": "CashDiscountDueDate1",
            "namespace": "custom"
        },
        {
            "data_type": "CT_UTF8_STRING",
            "name": "PaymentMethodCode",
            "namespace": "custom"
        },
        {
            "data_type": "CT_DOUBLE",
            "name": "Amount",
            "namespace": "custom"
        },
        {
            "data_type": "CT_UTF8_STRING",
            "name": "Currency",
            "namespace": "custom"
        },
        {
            "data_type": "CT_UTF8_STRING",
            "name": "CreationExecutionType",
            "namespace": "custom"
        },
        {
            "data_type": "CT_UTF8_STRING",
            "name": "ID",
            "namespace": "custom"
        }
    ],
    "id": "e548a32c-ba78-4106-9a87-b382ead66e3c",
    "managed": true,
    "multi_link": false,
    "name": "PayableItem",
    "namespace": "custom",
    "relationships": [
        {
            "cardinality": "HAS_ONE",
            "name": "CreatedBy",
            "namespace": "custom",
            "target": {
                "mapped_by": null,
                "mapped_by_namespace": null,
                "object_ref": {
                    "name": "User",
                    "namespace": "custom"
                }
            }
        },
        {
            "cardinality": "HAS_ONE",
            "name": "Vendor",
            "namespace": "custom",
            "target": {
                "mapped_by": null,
                "mapped_by_namespace": null,
                "object_ref": {
                    "name": "Vendor",
                    "namespace": "custom"
                }
            }
        },
        {
            "cardinality": "HAS_ONE",
            "name": "VendorInvoice",
            "namespace": "custom",
            "target": {
                "mapped_by": null,
                "mapped_by_namespace": null,
                "object_ref": {
                    "name": "VendorInvoice",
                    "namespace": "custom"
                }
            }
        },
        {
            "cardinality": "HAS_MANY",
            "name": "VendorAccountItem",
            "namespace": "custom",
            "target": {
                "mapped_by": "PayableItem",
                "mapped_by_namespace": "custom",
                "object_ref": {
                    "name": "VendorAccountItem",
                    "namespace": "custom"
                }
            }
        }
    ],
    "tags": [
        "Procurement",
        "AccountsPayable"
    ]
}