{
    "categories": [
        {
            "metadata": {
                "name": "Processes",
                "namespace": "celonis"
            },
            "values": [
                {
                    "name": "InventoryManagement",
                    "namespace": "celonis"
                }
            ]
        }
    ],
    "change_date": 1749822064372.0,
    "changed_by": {
        "id": "ae9989fc-2640-4ab1-9754-cb31999ce77e",
        "name": "j.rosenbauer",
        "type_": "USER"
    },
    "color": "#4608B3",
    "created_by": {
        "id": "2202cbc9-7251-4630-bfb2-36812e688613",
        "name": "l.pigozzi",
        "type_": "USER"
    },
    "creation_date": 1749630700389.0,
    "description": "MaterialRequirement",
    "fields": [
        {
            "data_type": "CT_UTF8_STRING",
            "name": "SourceSystemInstance",
            "namespace": "custom"
        },
        {
            "data_type": "CT_UTF8_STRING",
            "name": "QuantityUnit",
            "namespace": "custom"
        },
        {
            "data_type": "CT_DOUBLE",
            "name": "PlannedQuantity",
            "namespace": "custom"
        },
        {
            "data_type": "CT_UTF8_STRING",
            "name": "MaterialRequirementNumber",
            "namespace": "custom"
        },
        {
            "data_type": "CT_UTF8_STRING",
            "name": "DemandType",
            "namespace": "custom"
        },
        {
            "data_type": "CT_INSTANT",
            "name": "DeliveryDate",
            "namespace": "custom"
        },
        {
            "data_type": "CT_UTF8_STRING",
            "name": "ID",
            "namespace": "custom"
        }
    ],
    "id": "41d86074-45be-4317-a07a-e517eebecfa9",
    "managed": true,
    "multi_link": false,
    "name": "MaterialRequirement",
    "namespace": "custom",
    "relationships": [
        {
            "cardinality": "HAS_ONE",
            "name": "MaterialMasterPlant",
            "namespace": "custom",
            "target": {
                "mapped_by": null,
                "mapped_by_namespace": null,
                "object_ref": {
                    "name": "MaterialMasterPlant",
                    "namespace": "custom"
                }
            }
        }
    ],
    "tags": [
        "InventoryManagement"
    ]
}