{
    "categories": [
        {
            "metadata": {
                "name": "Processes",
                "namespace": "celonis"
            },
            "values": [
                {
                    "name": "AccountsPayable",
                    "namespace": "celonis"
                },
                {
                    "name": "Procurement",
                    "namespace": "celonis"
                }
            ]
        }
    ],
    "change_date": 1766165849091.0,
    "changed_by": {
        "id": "18f1c3ed-024c-44fb-9163-4a9768c7844f",
        "name": "Gokul",
        "type_": "USER"
    },
    "color": "#4608B3",
    "created_by": {
        "id": "2202cbc9-7251-4630-bfb2-36812e688613",
        "name": "l.pigozzi",
        "type_": "USER"
    },
    "creation_date": 1749630705956.0,
    "description": "Represents the source document received from a vendor that initiates a financial transaction within accounts payable. This includes invoices detailing charges for goods or services and credit memos indicating adjustments or refunds. ",
    "fields": [
        {
            "data_type": "CT_UTF8_STRING",
            "name": "InvoiceCategory",
            "namespace": "custom"
        },
        {
            "data_type": "CT_INSTANT",
            "name": "InvoiceDate",
            "namespace": "custom"
        },
        {
            "data_type": "CT_UTF8_STRING",
            "name": "BusinessUnit",
            "namespace": "custom"
        },
        {
            "data_type": "CT_UTF8_STRING",
            "name": "SourceSystemInstance",
            "namespace": "custom"
        },
        {
            "data_type": "CT_UTF8_STRING",
            "name": "PaymentTerms",
            "namespace": "custom"
        },
        {
            "data_type": "CT_UTF8_STRING",
            "name": "CreationExecutionType",
            "namespace": "custom"
        },
        {
            "data_type": "CT_INSTANT",
            "name": "ReceiptDate",
            "namespace": "custom"
        },
        {
            "data_type": "CT_DOUBLE",
            "name": "CashDiscountMaximumEligibleAmount",
            "namespace": "custom"
        },
        {
            "data_type": "CT_UTF8_STRING",
            "name": "PaymentMethodCode",
            "namespace": "custom"
        },
        {
            "data_type": "CT_UTF8_STRING",
            "name": "Description",
            "namespace": "custom"
        },
        {
            "data_type": "CT_UTF8_STRING",
            "name": "Currency",
            "namespace": "custom"
        },
        {
            "data_type": "CT_DOUBLE",
            "name": "Amount",
            "namespace": "custom"
        },
        {
            "data_type": "CT_UTF8_STRING",
            "name": "Reference",
            "namespace": "custom"
        },
        {
            "data_type": "CT_INSTANT",
            "name": "BaselineDate",
            "namespace": "custom"
        },
        {
            "data_type": "CT_INSTANT",
            "name": "CreationTime",
            "namespace": "custom"
        },
        {
            "data_type": "CT_UTF8_STRING",
            "name": "ID",
            "namespace": "custom"
        }
    ],
    "id": "97c276df-257d-446a-a933-da3cd96815fb",
    "managed": true,
    "multi_link": false,
    "name": "VendorInvoice",
    "namespace": "custom",
    "relationships": [
        {
            "cardinality": "HAS_ONE",
            "name": "User",
            "namespace": "custom",
            "target": {
                "mapped_by": null,
                "mapped_by_namespace": null,
                "object_ref": {
                    "name": "User",
                    "namespace": "custom"
                }
            }
        },
        {
            "cardinality": "HAS_ONE",
            "name": "Vendor",
            "namespace": "custom",
            "target": {
                "mapped_by": null,
                "mapped_by_namespace": null,
                "object_ref": {
                    "name": "Vendor",
                    "namespace": "custom"
                }
            }
        },
        {
            "cardinality": "HAS_MANY",
            "name": "PayableItem",
            "namespace": "custom",
            "target": {
                "mapped_by": "VendorInvoice",
                "mapped_by_namespace": "custom",
                "object_ref": {
                    "name": "PayableItem",
                    "namespace": "custom"
                }
            }
        },
        {
            "cardinality": "HAS_MANY",
            "name": "VendorInvoiceLine",
            "namespace": "custom",
            "target": {
                "mapped_by": "VendorInvoice",
                "mapped_by_namespace": "custom",
                "object_ref": {
                    "name": "VendorInvoiceLine",
                    "namespace": "custom"
                }
            }
        }
    ],
    "tags": [
        "Procurement",
        "AccountsPayable"
    ]
}