{
    "categories": [
        {
            "metadata": {
                "name": "hierarchy",
                "namespace": "custom"
            },
            "values": [
                {
                    "name": "child",
                    "namespace": "custom"
                }
            ]
        },
        {
            "metadata": {
                "name": "Processes",
                "namespace": "celonis"
            },
            "values": [
                {
                    "name": "InventoryManagement",
                    "namespace": "celonis"
                },
                {
                    "name": "OrderManagement",
                    "namespace": "celonis"
                },
                {
                    "name": "AccountsReceivable",
                    "namespace": "celonis"
                }
            ]
        }
    ],
    "change_date": 1763743481555.0,
    "changed_by": {
        "id": "2202cbc9-7251-4630-bfb2-36812e688613",
        "name": "l.pigozzi",
        "type_": "USER"
    },
    "color": "#4608B3",
    "created_by": {
        "id": "bdec2b77-569a-4c86-86a1-73c0f6bbb6c4",
        "name": "Andi",
        "type_": "USER"
    },
    "creation_date": 1750073071333.0,
    "description": "A document recording a goods issue movement or transaction.",
    "fields": [
        {
            "data_type": "CT_UTF8_STRING",
            "name": "MovementDirection",
            "namespace": "custom"
        },
        {
            "data_type": "CT_DOUBLE",
            "name": "Amount",
            "namespace": "custom"
        },
        {
            "data_type": "CT_UTF8_STRING",
            "name": "Currency",
            "namespace": "custom"
        },
        {
            "data_type": "CT_UTF8_STRING",
            "name": "SourceSystemInstance",
            "namespace": "custom"
        },
        {
            "data_type": "CT_UTF8_STRING",
            "name": "MaterialMovementNumber",
            "namespace": "custom"
        },
        {
            "data_type": "CT_UTF8_STRING",
            "name": "StorageLocation",
            "namespace": "custom"
        },
        {
            "data_type": "CT_UTF8_STRING",
            "name": "MovementQuantityUnit",
            "namespace": "custom"
        },
        {
            "data_type": "CT_DOUBLE",
            "name": "MovementQuantity",
            "namespace": "custom"
        },
        {
            "data_type": "CT_UTF8_STRING",
            "name": "MaterialTransactionType",
            "namespace": "custom"
        },
        {
            "data_type": "CT_INSTANT",
            "name": "CreationTime",
            "namespace": "custom"
        },
        {
            "data_type": "CT_UTF8_STRING",
            "name": "ID",
            "namespace": "custom"
        }
    ],
    "id": "990bf697-1e71-49b3-9781-d06b72e1f723",
    "managed": true,
    "multi_link": true,
    "name": "GoodsIssue",
    "namespace": "custom",
    "relationships": [
        {
            "cardinality": "HAS_ONE",
            "name": "MaterialMasterPlant",
            "namespace": "custom",
            "target": {
                "mapped_by": null,
                "mapped_by_namespace": null,
                "object_ref": {
                    "name": "MaterialMasterPlant",
                    "namespace": "custom"
                }
            }
        },
        {
            "cardinality": "HAS_ONE",
            "name": "CreatedBy",
            "namespace": "custom",
            "target": {
                "mapped_by": null,
                "mapped_by_namespace": null,
                "object_ref": {
                    "name": "User",
                    "namespace": "custom"
                }
            }
        },
        {
            "cardinality": "HAS_MANY",
            "name": "RelationshipOrderToInvoice",
            "namespace": "custom",
            "target": {
                "mapped_by": "GoodsIssue",
                "mapped_by_namespace": "custom",
                "object_ref": {
                    "name": "RelationshipOrderToInvoice",
                    "namespace": "custom"
                }
            }
        },
        {
            "cardinality": "HAS_ONE",
            "name": "DeliveryLine",
            "namespace": "custom",
            "target": {
                "mapped_by": null,
                "mapped_by_namespace": null,
                "object_ref": {
                    "name": "DeliveryLine",
                    "namespace": "custom"
                }
            }
        },
        {
            "cardinality": "HAS_MANY",
            "name": "SalesOrderScheduleLine",
            "namespace": "custom",
            "target": {
                "mapped_by": "GoodsIssue",
                "mapped_by_namespace": "custom",
                "object_ref": {
                    "name": "SalesOrderScheduleLine",
                    "namespace": "custom"
                }
            }
        }
    ],
    "tags": [
        "AccountsReceivable",
        "InventoryManagement",
        "OrderManagement"
    ]
}