{
    "categories": [
        {
            "metadata": {
                "name": "Processes",
                "namespace": "celonis"
            },
            "values": [
                {
                    "name": "AccountsReceivable",
                    "namespace": "celonis"
                }
            ]
        }
    ],
    "change_date": 1727172986758.0,
    "changed_by": {
        "id": "cccccccc-cccc-cccc-cccc-cccccccccccc",
        "name": "Celonis",
        "type_": "APPLICATION"
    },
    "created_by": {
        "id": "cccccccc-cccc-cccc-cccc-cccccccccccc",
        "name": "Celonis",
        "type_": "APPLICATION"
    },
    "creation_date": 1727172986758.0,
    "description": "This event covers when changes are made to a customer master credit management, such as changes made to credit limit.",
    "fields": [
        {
            "data_type": "CT_UTF8_STRING",
            "name": "ID",
            "namespace": "celonis"
        },
        {
            "data_type": "CT_INSTANT",
            "name": "Time",
            "namespace": "celonis"
        },
        {
            "data_type": "CT_UTF8_STRING",
            "name": "ExecutedBy",
            "namespace": "celonis"
        },
        {
            "data_type": "CT_UTF8_STRING",
            "name": "ExecutionType",
            "namespace": "celonis"
        },
        {
            "data_type": "CT_UTF8_STRING",
            "name": "OldValue",
            "namespace": "celonis"
        },
        {
            "data_type": "CT_UTF8_STRING",
            "name": "NewValue",
            "namespace": "celonis"
        }
    ],
    "id": "c5cf9487-7b38-4c0a-8b01-4f04297c222c",
    "name": "ChangeCustomerMasterCreditManagement",
    "namespace": "celonis",
    "relationships": [
        {
            "cardinality": "HAS_ONE",
            "name": "CustomerMasterCreditManagement",
            "namespace": "celonis",
            "target": {
                "mapped_by": null,
                "mapped_by_namespace": null,
                "object_ref": {
                    "name": "CustomerMasterCreditManagement",
                    "namespace": "celonis"
                }
            }
        }
    ],
    "tags": [
        "AccountsReceivable"
    ]
}