{
    "categories": [
        {
            "metadata": {
                "name": "Processes",
                "namespace": "celonis"
            },
            "values": [
                {
                    "name": "AccountsPayable",
                    "namespace": "celonis"
                }
            ]
        }
    ],
    "change_date": 1727172986717.0,
    "changed_by": {
        "id": "cccccccc-cccc-cccc-cccc-cccccccccccc",
        "name": "Celonis",
        "type_": "APPLICATION"
    },
    "created_by": {
        "id": "cccccccc-cccc-cccc-cccc-cccccccccccc",
        "name": "Celonis",
        "type_": "APPLICATION"
    },
    "creation_date": 1727172986717.0,
    "description": "This event indicates the cancellation of an invoice in the customer side books.",
    "fields": [
        {
            "data_type": "CT_UTF8_STRING",
            "name": "ID",
            "namespace": "celonis"
        },
        {
            "data_type": "CT_INSTANT",
            "name": "Time",
            "namespace": "celonis"
        },
        {
            "data_type": "CT_UTF8_STRING",
            "name": "ExecutedBy",
            "namespace": "celonis"
        },
        {
            "data_type": "CT_UTF8_STRING",
            "name": "ExecutionType",
            "namespace": "celonis"
        }
    ],
    "id": "b24be413-8148-47e6-9959-123e0518b6d3",
    "name": "CancelVendorAccountCreditItem",
    "namespace": "celonis",
    "relationships": [
        {
            "cardinality": "HAS_MANY",
            "name": "VendorAccountCreditItems",
            "namespace": "celonis",
            "target": {
                "mapped_by": null,
                "mapped_by_namespace": null,
                "object_ref": {
                    "name": "VendorAccountCreditItem",
                    "namespace": "celonis"
                }
            }
        },
        {
            "cardinality": "HAS_ONE",
            "name": "VendorAccountDebitItem",
            "namespace": "celonis",
            "target": {
                "mapped_by": null,
                "mapped_by_namespace": null,
                "object_ref": {
                    "name": "VendorAccountDebitItem",
                    "namespace": "celonis"
                }
            }
        }
    ],
    "tags": [
        "AccountsPayable"
    ]
}