{
    "categories": [],
    "change_date": 1736420940945.0,
    "changed_by": {
        "id": "2e501ed7-9bdf-4dd6-8328-d853f30e6a1b",
        "name": "c.demosthenous",
        "type_": "USER"
    },
    "created_by": {
        "id": "2e501ed7-9bdf-4dd6-8328-d853f30e6a1b",
        "name": "c.demosthenous",
        "type_": "USER"
    },
    "creation_date": 1736244733694.0,
    "description": "",
    "fields": [
        {
            "data_type": "CT_UTF8_STRING",
            "name": "Task",
            "namespace": "custom"
        },
        {
            "data_type": "CT_UTF8_STRING",
            "name": "TaskTitle",
            "namespace": "custom"
        },
        {
            "data_type": "CT_UTF8_STRING",
            "name": "ActivityText",
            "namespace": "custom"
        },
        {
            "data_type": "CT_UTF8_STRING",
            "name": "ID",
            "namespace": "custom"
        },
        {
            "data_type": "CT_INSTANT",
            "name": "Time",
            "namespace": "custom"
        }
    ],
    "id": "8852d387-4abe-4843-ab61-4f6c3f925f63",
    "name": "BeginTaskSourcingRequest",
    "namespace": "custom",
    "relationships": [
        {
            "cardinality": "HAS_ONE",
            "name": "SourcingRequest",
            "namespace": "custom",
            "target": {
                "mapped_by": null,
                "mapped_by_namespace": null,
                "object_ref": {
                    "name": "SourcingRequest",
                    "namespace": "custom"
                }
            }
        }
    ],
    "tags": []
}