{
    "categories": [
        {
            "metadata": {
                "name": "Processes",
                "namespace": "celonis"
            },
            "values": [
                {
                    "name": "Procurement",
                    "namespace": "celonis"
                }
            ]
        }
    ],
    "change_date": 1727172987084.0,
    "changed_by": {
        "id": "cccccccc-cccc-cccc-cccc-cccccccccccc",
        "name": "Celonis",
        "type_": "APPLICATION"
    },
    "created_by": {
        "id": "cccccccc-cccc-cccc-cccc-cccccccccccc",
        "name": "Celonis",
        "type_": "APPLICATION"
    },
    "creation_date": 1727172987084.0,
    "description": "This event signals when a purchase order schedule line document is deleted.",
    "fields": [
        {
            "data_type": "CT_UTF8_STRING",
            "name": "ID",
            "namespace": "celonis"
        },
        {
            "data_type": "CT_INSTANT",
            "name": "Time",
            "namespace": "celonis"
        },
        {
            "data_type": "CT_UTF8_STRING",
            "name": "ExecutedBy",
            "namespace": "celonis"
        },
        {
            "data_type": "CT_UTF8_STRING",
            "name": "ExecutionType",
            "namespace": "celonis"
        }
    ],
    "id": "81e1ceb5-d53b-455c-a97d-719c259a9363",
    "name": "DeletePurchaseOrderScheduleLine",
    "namespace": "celonis",
    "relationships": [
        {
            "cardinality": "HAS_ONE",
            "name": "PurchaseOrderScheduleLine",
            "namespace": "celonis",
            "target": {
                "mapped_by": null,
                "mapped_by_namespace": null,
                "object_ref": {
                    "name": "PurchaseOrderScheduleLine",
                    "namespace": "celonis"
                }
            }
        }
    ],
    "tags": [
        "Procurement"
    ]
}