{
    "categories": [
        {
            "metadata": {
                "name": "Processes",
                "namespace": "celonis"
            },
            "values": [
                {
                    "name": "AccountsPayable",
                    "namespace": "celonis"
                }
            ]
        }
    ],
    "change_date": 1750751176613.0,
    "changed_by": {
        "id": "8b0fa45b-28fe-4314-bf39-c9e18042a5f4",
        "name": "Johannes Muhr",
        "type_": "USER"
    },
    "created_by": {
        "id": "2202cbc9-7251-4630-bfb2-36812e688613",
        "name": "l.pigozzi",
        "type_": "USER"
    },
    "creation_date": 1749630742311.0,
    "description": "Represents the time in the process until a posted vendor document (invoice or credit memo)  is applicable for discount.",
    "fields": [
        {
            "data_type": "CT_LONG",
            "name": "DiscountTermOrder",
            "namespace": "custom"
        },
        {
            "data_type": "CT_DOUBLE",
            "name": "EligibleDiscountAmount",
            "namespace": "custom"
        },
        {
            "data_type": "CT_UTF8_STRING",
            "name": "ID",
            "namespace": "custom"
        },
        {
            "data_type": "CT_INSTANT",
            "name": "Time",
            "namespace": "custom"
        }
    ],
    "id": "e31c9a52-8c21-4f10-b89d-a0dcc23969a6",
    "name": "PayableItemCashDiscountDueDate",
    "namespace": "custom",
    "relationships": [
        {
            "cardinality": "HAS_ONE",
            "name": "PayableItem",
            "namespace": "custom",
            "target": {
                "mapped_by": null,
                "mapped_by_namespace": null,
                "object_ref": {
                    "name": "PayableItem",
                    "namespace": "custom"
                }
            }
        }
    ],
    "tags": [
        "AccountsPayable"
    ]
}