{
    "categories": [
        {
            "metadata": {
                "name": "Processes",
                "namespace": "celonis"
            },
            "values": [
                {
                    "name": "InventoryManagement",
                    "namespace": "celonis"
                }
            ]
        }
    ],
    "change_date": 1758870286098.0,
    "changed_by": {
        "id": "ae9989fc-2640-4ab1-9754-cb31999ce77e",
        "name": "j.rosenbauer",
        "type_": "USER"
    },
    "created_by": {
        "id": "ae9989fc-2640-4ab1-9754-cb31999ce77e",
        "name": "j.rosenbauer",
        "type_": "USER"
    },
    "creation_date": 1749823950892.0,
    "description": "StartProduction",
    "fields": [
        {
            "data_type": "CT_UTF8_STRING",
            "name": "ID",
            "namespace": "custom"
        },
        {
            "data_type": "CT_INSTANT",
            "name": "Time",
            "namespace": "custom"
        }
    ],
    "id": "d0b2679d-42a1-4e45-b0da-574bcf40907e",
    "name": "StartProduction",
    "namespace": "custom",
    "relationships": [
        {
            "cardinality": "HAS_ONE",
            "name": "ProductionOrder",
            "namespace": "custom",
            "target": {
                "mapped_by": null,
                "mapped_by_namespace": null,
                "object_ref": {
                    "name": "ProductionOrder",
                    "namespace": "custom"
                }
            }
        }
    ],
    "tags": [
        "InventoryManagement"
    ]
}