{
    "categories": [
        {
            "metadata": {
                "name": "Processes",
                "namespace": "celonis"
            },
            "values": [
                {
                    "name": "AccountsReceivable",
                    "namespace": "celonis"
                }
            ]
        }
    ],
    "change_date": 1760347540750.0,
    "changed_by": {
        "id": "2202cbc9-7251-4630-bfb2-36812e688613",
        "name": "l.pigozzi",
        "type_": "USER"
    },
    "created_by": {
        "id": "2202cbc9-7251-4630-bfb2-36812e688613",
        "name": "l.pigozzi",
        "type_": "USER"
    },
    "creation_date": 1749630744279.0,
    "description": "Represents the event in the process when a Customer document (invoice or credit memo) is formally posted/accounted in the system.",
    "fields": [
        {
            "data_type": "CT_UTF8_STRING",
            "name": "DocumentCategory",
            "namespace": "custom"
        },
        {
            "data_type": "CT_UTF8_STRING",
            "name": "ExecutionType",
            "namespace": "custom"
        },
        {
            "data_type": "CT_UTF8_STRING",
            "name": "ExecutedBy",
            "namespace": "custom"
        },
        {
            "data_type": "CT_UTF8_STRING",
            "name": "ID",
            "namespace": "custom"
        },
        {
            "data_type": "CT_INSTANT",
            "name": "Time",
            "namespace": "custom"
        }
    ],
    "id": "e0653266-e4dc-46f3-84f3-64834d1abdef",
    "name": "PostReceivableItem",
    "namespace": "custom",
    "relationships": [
        {
            "cardinality": "HAS_ONE",
            "name": "ReceivableItem",
            "namespace": "custom",
            "target": {
                "mapped_by": null,
                "mapped_by_namespace": null,
                "object_ref": {
                    "name": "ReceivableItem",
                    "namespace": "custom"
                }
            }
        },
        {
            "cardinality": "HAS_ONE",
            "name": "CustomerInvoice",
            "namespace": "custom",
            "target": {
                "mapped_by": null,
                "mapped_by_namespace": null,
                "object_ref": {
                    "name": "CustomerInvoice",
                    "namespace": "custom"
                }
            }
        }
    ],
    "tags": [
        "AccountsReceivable"
    ]
}