{
    "categories": [
        {
            "metadata": {
                "name": "Processes",
                "namespace": "celonis"
            },
            "values": [
                {
                    "name": "Procurement",
                    "namespace": "celonis"
                }
            ]
        }
    ],
    "change_date": 1758205309937.0,
    "changed_by": {
        "id": "83864e97-dd17-42f7-92e4-2c1d1b9c029d",
        "name": "Hema priya Sudhakar",
        "type_": "USER"
    },
    "created_by": {
        "id": "4622cbb7-ba9b-4f8d-9415-2b9ef8a9db64",
        "name": "Rahul Bhat TR",
        "type_": "USER"
    },
    "creation_date": 1749713704722.0,
    "description": "Represents the events in the process when a Purchase Document is approved in the system",
    "fields": [
        {
            "data_type": "CT_UTF8_STRING",
            "name": "DocumentCategory",
            "namespace": "custom"
        },
        {
            "data_type": "CT_UTF8_STRING",
            "name": "Level",
            "namespace": "custom"
        },
        {
            "data_type": "CT_UTF8_STRING",
            "name": "ExecutedBy",
            "namespace": "custom"
        },
        {
            "data_type": "CT_UTF8_STRING",
            "name": "ExecutionType",
            "namespace": "custom"
        },
        {
            "data_type": "CT_UTF8_STRING",
            "name": "ID",
            "namespace": "custom"
        },
        {
            "data_type": "CT_INSTANT",
            "name": "Time",
            "namespace": "custom"
        }
    ],
    "id": "473d37a8-2669-445e-a553-7477ffaf75da",
    "name": "ApprovePurchaseDocument",
    "namespace": "custom",
    "relationships": [
        {
            "cardinality": "HAS_ONE",
            "name": "PurchaseDocument",
            "namespace": "custom",
            "target": {
                "mapped_by": null,
                "mapped_by_namespace": null,
                "object_ref": {
                    "name": "PurchaseDocument",
                    "namespace": "custom"
                }
            }
        },
        {
            "cardinality": "HAS_ONE",
            "name": "PurchaseOrder",
            "namespace": "custom",
            "target": {
                "mapped_by": null,
                "mapped_by_namespace": null,
                "object_ref": {
                    "name": "PurchaseOrder",
                    "namespace": "custom"
                }
            }
        }
    ],
    "tags": [
        "Procurement"
    ]
}