{
    "categories": [
        {
            "metadata": {
                "name": "Processes",
                "namespace": "celonis"
            },
            "values": [
                {
                    "name": "OrderManagement",
                    "namespace": "celonis"
                }
            ]
        }
    ],
    "change_date": 1760107948037.0,
    "changed_by": {
        "id": "2202cbc9-7251-4630-bfb2-36812e688613",
        "name": "l.pigozzi",
        "type_": "USER"
    },
    "created_by": {
        "id": "4d82ae0d-2047-4c83-ac8c-e2da04a3b5a0",
        "name": "Brave Gujral",
        "type_": "USER"
    },
    "creation_date": 1750061921966.0,
    "description": "ChangeSalesOrderLine",
    "fields": [
        {
            "data_type": "CT_UTF8_STRING",
            "name": "NewValue",
            "namespace": "custom"
        },
        {
            "data_type": "CT_UTF8_STRING",
            "name": "OldValue",
            "namespace": "custom"
        },
        {
            "data_type": "CT_UTF8_STRING",
            "name": "ExecutionType",
            "namespace": "custom"
        },
        {
            "data_type": "CT_UTF8_STRING",
            "name": "ChangedAttribute",
            "namespace": "custom"
        },
        {
            "data_type": "CT_UTF8_STRING",
            "name": "ExecutedBy",
            "namespace": "custom"
        },
        {
            "data_type": "CT_UTF8_STRING",
            "name": "ID",
            "namespace": "custom"
        },
        {
            "data_type": "CT_INSTANT",
            "name": "Time",
            "namespace": "custom"
        }
    ],
    "id": "de3ca06f-68ea-4c6e-89f4-146790c3dc2e",
    "name": "ChangeSalesOrderScheduleLine",
    "namespace": "custom",
    "relationships": [
        {
            "cardinality": "HAS_MANY",
            "name": "SalesOrderScheduleLine",
            "namespace": "custom",
            "target": {
                "mapped_by": null,
                "mapped_by_namespace": null,
                "object_ref": {
                    "name": "SalesOrderScheduleLine",
                    "namespace": "custom"
                }
            }
        }
    ],
    "tags": [
        "OrderManagement"
    ]
}