{
    "categories": [
        {
            "metadata": {
                "name": "Processes",
                "namespace": "celonis"
            },
            "values": [
                {
                    "name": "Procurement",
                    "namespace": "celonis"
                }
            ]
        }
    ],
    "change_date": 1760437400090.0,
    "changed_by": {
        "id": "2202cbc9-7251-4630-bfb2-36812e688613",
        "name": "l.pigozzi",
        "type_": "USER"
    },
    "created_by": {
        "id": "2202cbc9-7251-4630-bfb2-36812e688613",
        "name": "l.pigozzi",
        "type_": "USER"
    },
    "creation_date": 1749630735781.0,
    "description": "Represents the events in the process when selected values of the entered Purchase Order Schedule Lines are updated.",
    "fields": [
        {
            "data_type": "CT_UTF8_STRING",
            "name": "NewValue",
            "namespace": "custom"
        },
        {
            "data_type": "CT_UTF8_STRING",
            "name": "OldValue",
            "namespace": "custom"
        },
        {
            "data_type": "CT_UTF8_STRING",
            "name": "ChangedAttribute",
            "namespace": "custom"
        },
        {
            "data_type": "CT_UTF8_STRING",
            "name": "ExecutionType",
            "namespace": "custom"
        },
        {
            "data_type": "CT_UTF8_STRING",
            "name": "ExecutedBy",
            "namespace": "custom"
        },
        {
            "data_type": "CT_UTF8_STRING",
            "name": "ID",
            "namespace": "custom"
        },
        {
            "data_type": "CT_INSTANT",
            "name": "Time",
            "namespace": "custom"
        }
    ],
    "id": "e78741f9-f2f9-4dff-a741-16cf44051084",
    "name": "ChangePurchaseScheduleLine",
    "namespace": "custom",
    "relationships": [
        {
            "cardinality": "HAS_ONE",
            "name": "PurchaseScheduleLine",
            "namespace": "custom",
            "target": {
                "mapped_by": null,
                "mapped_by_namespace": null,
                "object_ref": {
                    "name": "PurchaseScheduleLine",
                    "namespace": "custom"
                }
            }
        },
        {
            "cardinality": "HAS_ONE",
            "name": "PurchaseDocumentLine",
            "namespace": "custom",
            "target": {
                "mapped_by": null,
                "mapped_by_namespace": null,
                "object_ref": {
                    "name": "PurchaseDocumentLine",
                    "namespace": "custom"
                }
            }
        },
        {
            "cardinality": "HAS_ONE",
            "name": "PurchaseOrderLine",
            "namespace": "custom",
            "target": {
                "mapped_by": null,
                "mapped_by_namespace": null,
                "object_ref": {
                    "name": "PurchaseOrderLine",
                    "namespace": "custom"
                }
            }
        }
    ],
    "tags": [
        "Procurement"
    ]
}