{
    "categories": [
        {
            "metadata": {
                "name": "Processes",
                "namespace": "celonis"
            },
            "values": [
                {
                    "name": "AccountsReceivable",
                    "namespace": "celonis"
                }
            ]
        }
    ],
    "change_date": 1749630744576.0,
    "changed_by": {
        "id": "2202cbc9-7251-4630-bfb2-36812e688613",
        "name": "l.pigozzi",
        "type_": "USER"
    },
    "created_by": {
        "id": "2202cbc9-7251-4630-bfb2-36812e688613",
        "name": "l.pigozzi",
        "type_": "USER"
    },
    "creation_date": 1749630744576.0,
    "description": "Represents the time in the process until a posted customer document (invoice or credit memo)  is applicable for discount.",
    "fields": [
        {
            "data_type": "CT_LONG",
            "name": "DiscountTermOrder",
            "namespace": "custom"
        },
        {
            "data_type": "CT_DOUBLE",
            "name": "CashDiscountPercentage",
            "namespace": "custom"
        },
        {
            "data_type": "CT_UTF8_STRING",
            "name": "ID",
            "namespace": "custom"
        },
        {
            "data_type": "CT_INSTANT",
            "name": "Time",
            "namespace": "custom"
        }
    ],
    "id": "ae722981-db67-418f-bd53-b39852249c3d",
    "name": "ReceivableItemCashDiscountDueDate",
    "namespace": "custom",
    "relationships": [
        {
            "cardinality": "HAS_ONE",
            "name": "ReceivableItem",
            "namespace": "custom",
            "target": {
                "mapped_by": null,
                "mapped_by_namespace": null,
                "object_ref": {
                    "name": "ReceivableItem",
                    "namespace": "custom"
                }
            }
        }
    ],
    "tags": [
        "AccountsReceivable"
    ]
}