[
    {
        "change_date": 1737036904859.0,
        "changed_by": {
            "id": "2e501ed7-9bdf-4dd6-8328-d853f30e6a1b",
            "name": "c.demosthenous",
            "type_": "USER"
        },
        "created_by": {
            "id": "2e501ed7-9bdf-4dd6-8328-d853f30e6a1b",
            "name": "c.demosthenous",
            "type_": "USER"
        },
        "creation_date": 1736247006564.0,
        "data_connection_id": "ad7bbed7-c036-4eb3-8f14-4924d1759a4b",
        "description": "",
        "disabled": null,
        "display_name": "OperationalContractLineItem transformation - 1000 - RAW test data sets_32 - Ariba Procurement - 1",
        "draft": null,
        "factory_id": "89c37069-ac0e-43cd-9e65-264adf845733",
        "factory_validation_status": "VALID",
        "has_user_template": null,
        "local_parameters": [],
        "namespace": "custom",
        "target": {
            "entity_ref": {
                "name": "OperationalContractLineItem",
                "namespace": "custom"
            },
            "kind": "OBJECT"
        },
        "transformations": [
            {
                "change_sql_factory_datasets": [],
                "foreign_key_names": [
                    "OperationalContract"
                ],
                "namespace": "custom",
                "property_names": [
                    "AccountCategory",
                    "AccountCategoryUniqueName",
                    "AccountingsType",
                    "AccountingsTypeUniqueName",
                    "AllowSupplierToEditPrice",
                    "AllowUsersToEditUnitPrice",
                    "Amount",
                    "AmountAmount",
                    "AmountAmountInReportingCurrency",
                    "AmountApproxAmountInBaseCurrency",
                    "AmountConversionDate",
                    "AmountCurrencyUniqueName",
                    "ApplyToPunchOut",
                    "ApplyToSourcedItems",
                    "BasePrice",
                    "BasePriceAmount",
                    "BasePriceAmountInReportingCurrency",
                    "BasePriceApproxAmountInBaseCurrency",
                    "BasePriceConversionDate",
                    "BasePriceCurrencyUniqueName",
                    "BillingAddress",
                    "BillingAddressCity",
                    "BillingAddressCountryUniqueName",
                    "BillingAddressFax",
                    "BillingAddressLines",
                    "BillingAddressName",
                    "BillingAddressPhone",
                    "BillingAddressPostalCode",
                    "BillingAddressState",
                    "BillingAddressUniqueName",
                    "BoughtFromPreferredSupplier",
                    "CELONISCHANGEDATE",
                    "Carrier",
                    "CarrierMethod",
                    "CatalogItemRefSupplierPartAuxiliaryID",
                    "CatalogSubscription",
                    "CatalogSubscriptionName",
                    "ChargeAmount",
                    "ChargeAmountAmount",
                    "ChargeAmountAmountInReportingCurrency",
                    "ChargeAmountApproxAmountInBaseCurrency",
                    "ChargeAmountConversionDate",
                    "ChargeAmountCurrencyUniqueName",
                    "ChargeDetailANChargeDescription",
                    "ChargeDetailANChargeName",
                    "ChargeDetailChargeAmount",
                    "ChargeDetailChargeAmountAmount",
                    "ChargeDetailChargeAmountConversionDate",
                    "ChargeDetailChargeAmountCurrencyUniqueName",
                    "ChargeDetailChargeApproxAmountInBaseCurrency",
                    "ChargeDetailChargeType",
                    "ChargeDetailChargeTypeUniqueName",
                    "ChargeDetailChargetAmountInReportingCurrency",
                    "ChargeDetailTaxAmount",
                    "ChargeDetailTaxAmountAmount",
                    "ChargeDetailTaxAmountAmountInReportingCurrency",
                    "ChargeDetailTaxAmountApproxAmountInBaseCurrency",
                    "ChargeDetailTaxAmountConversionDate",
                    "ChargeDetailTaxAmountCurrencyUniqueName",
                    "ChargeDetailTaxCode",
                    "ChargeDetailTaxCodeUniqueName",
                    "CommodityCode",
                    "CommodityCodeUniqueName",
                    "CommodityExportMapEntry",
                    "CommodityExportMapEntryAccountTypeName",
                    "CommodityExportMapEntryAccountTypeUniqueName",
                    "CommodityExportMapEntryCommodityCodeName",
                    "CommodityExportMapEntryCommodityCodeUniqueName",
                    "CommodityExportMapEntryUniqueName",
                    "CompoundPricingTerms",
                    "ContractPriceAmountInReportingCurrency",
                    "ContractPriceApproxAmountInBaseCurrency",
                    "ContractUniqueName",
                    "DeliverTo",
                    "DescriptionCatalogItemRefCommonSupplierSystemID",
                    "DescriptionCatalogItemRefSupplierPartNumber",
                    "DescriptionCommonCommodityCode",
                    "DescriptionCommonCommodityCodeName",
                    "DescriptionCommonCommodityCodeUniqueName",
                    "DescriptionContractPrice",
                    "DescriptionContractPriceAmount",
                    "DescriptionContractPriceConversionDate",
                    "DescriptionContractPriceCurrencyUniqueName",
                    "DescriptionConversionFactor",
                    "DescriptionCustomPrice",
                    "DescriptionCustomPriceAmount",
                    "DescriptionCustomPriceAmountInReportingCurrency",
                    "DescriptionCustomPriceApproxAmountInBaseCurrency",
                    "DescriptionCustomPriceConversionDate",
                    "DescriptionCustomPriceCurrencyUniqueName",
                    "DescriptionDescription",
                    "DescriptionExpirationDate",
                    "DescriptionExtAttributesBitMask",
                    "DescriptionExtendedDescription",
                    "DescriptionIndexContractPrice",
                    "DescriptionIndexContractPriceAmount",
                    "DescriptionIndexContractPriceConversionDate",
                    "DescriptionIsPartialItem",
                    "DescriptionItemNumber",
                    "DescriptionKitUniqueName",
                    "DescriptionLanguage",
                    "DescriptionLeadTime",
                    "DescriptionLineItem",
                    "DescriptionLineItemNumberInCollection",
                    "DescriptionManName",
                    "DescriptionManPartNumber",
                    "DescriptionNonContractPrice",
                    "DescriptionNonContractPriceAmount",
                    "DescriptionNonContractPriceConversionDate",
                    "DescriptionNonContractPriceCurrencyUniqueName",
                    "DescriptionPrice",
                    "DescriptionPriceAmount",
                    "DescriptionPriceAmountInReportingCurrency",
                    "DescriptionPriceApproxAmountInBaseCurrency",
                    "DescriptionPriceBasisQuantity",
                    "DescriptionPriceBasisQuantityDesc",
                    "DescriptionPriceBasisQuantityUOM",
                    "DescriptionPriceBasisQuantityUOMUniqueName",
                    "DescriptionPriceConversionDate",
                    "DescriptionPriceCurrencyUniqueName",
                    "DescriptionQueryID",
                    "DescriptionShortName",
                    "DescriptionSupplierPartAuxiliaryID",
                    "DescriptionSupplierURL",
                    "DescriptionUnitOfMeasure",
                    "DescriptionUnitOfMeasureUniqueName",
                    "DiscountAmount",
                    "DiscountAmountAmount",
                    "DiscountAmountAmountInReportingCurrency",
                    "DiscountAmountApproxAmountInBaseCurrency",
                    "DiscountAmountConversionDate",
                    "DiscountAmountCurrencyUniqueName",
                    "DueOn",
                    "ERPLineItemNumber",
                    "ERPServiceLineNumber",
                    "ERSAllowed",
                    "EndDate",
                    "Form",
                    "FormUniqueName",
                    "HideAmount",
                    "HideUnitPrice",
                    "ID",
                    "IndexContractPriceAmountInReportingCurrency",
                    "IndexContractPriceApproxAmountInBaseCurrency",
                    "IndexContractPriceCurrencyUniqueName",
                    "IsAdHoc",
                    "IsHardReleaseMaximum",
                    "IsHardReleaseMinimum",
                    "IsObsolete",
                    "IsPriceModifiedByUser",
                    "IsRecurring",
                    "ItemMasterID",
                    "ItemMasterIDBuyerPartNumber",
                    "ItemMasterIDFacility",
                    "Kit",
                    "KitInstanceId",
                    "KitRequiredItem",
                    "KitUniqueName",
                    "LimitType",
                    "LineType",
                    "LineTypeUniqueName",
                    "MaxAmount",
                    "MaxAmountAmount",
                    "MaxAmountAmountInReportingCurrency",
                    "MaxAmountApproxAmountInBaseCurrency",
                    "MaxAmountConversionDate",
                    "MaxAmountCurrencyUniqueName",
                    "MaxAmountTolerancePercent",
                    "MaxQuantity",
                    "MaxQuantityTolerancePercent",
                    "MaxReleaseAmount",
                    "MaxReleaseAmountAmount",
                    "MaxReleaseAmountAmountInReportingCurrency",
                    "MaxReleaseAmountApproxAmountInBaseCurrency",
                    "MaxReleaseAmountConversionDate",
                    "MaxReleaseAmountCurrencyUniqueName",
                    "MaxReleaseQuantity",
                    "MaxReleaseTolerancePercent",
                    "MilestoneNotificationDays",
                    "MilestoneNotificationList",
                    "MilestoneStatus",
                    "MilestoneSupplierContact",
                    "MilestoneTitle",
                    "MilestoneVerifier",
                    "MilestoneVerifierUniqueName",
                    "MinAmount",
                    "MinAmountAmount",
                    "MinAmountAmountInReportingCurrency",
                    "MinAmountApproxAmountInBaseCurrency",
                    "MinAmountConversionDate",
                    "MinAmountCurrencyUniqueName",
                    "MinQuantity",
                    "MinReleaseAmount",
                    "MinReleaseAmountAmount",
                    "MinReleaseAmountAmountInReportingCurrency",
                    "MinReleaseAmountApproxAmountInBaseCurrency",
                    "MinReleaseAmountConversionDate",
                    "MinReleaseAmountCurrencyUniqueName",
                    "MinReleaseQuantity",
                    "NeedBy",
                    "NonContractPriceAmountInReportingCurrency",
                    "NonContractPriceApproxAmountInBaseCurrency",
                    "NumberConfirmedAccepted",
                    "NumberConfirmedAcceptedWithChanges",
                    "NumberConfirmedBackOrdered",
                    "NumberConfirmedRejected",
                    "NumberConfirmedSubstituted",
                    "NumberInCollection",
                    "NumberShipped",
                    "OrderInfo",
                    "OrderInfoTransactionDate",
                    "OrderInfoTransactionNumber",
                    "OriginalPrice",
                    "OriginalPriceAmount",
                    "OriginalPriceAmountInReportingCurrency",
                    "OriginalPriceApproxAmountInBaseCurrency",
                    "OriginalPriceConversionDate",
                    "OriginalPriceCurrencyUniqueName",
                    "OriginatingSystemLineNumber",
                    "ParentKit",
                    "ParentKitUniqueName",
                    "ParentLineNumber",
                    "PaymentTerms",
                    "PaymentTermsUniqueName",
                    "PricingTerms",
                    "PricingTermsUniqueName",
                    "PunchOut",
                    "PunchOutUniqueName",
                    "PurchaseGroup",
                    "PurchaseGroupUniqueName",
                    "PurchaseOrg",
                    "PurchaseOrgUniqueName",
                    "Quantity",
                    "ReleaseQuantity",
                    "ReleaseUOM",
                    "ReleaseUOMUniqueName",
                    "RespectAutoReceiving",
                    "RollUpAccumulatorsToParent",
                    "ServiceDetailsExpectedAmount",
                    "ServiceDetailsExpectedAmountAmount",
                    "ServiceDetailsExpectedAmountConversionDate",
                    "ServiceDetailsExpectedAmountCurrencyUniqueName",
                    "ServiceDetailsExpectedAmountInReportingCurrency",
                    "ServiceDetailsExpectedApproxAmountInBaseCurrency",
                    "ServiceDetailsMaxAmount",
                    "ServiceDetailsMaxAmountAmount",
                    "ServiceDetailsMaxAmountConversionDate",
                    "ServiceDetailsMaxAmountCurrencyUniqueName",
                    "ServiceDetailsMaxAmountInReportingCurrency",
                    "ServiceDetailsMaxApproxAmountInBaseCurrency",
                    "ServiceDetailsRequiresServiceEntry",
                    "ServiceDetailsServiceEndDate",
                    "ServiceDetailsServiceLine",
                    "ServiceDetailsServiceStartDate",
                    "ShipTo",
                    "ShipToCity",
                    "ShipToCountryUniqueName",
                    "ShipToFax",
                    "ShipToLines",
                    "ShipToName",
                    "ShipToPhone",
                    "ShipToPostalCode",
                    "ShipToState",
                    "ShipToUniqueName",
                    "SourcingRequest",
                    "SourcingRequestUniqueName",
                    "StartDate",
                    "Supplier",
                    "SupplierLocation",
                    "SupplierLocationCity",
                    "SupplierLocationCountryUniqueName",
                    "SupplierLocationFax",
                    "SupplierLocationLines",
                    "SupplierLocationName",
                    "SupplierLocationPhone",
                    "SupplierLocationPostalCode",
                    "SupplierLocationState",
                    "SupplierLocationUniqueName",
                    "SupplierName",
                    "SupplierUniqueName",
                    "TaxAmount",
                    "TaxAmountAmount",
                    "TaxAmountAmountInReportingCurrency",
                    "TaxAmountApproxAmountInBaseCurrency",
                    "TaxAmountConversionDate",
                    "TaxAmountCurrencyUniqueName",
                    "TaxCode",
                    "TaxCodeUniqueName",
                    "TaxDetailAbatementPercent",
                    "TaxDetailAlternateTaxAmount",
                    "TaxDetailAlternateTaxAmountAmount",
                    "TaxDetailAlternateTaxAmountConversionDate",
                    "TaxDetailAlternateTaxAmountCurrencyUniqueName",
                    "TaxDetailAlternateTaxAmountInReportingCurrency",
                    "TaxDetailAlternateTaxApproxAmountInBaseCurrency",
                    "TaxDetailCategory",
                    "TaxDetailComponent",
                    "TaxDetailComponentUniqueName",
                    "TaxDetailDescription",
                    "TaxDetailExemptDetail",
                    "TaxDetailFormulaString",
                    "TaxDetailIsDeductible",
                    "TaxDetailIsTriangularTransaction",
                    "TaxDetailPaymentDate",
                    "TaxDetailPerUnit",
                    "TaxDetailPercent",
                    "TaxDetailPurpose",
                    "TaxDetailTaxAmount",
                    "TaxDetailTaxAmountAmount",
                    "TaxDetailTaxAmountAmountInReportingCurrency",
                    "TaxDetailTaxAmountApproxAmountInBaseCurrency",
                    "TaxDetailTaxAmountConversionDate",
                    "TaxDetailTaxAmountCurrencyUniqueName",
                    "TaxDetailTaxLocation",
                    "TaxDetailTaxPointDate",
                    "TaxDetailTaxableAmount",
                    "TaxDetailTaxableAmountAmount",
                    "TaxDetailTaxableAmountAmountInReportingCurrency",
                    "TaxDetailTaxableAmountConversionDate",
                    "TaxDetailTaxableAmountCurrencyUniqueName",
                    "TaxDetailTaxableApproxAmountInBaseCurrency",
                    "TaxDetailTriangularTransactionLawReference",
                    "TermType",
                    "UnitPriceTolerancePercent",
                    "VATAmount",
                    "VATAmountAmount",
                    "VATAmountAmountInReportingCurrency",
                    "VATAmountApproxAmountInBaseCurrency",
                    "VATAmountConversionDate",
                    "VATAmountCurrencyUniqueName",
                    "cusItemCode",
                    "cusItemCodeUniqueName",
                    "cusItemType"
                ],
                "property_sql_factory_datasets": [
                    {
                        "id": "OperationalContractLineItemAttributes",
                        "type_": "SQL_FACTORY_DATA_SET",
                        "complete_overwrite": false,
                        "disabled": false,
                        "materialise_cte": false,
                        "overwrite": null,
                        "sql": "WITH TMP_CEL_CONTRACT AS (\n    SELECT \n        * ,\n        ROW_NUMBER() OVER (\n            PARTITION BY \"InitialUniqueName\" \n            ORDER BY \n                CAST(\"VersionNumber\" AS integer) DESC\n        ) AS RN\n    FROM \"Contract\"\n    WHERE 1=1\n        AND \"Contract\".\"Active\" = 'true'\n)\nSELECT \n\t'OperationalContract_' || \"Contract\".\"InitialUniqueName\" AS \"Contract\",\n\t'OperationalContract_' || \"Contract\".\"InitialUniqueName\" AS \"OperationalContract\",\n    'OperationalContractLineItem_' || \"Contract\".\"InitialUniqueName\" || '_' || \"ContractLineItems\".\"NumberInCollection\" AS \"ID\",\n    --'OperationalContractLineItem_' || AS \"ID\",\n    TRY_CAST(\"ContractLineItems\".\"MaxReleaseAmount\" AS float) AS \"MaxReleaseAmount\",\n    TRY_CAST(\"ContractLineItems\".\"HideAmount\" AS float) AS \"HideAmount\",\n    TRY_CAST(\"ContractLineItems\".\"Description_ConversionFactor\" AS varchar) AS \"DescriptionConversionFactor\",\n    TRY_CAST(\"ContractLineItems\".\"Description_ItemNumber\" AS varchar) AS \"DescriptionItemNumber\",\n    TRY_CAST(\"ContractLineItems\".\"UnitPriceTolerancePercent\" AS float) AS \"UnitPriceTolerancePercent\",\n    TRY_CAST(\"ContractLineItems\".\"NumberInCollection\" AS varchar) AS \"NumberInCollection\",\n    TRY_CAST(\"ContractLineItems\".\"Milestone_NotificationList\" AS varchar) AS \"MilestoneNotificationList\",\n    TRY_CAST(\"ContractLineItems\".\"CompoundPricingTerms\" AS varchar) AS \"CompoundPricingTerms\",\n    TRY_CAST(\"ContractLineItems\".\"ApplyToSourcedItems\" AS varchar) AS \"ApplyToSourcedItems\",\n    TRY_CAST(\"ContractLineItems\".\"PurchaseOrg\" AS varchar) AS \"PurchaseOrg\",\n    TRY_CAST(\"ContractLineItems\".\"Description_CommonCommodityCode\" AS varchar) AS \"DescriptionCommonCommodityCode\",\n    TRY_CAST(\"ContractLineItems\".\"Carrier\" AS varchar) AS \"Carrier\",\n    TRY_CAST(\"ContractLineItems\".\"BillingAddress\" AS varchar) AS \"BillingAddress\",\n    TRY_CAST(\"ContractLineItems\".\"TaxDetail_ExemptDetail\" AS varchar) AS \"TaxDetailExemptDetail\",\n    TRY_CAST(\"ContractLineItems\".\"OriginalPrice\" AS float) AS \"OriginalPrice\",\n    TRY_CAST(\"ContractLineItems\".\"IsAdHoc\" AS varchar) AS \"IsAdHoc\",\n    TRY_CAST(\"ContractLineItems\".\"Description_PriceBasisQuantityDesc\" AS varchar) AS \"DescriptionPriceBasisQuantityDesc\",\n    TRY_CAST(\"ContractLineItems\".\"TaxCode\" AS varchar) AS \"TaxCode\",\n    TRY_CAST(\"ContractLineItems\".\"KitInstanceId\" AS varchar) AS \"KitInstanceId\",\n    TRY_CAST(\"ContractLineItems\".\"Milestone_NotificationDays\" AS varchar) AS \"MilestoneNotificationDays\",\n    TRY_CAST(\"ContractLineItems\".\"RespectAutoReceiving\" AS varchar) AS \"RespectAutoReceiving\",\n    TRY_CAST(\"ContractLineItems\".\"ReleaseQuantity\" AS varchar) AS \"ReleaseQuantity\",\n    TRY_CAST(\"ContractLineItems\".\"LineType\" AS varchar) AS \"LineType\",\n    TRY_CAST(\"ContractLineItems\".\"AllowSupplierToEditPrice\" AS varchar) AS \"AllowSupplierToEditPrice\",\n    TRY_CAST(\"ContractLineItems\".\"HideUnitPrice\" AS varchar) AS \"HideUnitPrice\",\n    TRY_CAST(\"ContractLineItems\".\"Description_LeadTime\" AS varchar) AS \"DescriptionLeadTime\",\n    TRY_CAST(\"ContractLineItems\".\"SourcingRequest\" AS varchar) AS \"SourcingRequest\",\n    TRY_CAST(\"ContractLineItems\".\"TermType\" AS varchar) AS \"TermType\",\n    TRY_CAST(\"ContractLineItems\".\"TaxAmount\" AS float) AS \"TaxAmount\",\n    TRY_CAST(\"ContractLineItems\".\"Accountings_Type\" AS varchar) AS \"AccountingsType\",\n    TRY_CAST(\"ContractLineItems\".\"PunchOut\" AS varchar) AS \"PunchOut\",\n    TRY_CAST(\"ContractLineItems\".\"TaxDetail_TriangularTransactionLawReference\" AS varchar) AS \"TaxDetailTriangularTransactionLawReference\",\n    TRY_CAST(\"ContractLineItems\".\"MinQuantity\" AS varchar) AS \"MinQuantity\",\n    TRY_CAST(\"ContractLineItems\".\"TaxDetail_TaxPointDate\" AS timestamp) AS \"TaxDetailTaxPointDate\",\n    TRY_CAST(\"ContractLineItems\".\"PricingTerms\" AS varchar) AS \"PricingTerms\",\n    TRY_CAST(\"ContractLineItems\".\"PaymentTerms\" AS varchar) AS \"PaymentTerms\",\n    TRY_CAST(\"ContractLineItems\".\"Description_ShortName\" AS varchar) AS \"DescriptionShortName\",\n    TRY_CAST(\"ContractLineItems\".\"Description_ExtendedDescription\" AS varchar) AS \"DescriptionExtendedDescription\",\n    TRY_CAST(\"ContractLineItems\".\"CatalogSubscription\" AS varchar) AS \"CatalogSubscription\",\n    TRY_CAST(\"ContractLineItems\".\"TaxDetail_IsDeductible\" AS varchar) AS \"TaxDetailIsDeductible\",\n    TRY_CAST(\"ContractLineItems\".\"Description_PriceBasisQuantityUOM\" AS varchar) AS \"DescriptionPriceBasisQuantityUOM\",\n    TRY_CAST(\"ContractLineItems\".\"NumberConfirmedBackOrdered\" AS varchar) AS \"NumberConfirmedBackOrdered\",\n    TRY_CAST(\"ContractLineItems\".\"AccountCategory\" AS varchar) AS \"AccountCategory\",\n    TRY_CAST(\"ContractLineItems\".\"Description_Description\" AS varchar) AS \"DescriptionDescription\",\n    TRY_CAST(\"ContractLineItems\".\"Description_Language\" AS varchar) AS \"DescriptionLanguage\",\n    TRY_CAST(\"ContractLineItems\".\"NumberConfirmedSubstituted\" AS varchar) AS \"NumberConfirmedSubstituted\",\n    TRY_CAST(\"ContractLineItems\".\"Milestone_Status\" AS varchar) AS \"MilestoneStatus\",\n    TRY_CAST(\"ContractLineItems\".\"NeedBy\" AS varchar) AS \"NeedBy\",\n    TRY_CAST(\"ContractLineItems\".\"ChargeAmount\" AS float) AS \"ChargeAmount\",\n    TRY_CAST(\"ContractLineItems\".\"Supplier\" AS varchar) AS \"Supplier\",\n    TRY_CAST(\"ContractLineItems\".\"Description_IsPartialItem\" AS varchar) AS \"DescriptionIsPartialItem\",\n    TRY_CAST(\"ContractLineItems\".\"DueOn\" AS varchar) AS \"DueOn\",\n    TRY_CAST(\"ContractLineItems\".\"Description_CatalogItemRef_SupplierPartAuxiliaryID\" AS varchar) AS \"CatalogItemRefSupplierPartAuxiliaryID\",\n    TRY_CAST(\"ContractLineItems\".\"IsRecurring\" AS varchar) AS \"IsRecurring\",\n    TRY_CAST(\"ContractLineItems\".\"TaxDetail_Category\" AS varchar) AS \"TaxDetailCategory\",\n    TRY_CAST(\"ContractLineItems\".\"TaxDetail_Component\" AS varchar) AS \"TaxDetailComponent\",\n    TRY_CAST(\"ContractLineItems\".\"ChargeDetail_ChargeAmount\" AS float) AS \"ChargeDetailChargeAmount\",\n    TRY_CAST(\"ContractLineItems\".\"EndDate\" AS timestamp) AS \"EndDate\",\n    TRY_CAST(\"ContractLineItems\".\"SupplierLocation\" AS varchar) AS \"SupplierLocation\",\n    TRY_CAST(\"ContractLineItems\".\"MaxQuantity\" AS varchar) AS \"MaxQuantity\",\n    TRY_CAST(\"ContractLineItems\".\"NumberConfirmedRejected\" AS varchar) AS \"NumberConfirmedRejected\",\n    TRY_CAST(\"ContractLineItems\".\"IsHardReleaseMinimum\" AS varchar) AS \"IsHardReleaseMinimum\",\n    TRY_CAST(\"ContractLineItems\".\"TaxDetail_IsTriangularTransaction\" AS varchar) AS \"TaxDetailIsTriangularTransaction\",\n    TRY_CAST(\"ContractLineItems\".\"Milestone_Title\" AS varchar) AS \"MilestoneTitle\",\n    TRY_CAST(\"ContractLineItems\".\"Description_KitUniqueName\" AS varchar) AS \"DescriptionKitUniqueName\",\n    TRY_CAST(\"ContractLineItems\".\"ERPLineItemNumber\" AS varchar) AS \"ERPLineItemNumber\",\n    TRY_CAST(\"ContractLineItems\".\"Description_UnitOfMeasure\" AS varchar) AS \"DescriptionUnitOfMeasure\",\n    TRY_CAST(\"ContractLineItems\".\"ChargeDetail_ANChargeName\" AS varchar) AS \"ChargeDetailANChargeName\",\n    TRY_CAST(\"ContractLineItems\".\"NumberShipped\" AS varchar) AS \"NumberShipped\",\n    TRY_CAST(\"ContractLineItems\".\"RollUpAccumulatorsToParent\" AS varchar) AS \"RollUpAccumulatorsToParent\",\n    TRY_CAST(\"ContractLineItems\".\"Description_CustomPrice\" AS float) AS \"DescriptionCustomPrice\",\n    TRY_CAST(\"ContractLineItems\".\"Description_CatalogItemRef_SupplierPartNumber\" AS varchar) AS \"DescriptionCatalogItemRefSupplierPartNumber\",\n    TRY_CAST(\"ContractLineItems\".\"Description_IndexContractPrice\" AS float) AS \"DescriptionIndexContractPrice\",\n    TRY_CAST(\"ContractLineItems\".\"Kit\" AS varchar) AS \"Kit\",\n    TRY_CAST(\"ContractLineItems\".\"CommodityCode\" AS varchar) AS \"CommodityCode\",\n    TRY_CAST(\"ContractLineItems\".\"Description_SupplierURL\" AS varchar) AS \"DescriptionSupplierURL\",\n    TRY_CAST(\"ContractLineItems\".\"TaxDetail_Purpose\" AS varchar) AS \"TaxDetailPurpose\",\n    TRY_CAST(\"ContractLineItems\".\"Description_NonContractPrice\" AS float) AS \"DescriptionNonContractPrice\",\n    TRY_CAST(\"ContractLineItems\".\"DiscountAmount\" AS float) AS \"DiscountAmount\",\n    TRY_CAST(\"ContractLineItems\".\"ChargeDetail_ChargeType\" AS varchar) AS \"ChargeDetailChargeType\",\n    TRY_CAST(\"ContractLineItems\".\"IsPriceModifiedByUser\" AS varchar) AS \"IsPriceModifiedByUser\",\n    TRY_CAST(\"ContractLineItems\".\"ServiceDetails_MaxAmount\" AS float) AS \"ServiceDetailsMaxAmount\",\n    TRY_CAST(\"ContractLineItems\".\"VATAmount\" AS float) AS \"VATAmount\",\n    TRY_CAST(\"ContractLineItems\".\"TaxDetail_TaxAmount\" AS float) AS \"TaxDetailTaxAmount\",\n    TRY_CAST(\"ContractLineItems\".\"ServiceDetails_RequiresServiceEntry\" AS varchar) AS \"ServiceDetailsRequiresServiceEntry\",\n    TRY_CAST(\"ContractLineItems\".\"ApplyToPunchOut\" AS varchar) AS \"ApplyToPunchOut\",\n    TRY_CAST(\"ContractLineItems\".\"Description_QueryID\" AS varchar) AS \"DescriptionQueryID\",\n    TRY_CAST(\"ContractLineItems\".\"TaxDetail_PaymentDate\" AS timestamp) AS \"TaxDetailPaymentDate\",\n    TRY_CAST(\"ContractLineItems\".\"CarrierMethod\" AS varchar) AS \"CarrierMethod\",\n    TRY_CAST(\"ContractLineItems\".\"Milestone_SupplierContact\" AS varchar) AS \"MilestoneSupplierContact\",\n    TRY_CAST(\"ContractLineItems\".\"Form\" AS varchar) AS \"Form\",\n    TRY_CAST(\"ContractLineItems\".\"TaxDetail_FormulaString\" AS varchar) AS \"TaxDetailFormulaString\",\n    TRY_CAST(\"ContractLineItems\".\"MaxAmount\" AS float) AS \"MaxAmount\",\n    TRY_CAST(\"ContractLineItems\".\"ServiceDetails_ServiceStartDate\" AS timestamp) AS \"ServiceDetailsServiceStartDate\",\n    TRY_CAST(\"ContractLineItems\".\"MinReleaseQuantity\" AS varchar) AS \"MinReleaseQuantity\",\n    TRY_CAST(\"ContractLineItems\".\"StartDate\" AS timestamp) AS \"StartDate\",\n    TRY_CAST(\"ContractLineItems\".\"ParentKit\" AS varchar) AS \"ParentKit\",\n    TRY_CAST(\"ContractLineItems\".\"KitRequiredItem\" AS varchar) AS \"KitRequiredItem\",\n    TRY_CAST(\"ContractLineItems\".\"MaxQuantityTolerancePercent\" AS varchar) AS \"MaxQuantityTolerancePercent\",\n    TRY_CAST(\"ContractLineItems\".\"NumberConfirmedAccepted\" AS varchar) AS \"NumberConfirmedAccepted\",\n    TRY_CAST(\"ContractLineItems\".\"MaxAmountTolerancePercent\" AS float) AS \"MaxAmountTolerancePercent\",\n    TRY_CAST(\"ContractLineItems\".\"Description_SupplierPartAuxiliaryID\" AS varchar) AS \"DescriptionSupplierPartAuxiliaryID\",\n    TRY_CAST(\"ContractLineItems\".\"MaxReleaseQuantity\" AS varchar) AS \"MaxReleaseQuantity\",\n    TRY_CAST(\"ContractLineItems\".\"Description_PriceBasisQuantity\" AS varchar) AS \"DescriptionPriceBasisQuantity\",\n    TRY_CAST(\"ContractLineItems\".\"Description_ManPartNumber\" AS varchar) AS \"DescriptionManPartNumber\",\n    TRY_CAST(\"ContractLineItems\".\"MinAmount\" AS float) AS \"MinAmount\",\n    TRY_CAST(\"ContractLineItems\".\"TaxDetail_TaxableAmount\" AS float) AS \"TaxDetailTaxableAmount\",\n    TRY_CAST(\"ContractLineItems\".\"TaxDetail_PerUnit\" AS varchar) AS \"TaxDetailPerUnit\",\n    TRY_CAST(\"ContractLineItems\".\"Quantity\" AS varchar) AS \"Quantity\",\n    TRY_CAST(\"ContractLineItems\".\"IsObsolete\" AS varchar) AS \"IsObsolete\",\n    TRY_CAST(\"ContractLineItems\".\"ERPServiceLineNumber\" AS varchar) AS \"ERPServiceLineNumber\",\n    TRY_CAST(\"ContractLineItems\".\"Description_ManName\" AS varchar) AS \"DescriptionManName\",\n    TRY_CAST(\"ContractLineItems\".\"ParentLineNumber\" AS varchar) AS \"ParentLineNumber\",\n    TRY_CAST(\"ContractLineItems\".\"LimitType\" AS varchar) AS \"LimitType\",\n    TRY_CAST(\"ContractLineItems\".\"Description_ExtAttributesBitMask\" AS varchar) AS \"DescriptionExtAttributesBitMask\",\n    TRY_CAST(\"ContractLineItems\".\"Description_ExpirationDate\" AS timestamp) AS \"DescriptionExpirationDate\",\n    TRY_CAST(\"ContractLineItems\".\"BoughtFromPreferredSupplier\" AS varchar) AS \"BoughtFromPreferredSupplier\",\n    TRY_CAST(\"ContractLineItems\".\"ChargeDetail_TaxCode\" AS varchar) AS \"ChargeDetailTaxCode\",\n    TRY_CAST(\"ContractLineItems\".\"MaxReleaseTolerancePercent\" AS varchar) AS \"MaxReleaseTolerancePercent\",\n    TRY_CAST(\"ContractLineItems\".\"AllowUsersToEditUnitPrice\" AS varchar) AS \"AllowUsersToEditUnitPrice\",\n    TRY_CAST(\"ContractLineItems\".\"Description_Price\" AS varchar) AS \"DescriptionPrice\",\n    TRY_CAST(\"ContractLineItems\".\"TaxDetail_Percent\" AS varchar) AS \"TaxDetailPercent\",\n    TRY_CAST(\"ContractLineItems\".\"DeliverTo\" AS varchar) AS \"DeliverTo\",\n    TRY_CAST(\"ContractLineItems\".\"PurchaseGroup\" AS varchar) AS \"PurchaseGroup\",\n    TRY_CAST(\"ContractLineItems\".\"NumberConfirmedAcceptedWithChanges\" AS varchar) AS \"NumberConfirmedAcceptedWithChanges\",\n    TRY_CAST(\"ContractLineItems\".\"ServiceDetails_ServiceLine\" AS varchar) AS \"ServiceDetailsServiceLine\",\n    TRY_CAST(\"ContractLineItems\".\"OrderInfo\" AS varchar) AS \"OrderInfo\",\n    TRY_CAST(\"ContractLineItems\".\"TaxDetail_AlternateTaxAmount\" AS float) AS \"TaxDetailAlternateTaxAmount\",\n    TRY_CAST(\"ContractLineItems\".\"TaxDetail_Description\" AS varchar) AS \"TaxDetailDescription\",\n    TRY_CAST(\"ContractLineItems\".\"TaxDetail_TaxLocation\" AS varchar) AS \"TaxDetailTaxLocation\",\n    TRY_CAST(\"ContractLineItems\".\"Amount\" AS float) AS \"Amount\",\n    TRY_CAST(\"ContractLineItems\".\"ERSAllowed\" AS varchar) AS \"ERSAllowed\",\n    TRY_CAST(\"ContractLineItems\".\"BasePrice\" AS varchar) AS \"BasePrice\",\n    TRY_CAST(\"ContractLineItems\".\"ChargeDetail_ANChargeDescription\" AS varchar) AS \"ChargeDetailANChargeDescription\",\n    TRY_CAST(\"ContractLineItems\".\"Description_ContractPrice\" AS varchar) AS \"DescriptionContractPrice\",\n    TRY_CAST(\"ContractLineItems\".\"ShipTo\" AS varchar) AS \"ShipTo\",\n    TRY_CAST(\"ContractLineItems\".\"ChargeDetail_TaxAmount\" AS float) AS \"ChargeDetailTaxAmount\",\n    TRY_CAST(\"ContractLineItems\".\"MinReleaseAmount\" AS float) AS \"MinReleaseAmount\",\n    TRY_CAST(\"ContractLineItems\".\"ItemMasterID\" AS varchar) AS \"ItemMasterID\",\n    TRY_CAST(\"ContractLineItems\".\"CommodityExportMapEntry\" AS varchar) AS \"CommodityExportMapEntry\",\n    TRY_CAST(\"ContractLineItems\".\"Description_CatalogItemRef_CommonSupplierSystemID\" AS varchar) AS \"DescriptionCatalogItemRefCommonSupplierSystemID\",\n    TRY_CAST(\"ContractLineItems\".\"ServiceDetails_ServiceEndDate\" AS timestamp) AS \"ServiceDetailsServiceEndDate\",\n    TRY_CAST(\"ContractLineItems\".\"Milestone_Verifier\" AS varchar) AS \"MilestoneVerifier\",\n    TRY_CAST(\"ContractLineItems\".\"Description_LineItem\" AS varchar) AS \"DescriptionLineItem\",\n    TRY_CAST(\"ContractLineItems\".\"IsHardReleaseMaximum\" AS varchar) AS \"IsHardReleaseMaximum\",\n    TRY_CAST(\"ContractLineItems\".\"OriginatingSystemLineNumber\" AS varchar) AS \"OriginatingSystemLineNumber\",\n    TRY_CAST(\"ContractLineItems\".\"ReleaseUOM\" AS varchar) AS \"ReleaseUOM\",\n    TRY_CAST(\"ContractLineItems\".\"ServiceDetails_ExpectedAmount\" AS float) AS \"ServiceDetailsExpectedAmount\",\n    TRY_CAST(\"ContractLineItems\".\"TaxDetail_AbatementPercent\" AS varchar) AS \"TaxDetailAbatementPercent\",\n    TRY_CAST(\"ContractLineItems\".\"Contract_UniqueName\" AS varchar) AS \"ContractUniqueName\",\n    TRY_CAST(\"ContractLineItems\".\"Description_CommonCommodityCode_UniqueName\" AS varchar) AS \"DescriptionCommonCommodityCodeUniqueName\",\n    TRY_CAST(\"ContractLineItems\".\"Description_CommonCommodityCode_Name\" AS varchar) AS \"DescriptionCommonCommodityCodeName\",\n    TRY_CAST(\"ContractLineItems\".\"OriginalPrice_AmountInReportingCurrency\" AS float) AS \"OriginalPriceAmountInReportingCurrency\",\n    TRY_CAST(\"ContractLineItems\".\"OriginalPrice_ApproxAmountInBaseCurrency\" AS float) AS \"OriginalPriceApproxAmountInBaseCurrency\",\n    TRY_CAST(\"ContractLineItems\".\"OriginalPrice_Amount\" AS float) AS \"OriginalPriceAmount\",\n    TRY_CAST(\"ContractLineItems\".\"OriginalPrice_ConversionDate\" AS timestamp) AS \"OriginalPriceConversionDate\",\n    TRY_CAST(\"ContractLineItems\".\"OriginalPrice_Currency_UniqueName\" AS varchar) AS \"OriginalPriceCurrencyUniqueName\",\n    TRY_CAST(\"ContractLineItems\".\"CatalogSubscription_Name\" AS varchar) AS \"CatalogSubscriptionName\",\n    TRY_CAST(\"ContractLineItems\".\"AccountCategory_UniqueName\" AS varchar) AS \"AccountCategoryUniqueName\",\n    TRY_CAST(\"ContractLineItems\".\"ChargeAmount_AmountInReportingCurrency\" AS float) AS \"ChargeAmountAmountInReportingCurrency\",\n    TRY_CAST(\"ContractLineItems\".\"ChargeAmount_ApproxAmountInBaseCurrency\" AS float) AS \"ChargeAmountApproxAmountInBaseCurrency\",\n    TRY_CAST(\"ContractLineItems\".\"ChargeAmount_Amount\" AS float) AS \"ChargeAmountAmount\",\n    TRY_CAST(\"ContractLineItems\".\"ChargeAmount_ConversionDate\" AS timestamp) AS \"ChargeAmountConversionDate\",\n    TRY_CAST(\"ContractLineItems\".\"ChargeAmount_Currency_UniqueName\" AS float) AS \"ChargeAmountCurrencyUniqueName\",\n    TRY_CAST(\"ContractLineItems\".\"TaxAmount_AmountInReportingCurrency\" AS float) AS \"TaxAmountAmountInReportingCurrency\",\n    TRY_CAST(\"ContractLineItems\".\"TaxAmount_ApproxAmountInBaseCurrency\" AS float) AS \"TaxAmountApproxAmountInBaseCurrency\",\n    TRY_CAST(\"ContractLineItems\".\"TaxAmount_Amount\" AS float) AS \"TaxAmountAmount\",\n    TRY_CAST(\"ContractLineItems\".\"TaxAmount_ConversionDate\" AS timestamp) AS \"TaxAmountConversionDate\",\n    TRY_CAST(\"ContractLineItems\".\"TaxAmount_Currency_UniqueName\" AS float) AS \"TaxAmountCurrencyUniqueName\",\n    TRY_CAST(\"ContractLineItems\".\"VATAmount_AmountInReportingCurrency\" AS float) AS \"VATAmountAmountInReportingCurrency\",\n    TRY_CAST(\"ContractLineItems\".\"VATAmount_ApproxAmountInBaseCurrency\" AS float) AS \"VATAmountApproxAmountInBaseCurrency\",\n    TRY_CAST(\"ContractLineItems\".\"VATAmount_Amount\" AS float) AS \"VATAmountAmount\",\n    TRY_CAST(\"ContractLineItems\".\"VATAmount_ConversionDate\" AS timestamp) AS \"VATAmountConversionDate\",\n    TRY_CAST(\"ContractLineItems\".\"VATAmount_Currency_UniqueName\" AS float) AS \"VATAmountCurrencyUniqueName\",\n    TRY_CAST(\"ContractLineItems\".\"Description_IndexContractPrice_AmountInReportingCurrency\" AS float) AS \"IndexContractPriceAmountInReportingCurrency\",\n    TRY_CAST(\"ContractLineItems\".\"Description_IndexContractPrice_ApproxAmountInBaseCurrency\" AS float) AS \"IndexContractPriceApproxAmountInBaseCurrency\",\n    TRY_CAST(\"ContractLineItems\".\"Description_IndexContractPrice_Amount\" AS float) AS \"DescriptionIndexContractPriceAmount\",\n    TRY_CAST(\"ContractLineItems\".\"Description_IndexContractPrice_ConversionDate\" AS timestamp) AS \"DescriptionIndexContractPriceConversionDate\",\n    TRY_CAST(\"ContractLineItems\".\"Description_IndexContractPrice_Currency_UniqueName\" AS varchar) AS \"IndexContractPriceCurrencyUniqueName\",\n    TRY_CAST(\"ContractLineItems\".\"PurchaseOrg_UniqueName\" AS varchar) AS \"PurchaseOrgUniqueName\",\n    TRY_CAST(\"ContractLineItems\".\"DiscountAmount_AmountInReportingCurrency\" AS float) AS \"DiscountAmountAmountInReportingCurrency\",\n    TRY_CAST(\"ContractLineItems\".\"DiscountAmount_ApproxAmountInBaseCurrency\" AS float) AS \"DiscountAmountApproxAmountInBaseCurrency\",\n    TRY_CAST(\"ContractLineItems\".\"DiscountAmount_Amount\" AS float) AS \"DiscountAmountAmount\",\n    TRY_CAST(\"ContractLineItems\".\"DiscountAmount_ConversionDate\" AS timestamp) AS \"DiscountAmountConversionDate\",\n    TRY_CAST(\"ContractLineItems\".\"DiscountAmount_Currency_UniqueName\" AS float) AS \"DiscountAmountCurrencyUniqueName\",\n    TRY_CAST(\"ContractLineItems\".\"ServiceDetails_ExpectedAmount_AmountInReportingCurrency\" AS float) AS \"ServiceDetailsExpectedAmountInReportingCurrency\",\n    TRY_CAST(\"ContractLineItems\".\"ServiceDetails_ExpectedAmount_ApproxAmountInBaseCurrency\" AS float) AS \"ServiceDetailsExpectedApproxAmountInBaseCurrency\",\n    TRY_CAST(\"ContractLineItems\".\"ServiceDetails_ExpectedAmount_Amount\" AS float) AS \"ServiceDetailsExpectedAmountAmount\",\n    TRY_CAST(\"ContractLineItems\".\"ServiceDetails_ExpectedAmount_ConversionDate\" AS timestamp) AS \"ServiceDetailsExpectedAmountConversionDate\",\n    TRY_CAST(\"ContractLineItems\".\"ServiceDetails_ExpectedAmount_Currency_UniqueName\" AS float) AS \"ServiceDetailsExpectedAmountCurrencyUniqueName\",\n    TRY_CAST(\"ContractLineItems\".\"ChargeDetail_ChargeAmount_AmountInReportingCurrency\" AS float) AS \"ChargeDetailChargetAmountInReportingCurrency\",\n    TRY_CAST(\"ContractLineItems\".\"ChargeDetail_ChargeAmount_ApproxAmountInBaseCurrency\" AS float) AS \"ChargeDetailChargeApproxAmountInBaseCurrency\",\n    TRY_CAST(\"ContractLineItems\".\"ChargeDetail_ChargeAmount_Amount\" AS float) AS \"ChargeDetailChargeAmountAmount\",\n    TRY_CAST(\"ContractLineItems\".\"ChargeDetail_ChargeAmount_ConversionDate\" AS timestamp) AS \"ChargeDetailChargeAmountConversionDate\",\n    TRY_CAST(\"ContractLineItems\".\"ChargeDetail_ChargeAmount_Currency_UniqueName\" AS float) AS \"ChargeDetailChargeAmountCurrencyUniqueName\",\n    TRY_CAST(\"ContractLineItems\".\"Description_UnitOfMeasure_UniqueName\" AS varchar) AS \"DescriptionUnitOfMeasureUniqueName\",\n    TRY_CAST(\"ContractLineItems\".\"Description_NonContractPrice_AmountInReportingCurrency\" AS float) AS \"NonContractPriceAmountInReportingCurrency\",\n    TRY_CAST(\"ContractLineItems\".\"Description_NonContractPrice_ApproxAmountInBaseCurrency\" AS float) AS \"NonContractPriceApproxAmountInBaseCurrency\",\n    TRY_CAST(\"ContractLineItems\".\"Description_NonContractPrice_Amount\" AS float) AS \"DescriptionNonContractPriceAmount\",\n    TRY_CAST(\"ContractLineItems\".\"Description_NonContractPrice_ConversionDate\" AS timestamp) AS \"DescriptionNonContractPriceConversionDate\",\n    TRY_CAST(\"ContractLineItems\".\"Description_NonContractPrice_Currency_UniqueName\" AS varchar) AS \"DescriptionNonContractPriceCurrencyUniqueName\",\n    TRY_CAST(\"ContractLineItems\".\"Description_LineItem_NumberInCollection\" AS varchar) AS \"DescriptionLineItemNumberInCollection\",\n    TRY_CAST(\"ContractLineItems\".\"Description_ContractPrice_AmountInReportingCurrency\" AS float) AS \"ContractPriceAmountInReportingCurrency\",\n    TRY_CAST(\"ContractLineItems\".\"Description_ContractPrice_ApproxAmountInBaseCurrency\" AS float) AS \"ContractPriceApproxAmountInBaseCurrency\",\n    TRY_CAST(\"ContractLineItems\".\"Description_ContractPrice_Amount\" AS float) AS \"DescriptionContractPriceAmount\",\n    TRY_CAST(\"ContractLineItems\".\"Description_ContractPrice_ConversionDate\" AS timestamp) AS \"DescriptionContractPriceConversionDate\",\n    TRY_CAST(\"ContractLineItems\".\"Description_ContractPrice_Currency_UniqueName\" AS varchar) AS \"DescriptionContractPriceCurrencyUniqueName\",\n    TRY_CAST(\"ContractLineItems\".\"PricingTerms_UniqueName\" AS varchar) AS \"PricingTermsUniqueName\",\n    TRY_CAST(\"ContractLineItems\".\"MaxAmount_AmountInReportingCurrency\" AS float) AS \"MaxAmountAmountInReportingCurrency\",\n    TRY_CAST(\"ContractLineItems\".\"MaxAmount_ApproxAmountInBaseCurrency\" AS float) AS \"MaxAmountApproxAmountInBaseCurrency\",\n    TRY_CAST(\"ContractLineItems\".\"MaxAmount_Amount\" AS float) AS \"MaxAmountAmount\",\n    TRY_CAST(\"ContractLineItems\".\"MaxAmount_ConversionDate\" AS timestamp) AS \"MaxAmountConversionDate\",\n    TRY_CAST(\"ContractLineItems\".\"MaxAmount_Currency_UniqueName\" AS float) AS \"MaxAmountCurrencyUniqueName\",\n    TRY_CAST(\"ContractLineItems\".\"BillingAddress_State\" AS varchar) AS \"BillingAddressState\",\n    TRY_CAST(\"ContractLineItems\".\"BillingAddress_Phone\" AS varchar) AS \"BillingAddressPhone\",\n    TRY_CAST(\"ContractLineItems\".\"BillingAddress_Country_UniqueName\" AS varchar) AS \"BillingAddressCountryUniqueName\",\n    TRY_CAST(\"ContractLineItems\".\"BillingAddress_PostalCode\" AS varchar) AS \"BillingAddressPostalCode\",\n    TRY_CAST(\"ContractLineItems\".\"BillingAddress_City\" AS varchar) AS \"BillingAddressCity\",\n    TRY_CAST(\"ContractLineItems\".\"BillingAddress_Fax\" AS varchar) AS \"BillingAddressFax\",\n    TRY_CAST(\"ContractLineItems\".\"BillingAddress_UniqueName\" AS varchar) AS \"BillingAddressUniqueName\",\n    TRY_CAST(\"ContractLineItems\".\"BillingAddress_Name\" AS varchar) AS \"BillingAddressName\",\n    TRY_CAST(\"ContractLineItems\".\"BillingAddress_Lines\" AS varchar) AS \"BillingAddressLines\",\n    TRY_CAST(\"ContractLineItems\".\"SourcingRequest_UniqueName\" AS varchar) AS \"SourcingRequestUniqueName\",\n    TRY_CAST(\"ContractLineItems\".\"CommodityCode_UniqueName\" AS varchar) AS \"CommodityCodeUniqueName\",\n    TRY_CAST(\"ContractLineItems\".\"Supplier_UniqueName\" AS varchar) AS \"SupplierUniqueName\",\n    TRY_CAST(\"ContractLineItems\".\"Supplier_Name\" AS varchar) AS \"SupplierName\",\n    TRY_CAST(\"ContractLineItems\".\"ServiceDetails_MaxAmount_AmountInReportingCurrency\" AS float) AS \"ServiceDetailsMaxAmountInReportingCurrency\",\n    TRY_CAST(\"ContractLineItems\".\"ServiceDetails_MaxAmount_ApproxAmountInBaseCurrency\" AS float) AS \"ServiceDetailsMaxApproxAmountInBaseCurrency\",\n    TRY_CAST(\"ContractLineItems\".\"ServiceDetails_MaxAmount_Amount\" AS float) AS \"ServiceDetailsMaxAmountAmount\",\n    TRY_CAST(\"ContractLineItems\".\"ServiceDetails_MaxAmount_ConversionDate\" AS timestamp) AS \"ServiceDetailsMaxAmountConversionDate\",\n    TRY_CAST(\"ContractLineItems\".\"ServiceDetails_MaxAmount_Currency_UniqueName\" AS float) AS \"ServiceDetailsMaxAmountCurrencyUniqueName\",\n    TRY_CAST(\"ContractLineItems\".\"Amount_AmountInReportingCurrency\" AS float) AS \"AmountAmountInReportingCurrency\",\n    TRY_CAST(\"ContractLineItems\".\"Amount_ApproxAmountInBaseCurrency\" AS float) AS \"AmountApproxAmountInBaseCurrency\",\n    TRY_CAST(\"ContractLineItems\".\"Amount_Amount\" AS float) AS \"AmountAmount\",\n    TRY_CAST(\"ContractLineItems\".\"Amount_ConversionDate\" AS timestamp) AS \"AmountConversionDate\",\n    TRY_CAST(\"ContractLineItems\".\"Amount_Currency_UniqueName\" AS float) AS \"AmountCurrencyUniqueName\",\n    TRY_CAST(\"ContractLineItems\".\"TaxDetail_TaxableAmount_AmountInReportingCurrency\" AS float) AS \"TaxDetailTaxableAmountAmountInReportingCurrency\",\n    TRY_CAST(\"ContractLineItems\".\"TaxDetail_TaxableAmount_ApproxAmountInBaseCurrency\" AS float) AS \"TaxDetailTaxableApproxAmountInBaseCurrency\",\n    TRY_CAST(\"ContractLineItems\".\"TaxDetail_TaxableAmount_Amount\" AS float) AS \"TaxDetailTaxableAmountAmount\",\n    TRY_CAST(\"ContractLineItems\".\"TaxDetail_TaxableAmount_ConversionDate\" AS timestamp) AS \"TaxDetailTaxableAmountConversionDate\",\n    TRY_CAST(\"ContractLineItems\".\"TaxDetail_TaxableAmount_Currency_UniqueName\" AS float) AS \"TaxDetailTaxableAmountCurrencyUniqueName\",\n    TRY_CAST(\"ContractLineItems\".\"ParentKit_UniqueName\" AS varchar) AS \"ParentKitUniqueName\",\n    TRY_CAST(\"ContractLineItems\".\"Description_CustomPrice_AmountInReportingCurrency\" AS float) AS \"DescriptionCustomPriceAmountInReportingCurrency\",\n    TRY_CAST(\"ContractLineItems\".\"Description_CustomPrice_ApproxAmountInBaseCurrency\" AS float) AS \"DescriptionCustomPriceApproxAmountInBaseCurrency\",\n    TRY_CAST(\"ContractLineItems\".\"Description_CustomPrice_Amount\" AS float) AS \"DescriptionCustomPriceAmount\",\n    TRY_CAST(\"ContractLineItems\".\"Description_CustomPrice_ConversionDate\" AS timestamp) AS \"DescriptionCustomPriceConversionDate\",\n    TRY_CAST(\"ContractLineItems\".\"Description_CustomPrice_Currency_UniqueName\" AS varchar) AS \"DescriptionCustomPriceCurrencyUniqueName\",\n    TRY_CAST(\"ContractLineItems\".\"ShipTo_State\" AS varchar) AS \"ShipToState\",\n    TRY_CAST(\"ContractLineItems\".\"ShipTo_Phone\" AS varchar) AS \"ShipToPhone\",\n    TRY_CAST(\"ContractLineItems\".\"ShipTo_Country_UniqueName\" AS varchar) AS \"ShipToCountryUniqueName\",\n    TRY_CAST(\"ContractLineItems\".\"ShipTo_PostalCode\" AS varchar) AS \"ShipToPostalCode\",\n    TRY_CAST(\"ContractLineItems\".\"ShipTo_City\" AS varchar) AS \"ShipToCity\",\n    TRY_CAST(\"ContractLineItems\".\"ShipTo_Fax\" AS varchar) AS \"ShipToFax\",\n    TRY_CAST(\"ContractLineItems\".\"ShipTo_UniqueName\" AS varchar) AS \"ShipToUniqueName\",\n    TRY_CAST(\"ContractLineItems\".\"ShipTo_Name\" AS varchar) AS \"ShipToName\",\n    TRY_CAST(\"ContractLineItems\".\"ShipTo_Lines\" AS varchar) AS \"ShipToLines\",\n    TRY_CAST(\"ContractLineItems\".\"ItemMasterID_BuyerPartNumber\" AS varchar) AS \"ItemMasterIDBuyerPartNumber\",\n    TRY_CAST(\"ContractLineItems\".\"ItemMasterID_Facility\" AS varchar) AS \"ItemMasterIDFacility\",\n    TRY_CAST(\"ContractLineItems\".\"Accountings_Type_UniqueName\" AS varchar) AS \"AccountingsTypeUniqueName\",\n    TRY_CAST(\"ContractLineItems\".\"CommodityExportMapEntry_CommodityCode_UniqueName\" AS varchar) AS \"CommodityExportMapEntryCommodityCodeUniqueName\",\n    TRY_CAST(\"ContractLineItems\".\"CommodityExportMapEntry_CommodityCode_Name\" AS varchar) AS \"CommodityExportMapEntryCommodityCodeName\",\n    TRY_CAST(\"ContractLineItems\".\"CommodityExportMapEntry_AccountType_UniqueName\" AS varchar) AS \"CommodityExportMapEntryAccountTypeUniqueName\",\n    TRY_CAST(\"ContractLineItems\".\"CommodityExportMapEntry_AccountType_Name\" AS varchar) AS \"CommodityExportMapEntryAccountTypeName\",\n    TRY_CAST(\"ContractLineItems\".\"CommodityExportMapEntry_UniqueName\" AS varchar) AS \"CommodityExportMapEntryUniqueName\",\n    TRY_CAST(\"ContractLineItems\".\"BasePrice_AmountInReportingCurrency\" AS float) AS \"BasePriceAmountInReportingCurrency\",\n    TRY_CAST(\"ContractLineItems\".\"BasePrice_ApproxAmountInBaseCurrency\" AS float) AS \"BasePriceApproxAmountInBaseCurrency\",\n    TRY_CAST(\"ContractLineItems\".\"BasePrice_Amount\" AS float) AS \"BasePriceAmount\",\n    TRY_CAST(\"ContractLineItems\".\"BasePrice_ConversionDate\" AS timestamp) AS \"BasePriceConversionDate\",\n    TRY_CAST(\"ContractLineItems\".\"BasePrice_Currency_UniqueName\" AS varchar) AS \"BasePriceCurrencyUniqueName\",\n    TRY_CAST(\"ContractLineItems\".\"ChargeDetail_TaxAmount_AmountInReportingCurrency\" AS float) AS \"ChargeDetailTaxAmountAmountInReportingCurrency\",\n    TRY_CAST(\"ContractLineItems\".\"ChargeDetail_TaxAmount_ApproxAmountInBaseCurrency\" AS float) AS \"ChargeDetailTaxAmountApproxAmountInBaseCurrency\",\n    TRY_CAST(\"ContractLineItems\".\"ChargeDetail_TaxAmount_Amount\" AS float) AS \"ChargeDetailTaxAmountAmount\",\n    TRY_CAST(\"ContractLineItems\".\"ChargeDetail_TaxAmount_ConversionDate\" AS timestamp) AS \"ChargeDetailTaxAmountConversionDate\",\n    TRY_CAST(\"ContractLineItems\".\"ChargeDetail_TaxAmount_Currency_UniqueName\" AS float) AS \"ChargeDetailTaxAmountCurrencyUniqueName\",\n    TRY_CAST(\"ContractLineItems\".\"SupplierLocation_State\" AS varchar) AS \"SupplierLocationState\",\n    TRY_CAST(\"ContractLineItems\".\"SupplierLocation_Phone\" AS varchar) AS \"SupplierLocationPhone\",\n    TRY_CAST(\"ContractLineItems\".\"SupplierLocation_Country_UniqueName\" AS varchar) AS \"SupplierLocationCountryUniqueName\",\n    TRY_CAST(\"ContractLineItems\".\"SupplierLocation_PostalCode\" AS varchar) AS \"SupplierLocationPostalCode\",\n    TRY_CAST(\"ContractLineItems\".\"SupplierLocation_City\" AS varchar) AS \"SupplierLocationCity\",\n    TRY_CAST(\"ContractLineItems\".\"SupplierLocation_Fax\" AS varchar) AS \"SupplierLocationFax\",\n    TRY_CAST(\"ContractLineItems\".\"SupplierLocation_UniqueName\" AS varchar) AS \"SupplierLocationUniqueName\",\n    TRY_CAST(\"ContractLineItems\".\"SupplierLocation_Name\" AS varchar) AS \"SupplierLocationName\",\n    TRY_CAST(\"ContractLineItems\".\"SupplierLocation_Lines\" AS varchar) AS \"SupplierLocationLines\",\n    TRY_CAST(\"ContractLineItems\".\"TaxDetail_TaxAmount_AmountInReportingCurrency\" AS float) AS \"TaxDetailTaxAmountAmountInReportingCurrency\",\n    TRY_CAST(\"ContractLineItems\".\"TaxDetail_TaxAmount_ApproxAmountInBaseCurrency\" AS float) AS \"TaxDetailTaxAmountApproxAmountInBaseCurrency\",\n    TRY_CAST(\"ContractLineItems\".\"TaxDetail_TaxAmount_Amount\" AS float) AS \"TaxDetailTaxAmountAmount\",\n    TRY_CAST(\"ContractLineItems\".\"TaxDetail_TaxAmount_ConversionDate\" AS timestamp) AS \"TaxDetailTaxAmountConversionDate\",\n    TRY_CAST(\"ContractLineItems\".\"TaxDetail_TaxAmount_Currency_UniqueName\" AS float) AS \"TaxDetailTaxAmountCurrencyUniqueName\",\n    TRY_CAST(\"ContractLineItems\".\"PunchOut_UniqueName\" AS varchar) AS \"PunchOutUniqueName\",\n    TRY_CAST(\"ContractLineItems\".\"MinReleaseAmount_AmountInReportingCurrency\" AS float) AS \"MinReleaseAmountAmountInReportingCurrency\",\n    TRY_CAST(\"ContractLineItems\".\"MinReleaseAmount_ApproxAmountInBaseCurrency\" AS float) AS \"MinReleaseAmountApproxAmountInBaseCurrency\",\n    TRY_CAST(\"ContractLineItems\".\"MinReleaseAmount_Amount\" AS float) AS \"MinReleaseAmountAmount\",\n    TRY_CAST(\"ContractLineItems\".\"MinReleaseAmount_ConversionDate\" AS timestamp) AS \"MinReleaseAmountConversionDate\",\n    TRY_CAST(\"ContractLineItems\".\"MinReleaseAmount_Currency_UniqueName\" AS float) AS \"MinReleaseAmountCurrencyUniqueName\",\n    TRY_CAST(\"ContractLineItems\".\"TaxDetail_AlternateTaxAmount_AmountInReportingCurrency\" AS float) AS \"TaxDetailAlternateTaxAmountInReportingCurrency\",\n    TRY_CAST(\"ContractLineItems\".\"TaxDetail_AlternateTaxAmount_ApproxAmountInBaseCurrency\" AS float) AS \"TaxDetailAlternateTaxApproxAmountInBaseCurrency\",\n    TRY_CAST(\"ContractLineItems\".\"TaxDetail_AlternateTaxAmount_Amount\" AS float) AS \"TaxDetailAlternateTaxAmountAmount\",\n    TRY_CAST(\"ContractLineItems\".\"TaxDetail_AlternateTaxAmount_ConversionDate\" AS timestamp) AS \"TaxDetailAlternateTaxAmountConversionDate\",\n    TRY_CAST(\"ContractLineItems\".\"TaxDetail_AlternateTaxAmount_Currency_UniqueName\" AS float) AS \"TaxDetailAlternateTaxAmountCurrencyUniqueName\",\n    TRY_CAST(\"ContractLineItems\".\"ChargeDetail_TaxCode_UniqueName\" AS varchar) AS \"ChargeDetailTaxCodeUniqueName\",\n    TRY_CAST(\"ContractLineItems\".\"Description_PriceBasisQuantityUOM_UniqueName\" AS varchar) AS \"DescriptionPriceBasisQuantityUOMUniqueName\",\n    TRY_CAST(\"ContractLineItems\".\"Kit_UniqueName\" AS varchar) AS \"KitUniqueName\",\n    TRY_CAST(\"ContractLineItems\".\"PurchaseGroup_UniqueName\" AS varchar) AS \"PurchaseGroupUniqueName\",\n    TRY_CAST(\"ContractLineItems\".\"Form_UniqueName\" AS varchar) AS \"FormUniqueName\",\n    TRY_CAST(\"ContractLineItems\".\"ChargeDetail_ChargeType_UniqueName\" AS varchar) AS \"ChargeDetailChargeTypeUniqueName\",\n    TRY_CAST(\"ContractLineItems\".\"ReleaseUOM_UniqueName\" AS varchar) AS \"ReleaseUOMUniqueName\",\n    TRY_CAST(\"ContractLineItems\".\"PaymentTerms_UniqueName\" AS varchar) AS \"PaymentTermsUniqueName\",\n    TRY_CAST(\"ContractLineItems\".\"TaxCode_UniqueName\" AS varchar) AS \"TaxCodeUniqueName\",\n    TRY_CAST(\"ContractLineItems\".\"MinAmount_AmountInReportingCurrency\" AS float) AS \"MinAmountAmountInReportingCurrency\",\n    TRY_CAST(\"ContractLineItems\".\"MinAmount_ApproxAmountInBaseCurrency\" AS float) AS \"MinAmountApproxAmountInBaseCurrency\",\n    TRY_CAST(\"ContractLineItems\".\"MinAmount_Amount\" AS float) AS \"MinAmountAmount\",\n    TRY_CAST(\"ContractLineItems\".\"MinAmount_ConversionDate\" AS timestamp) AS \"MinAmountConversionDate\",\n    TRY_CAST(\"ContractLineItems\".\"MinAmount_Currency_UniqueName\" AS float) AS \"MinAmountCurrencyUniqueName\",\n    TRY_CAST(\"ContractLineItems\".\"LineType_UniqueName\" AS varchar) AS \"LineTypeUniqueName\",\n    TRY_CAST(\"ContractLineItems\".\"MaxReleaseAmount_AmountInReportingCurrency\" AS float) AS \"MaxReleaseAmountAmountInReportingCurrency\",\n    TRY_CAST(\"ContractLineItems\".\"MaxReleaseAmount_ApproxAmountInBaseCurrency\" AS float) AS \"MaxReleaseAmountApproxAmountInBaseCurrency\",\n    TRY_CAST(\"ContractLineItems\".\"MaxReleaseAmount_Amount\" AS float) AS \"MaxReleaseAmountAmount\",\n    TRY_CAST(\"ContractLineItems\".\"MaxReleaseAmount_ConversionDate\" AS timestamp) AS \"MaxReleaseAmountConversionDate\",\n    TRY_CAST(\"ContractLineItems\".\"MaxReleaseAmount_Currency_UniqueName\" AS float) AS \"MaxReleaseAmountCurrencyUniqueName\",\n    TRY_CAST(\"ContractLineItems\".\"Description_Price_AmountInReportingCurrency\" AS float) AS \"DescriptionPriceAmountInReportingCurrency\",\n    TRY_CAST(\"ContractLineItems\".\"Description_Price_ApproxAmountInBaseCurrency\" AS float) AS \"DescriptionPriceApproxAmountInBaseCurrency\",\n    TRY_CAST(\"ContractLineItems\".\"Description_Price_Amount\" AS float) AS \"DescriptionPriceAmount\",\n    TRY_CAST(\"ContractLineItems\".\"Description_Price_ConversionDate\" AS timestamp) AS \"DescriptionPriceConversionDate\",\n    TRY_CAST(\"ContractLineItems\".\"Description_Price_Currency_UniqueName\" AS varchar) AS \"DescriptionPriceCurrencyUniqueName\",\n    TRY_CAST(\"ContractLineItems\".\"TaxDetail_Component_UniqueName\" AS varchar) AS \"TaxDetailComponentUniqueName\",\n    TRY_CAST(\"ContractLineItems\".\"Milestone_Verifier_UniqueName\" AS varchar) AS \"MilestoneVerifierUniqueName\",\n    TRY_CAST(\"ContractLineItems\".\"OrderInfo_TransactionDate\" AS timestamp) AS \"OrderInfoTransactionDate\",\n    TRY_CAST(\"ContractLineItems\".\"OrderInfo_TransactionNumber\" AS varchar) AS \"OrderInfoTransactionNumber\",\n    TRY_CAST(\"ContractLineItems\".\"_CELONIS_CHANGE_DATE\" AS timestamp) AS \"CELONISCHANGEDATE\"\nFROM \"ContractLineItems\" AS \"ContractLineItems\"\nJOIN TMP_CEL_CONTRACT AS \"Contract\" ON 1=1\n    AND \"ContractLineItems\".\"Contract_UniqueName\" = \"Contract\".\"UniqueName\"\nWHERE 1=1\n    AND \"Contract\".\"RN\" = 1"
                    }
                ],
                "relationship_transformations": []
            }
        ]
    }
]