[
    {
        "change_date": 1736343274337.0,
        "changed_by": {
            "id": "2e501ed7-9bdf-4dd6-8328-d853f30e6a1b",
            "name": "c.demosthenous",
            "type_": "USER"
        },
        "created_by": {
            "id": "2e501ed7-9bdf-4dd6-8328-d853f30e6a1b",
            "name": "c.demosthenous",
            "type_": "USER"
        },
        "creation_date": 1736343273983.0,
        "data_connection_id": "00000000-0000-0000-0000-000000000000",
        "description": "",
        "disabled": null,
        "display_name": "UpdateSourcingProject transformation - copy - 5",
        "draft": null,
        "factory_id": "e901a8b4-562e-469e-be6b-8550c0f5e76d",
        "factory_validation_status": "VALID",
        "has_user_template": null,
        "local_parameters": [],
        "namespace": "custom",
        "target": {
            "entity_ref": {
                "name": "UpdateSourcingProject",
                "namespace": "custom"
            },
            "kind": "EVENT"
        },
        "transformations": [
            {
                "change_sql_factory_datasets": [],
                "foreign_key_names": [
                    "SourcingRequest",
                    "Sourcingproject"
                ],
                "namespace": "custom",
                "property_names": [
                    "ID",
                    "Time"
                ],
                "property_sql_factory_datasets": [
                    {
                        "id": "UpdateSourcingProjectAttributes",
                        "type_": "SQL_FACTORY_DATA_SET",
                        "complete_overwrite": false,
                        "disabled": false,
                        "materialise_cte": false,
                        "overwrite": null,
                        "sql": "\nSELECT\n\t'CreateSourcingProject' || '_' || \"SourcingProjectHistory\".\"ID\" AS \"ID\",\n    \"SourcingProject\".\"SourcingRequest_ID\" AS \"SourcingRequest\",\n    \"SourcingProject\".\"ID\" AS SourcingProject,\n\t\"SourcingProjectHistory\".\"TimeCreated\" AS \"Time\"\nFROM \"o_custom_SourcingProject\" AS \"SourcingProject\"\nJOIN \"o_custom_SourcingProjectHistory\" AS \"SourcingProjectHistory\" ON 1=1\n    AND \"SourcingProject\".\"ID\" = \"SourcingProjectHistory\".\"SourcingProject_ID\"\nWHERE 1=1\n    AND \"SourcingProjectHistory\".\"CREATEDATE\" IS NOT NULL\n    AND \"SourcingProjectHistory\".\"DocumentVersion\" < \"SourcingProject\".\"DocumentVersion\" "
                    }
                ],
                "relationship_transformations": []
            }
        ]
    }
]