[
    {
        "change_date": 1736343253978.0,
        "changed_by": {
            "id": "2e501ed7-9bdf-4dd6-8328-d853f30e6a1b",
            "name": "c.demosthenous",
            "type_": "USER"
        },
        "created_by": {
            "id": "2e501ed7-9bdf-4dd6-8328-d853f30e6a1b",
            "name": "c.demosthenous",
            "type_": "USER"
        },
        "creation_date": 1736343253145.0,
        "data_connection_id": "468823c6-32f7-4d9b-a9d3-ff1971688698",
        "description": "",
        "disabled": null,
        "display_name": "Bid transformation - 1000 - RAW test data sets_31 - Ariba Sourcing - 2",
        "draft": null,
        "factory_id": "d8697319-781c-472d-bffc-c79110277bdc",
        "factory_validation_status": "VALID",
        "has_user_template": null,
        "local_parameters": [
            {
                "name": "TimezoneOffset",
                "value": "-3"
            }
        ],
        "namespace": "custom",
        "target": {
            "entity_ref": {
                "name": "Bid",
                "namespace": "custom"
            },
            "kind": "OBJECT"
        },
        "transformations": [
            {
                "change_sql_factory_datasets": [],
                "foreign_key_names": [
                    "RfxDocument"
                ],
                "namespace": "custom",
                "property_names": [
                    "Active",
                    "AlternativeId",
                    "AlternativeStatus",
                    "AlternativeType",
                    "ContectDocumentReferenceDocumentId",
                    "ContectDocumentReferenceDocumentMinorVersion",
                    "ContectDocumentReferenceDocumentVersion",
                    "ContectDocumentReferenceUniqueName",
                    "ID",
                    "IsEmailBid",
                    "IsSurrogateBid",
                    "ProcessedDate",
                    "SavedDate",
                    "SliceId",
                    "SliceType",
                    "SubmissionDate",
                    "TimeCreated",
                    "TimeUpdated"
                ],
                "property_sql_factory_datasets": [
                    {
                        "id": "BidAttributes",
                        "type_": "SQL_FACTORY_DATA_SET",
                        "complete_overwrite": false,
                        "disabled": false,
                        "materialise_cte": false,
                        "overwrite": null,
                        "sql": "SELECT \n    'Bid_' || \"Bid\".\"AlternativeId\" as \"ID\",\n    'RFXDocument_' || \"Bid\".\"ContentDocumentReference_documentId\" as \"RFXDocument\",\n    \"Bid\".\"AlternativeId\" as \"AlternativeId\",\n    \"Bid\".\"AlternativeStatus\" as \"AlternativeStatus\",\n    CAST(\"Bid\".\"SliceType\" AS INT) as \"SliceType\",\n    TIMESTAMPADD(HOUR,<%=TimezoneOffset%>,\"Bid\".\"SavedDate\") as \"SavedDate\",\n    \"Bid\".\"SliceId\" as \"SliceId\",\n    \"Bid\".\"IsEmailBid\" as \"IsEmailBid\",\n    TIMESTAMPADD(HOUR,<%=TimezoneOffset%>,\"Bid\".\"SubmissionDate\") as \"SubmissionDate\",\n    \"Bid\".\"IsSurrogateBid\" as \"IsSurrogateBid\",\n    TIMESTAMPADD(HOUR,<%=TimezoneOffset%>,\"Bid\".\"TimeUpdated\") as \"TimeUpdated\",\n    TIMESTAMPADD(HOUR,<%=TimezoneOffset%>,\"Bid\".\"ProcessedDate\") as \"ProcessedDate\",\n    TIMESTAMPADD(HOUR,<%=TimezoneOffset%>,CAST(\"Bid\".\"TimeCreated\" AS TIMESTAMP)) as \"TimeCreated\",\n    \"Bid\".\"Active\" as \"Active\",\n    \"Bid\".\"AlternativeType\" as \"AlternativeType\",\n    \"Bid\".\"ContentDocumentReference_UniqueName\" as \"ContectDocumentReferenceUniqueName\",\n    \"Bid\".\"ContentDocumentReference_documentMinorVersion\" as \"ContectDocumentReferenceDocumentMinorVersion\",\n    \"Bid\".\"ContentDocumentReference_documentVersion\" as \"ContectDocumentReferenceDocumentVersion\",\n    \"Bid\".\"ContentDocumentReference_documentId\" as \"ContectDocumentReferenceDocumentId\"\nFROM \"RFXBid\" AS \"Bid\"\nWHERE 1=1\n    AND  \"Bid\".\"Active\" = 'true'"
                    }
                ],
                "relationship_transformations": []
            }
        ]
    }
]