[
    {
        "change_date": 1736247022051.0,
        "changed_by": {
            "id": "2e501ed7-9bdf-4dd6-8328-d853f30e6a1b",
            "name": "c.demosthenous",
            "type_": "USER"
        },
        "created_by": {
            "id": "2e501ed7-9bdf-4dd6-8328-d853f30e6a1b",
            "name": "c.demosthenous",
            "type_": "USER"
        },
        "creation_date": 1736247020836.0,
        "data_connection_id": "00000000-0000-0000-0000-000000000000",
        "description": "",
        "disabled": null,
        "display_name": "CreateSourcingRequest transformation - copy - 2",
        "draft": null,
        "factory_id": "8fac4df0-e162-4c1f-81c9-6c2b81f83479",
        "factory_validation_status": "VALID",
        "has_user_template": null,
        "local_parameters": [],
        "namespace": "custom",
        "target": {
            "entity_ref": {
                "name": "CreateSourcingRequest",
                "namespace": "custom"
            },
            "kind": "EVENT"
        },
        "transformations": [
            {
                "change_sql_factory_datasets": [],
                "foreign_key_names": [
                    "SourcingRequest"
                ],
                "namespace": "custom",
                "property_names": [
                    "ID",
                    "Time"
                ],
                "property_sql_factory_datasets": [
                    {
                        "id": "CreateSRAtt",
                        "type_": "SQL_FACTORY_DATA_SET",
                        "complete_overwrite": false,
                        "disabled": false,
                        "materialise_cte": false,
                        "overwrite": null,
                        "sql": "SELECT\n\t'CreateSourcingRequest' || '_' || \"SourcingRequestHistory\".\"ID\" AS \"ID\",\n    \"SourcingRequest\".\"ID\" AS SourcingRequest,\n\t\"SourcingRequestHistory\".\"CREATEDATE\" AS \"Time\"\nFROM \"o_custom_SourcingRequest\" AS \"SourcingRequest\"\nJOIN \"o_custom_SourcingRequestHistory\" AS \"SourcingRequestHistory\" ON 1=1\n    AND \"SourcingRequest\".\"ID\" = \"SourcingRequestHistory\".\"SourcingRequest_ID\"\nWHERE 1=1\n    AND \"SourcingRequestHistory\".\"CREATEDATE\" IS NOT NULL\n    AND \"SourcingRequestHistory\".\"DocumentVersion\" = 1\n    --AND \"SourcingRequest\".\"ID\" = 'SourcingRequest_SR797661257'"
                    }
                ],
                "relationship_transformations": []
            }
        ]
    }
]