[
    {
        "change_date": 1736420965866.0,
        "changed_by": {
            "id": "2e501ed7-9bdf-4dd6-8328-d853f30e6a1b",
            "name": "c.demosthenous",
            "type_": "USER"
        },
        "created_by": {
            "id": "2e501ed7-9bdf-4dd6-8328-d853f30e6a1b",
            "name": "c.demosthenous",
            "type_": "USER"
        },
        "creation_date": 1736420964928.0,
        "data_connection_id": "468823c6-32f7-4d9b-a9d3-ff1971688698",
        "description": "",
        "disabled": null,
        "display_name": "RFXItem transformation - 1000 - RAW test data sets_31 - Ariba Sourcing - 4",
        "draft": null,
        "factory_id": "de2852de-dc3f-4caf-88bf-0510e7447b3a",
        "factory_validation_status": "VALID",
        "has_user_template": null,
        "local_parameters": [
            {
                "name": "TimezoneOffset",
                "value": "-3"
            }
        ],
        "namespace": "custom",
        "target": {
            "entity_ref": {
                "name": "RFXItem",
                "namespace": "custom"
            },
            "kind": "OBJECT"
        },
        "transformations": [
            {
                "change_sql_factory_datasets": [],
                "foreign_key_names": [],
                "namespace": "custom",
                "property_names": [
                    "Active",
                    "ArbIncoterms",
                    "ArbItemCategory",
                    "ArbMaterialCode",
                    "ArbMaterialGroup",
                    "ArbMaterialNumber",
                    "ArbMaterialType",
                    "ArbPlant",
                    "ArbRequisitionId",
                    "ArbRequisitionLineItemNumber",
                    "ArbRfqId",
                    "ArbRfqLineItemNumber",
                    "Commodity",
                    "CommodityDomain",
                    "CommodityUniqueName",
                    "CurrencyUniqueName",
                    "DecimalPrecision",
                    "Description",
                    "DescriptionDefaultStringTranslation",
                    "EnvelopedIf",
                    "ExternalSystemCorrelationId",
                    "ID",
                    "IsRealItem",
                    "ItemId",
                    "ItemSubType",
                    "ItemType",
                    "LastUpdateDate",
                    "LineNumber",
                    "LinkedItemId",
                    "NextVersion",
                    "NextVersionUniqueName",
                    "Numbering",
                    "ParentItemId",
                    "ParticipantReadOnlyItem",
                    "RootItemId",
                    "SoftDelete",
                    "TargetScore",
                    "TimeCreated",
                    "TimeUpdated",
                    "Title",
                    "TitleDefaultStringTranslation",
                    "VersionId",
                    "Weight"
                ],
                "property_sql_factory_datasets": [
                    {
                        "id": "RfxItemAttributes",
                        "type_": "SQL_FACTORY_DATA_SET",
                        "complete_overwrite": false,
                        "disabled": false,
                        "materialise_cte": false,
                        "overwrite": null,
                        "sql": "SELECT \n    'RFXItem_' || \"RFXItem\".\"ItemId\" || '_' || \"RFXItem\".\"VersionId\"   as \"ID\",\n    --'RFXDocument_' || \"RFXDocument\".\"InternalId\" AS \"RFXDocument\",\n    \"RFXItem\".\"ItemId\" as \"ItemId\",\n    \"RFXItem\".\"VersionId\" as \"VersionId\",\n    \"RFXItem\".\"Description\" as \"Description\",\n    cast(\"RFXItem\".\"EnvelopeId\" as int) as \"EnvelopedIf\",\n    \"RFXItem\".\"IsRealItem\" as \"IsRealItem\",\n    \"RFXItem\".\"SoftDelete\" as \"SoftDelete\",\n    CASE \n        WHEN \"RFXItem\".\"ItemType\" = 'RootSectionItemType' THEN 'Root Section Item'\n        WHEN \"RFXItem\".\"ItemType\" = 'SectionItemType' THEN 'Section Item'\n        WHEN \"RFXItem\".\"ItemType\" = 'QuestionItemType' THEN 'Question Item'\n        WHEN \"RFXItem\".\"ItemType\" = 'LineItemType' THEN 'Line Item'\n        WHEN \"RFXItem\".\"ItemType\" = 'LotItemType' THEN 'Lot Item'\n        WHEN \"RFXItem\".\"ItemType\" = 'CostItemType' THEN 'Cost Item'\n        WHEN \"RFXItem\".\"ItemType\" = 'KPIItemType' THEN 'KPI Item'\n        ELSE \"RFXItem\".\"ItemType\"\n    END as \"ItemType\",\n    \"RFXItem\".\"DecimalPrecision\" as \"DecimalPrecision\",\n    \"RFXItem\".\"arb_RequisitionLineItemNumber\" as \"ArbRequisitionLineItemNumber\",\n    \"RFXItem\".\"arb_RequisitionId\" as \"ArbRequisitionId\",\n    \"RFXItem\".\"LineNumber\" as \"LineNumber\",\n    \"RFXItem\".\"ItemSubType\" as \"ItemSubType\",\n    TIMESTAMPADD(HOUR,<%=TimezoneOffset%>,cast(\"RFXItem\".\"TimeCreated\" as timestamp)) as \"TimeCreated\",\n    \"RFXItem\".\"arb_Plant\" as \"ArbPlant\",\n    \"RFXItem\".\"arb_Incoterms\" as \"ArbIncoterms\",\n    \"RFXItem\".\"arb_RFQLineItemNumber\" as \"ArbRfqLineItemNumber\",\n    \"RFXItem\".\"Commodity\" as \"Commodity\",\n    \"RFXItem\".\"Numbering\" as \"Numbering\",\n    \"RFXItem\".\"TargetScore\" as \"TargetScore\",\n    \"RFXItem\".\"ParticipantReadOnlyItem\" as \"ParticipantReadOnlyItem\",\n    \"RFXItem\".\"arb_MaterialNumber\" as \"ArbMaterialNumber\",\n    \"RFXItem\".\"arb_MaterialGroup\" as \"ArbMaterialGroup\",\n    \"RFXItem\".\"arb_MaterialCode\" as \"ArbMaterialCode\",\n    \"RFXItem\".\"Title\" as \"Title\",\n    TIMESTAMPADD(HOUR,<%=TimezoneOffset%>,\"RFXItem\".\"TimeUpdated\") as \"TimeUpdated\",\n    \"RFXItem\".\"Weight\" as \"Weight\",\n    \"RFXItem\".\"ParentItemId\" as \"ParentItemId\",\n    \"RFXItem\".\"Active\" as \"Active\",\n    \"RFXItem\".\"NextVersion\" as \"NextVersion\",\n    \"RFXItem\".\"LinkedItemId\" as \"LinkedItemId\",\n    \"RFXItem\".\"RootItemId\" as \"RootItemId\",\n    \"RFXItem\".\"arb_ItemCategory\" as \"ArbItemCategory\",\n    \"RFXItem\".\"ExternalSystemCorrelationId\" as \"ExternalSystemCorrelationId\",\n    \"RFXItem\".\"arb_RFQId\" as \"ArbRfqId\",\n    \"RFXItem\".\"arb_MaterialType\" as \"ArbMaterialType\",\n    TIMESTAMPADD(HOUR,<%=TimezoneOffset%>,\"RFXItem\".\"LastUpdateDate\") as \"LastUpdateDate\",\n    \"RFXItem\".\"Description_DefaultStringTranslation\" as \"DescriptionDefaultStringTranslation\",\n    \"RFXItem\".\"Commodity_Domain\" as \"CommodityDomain\",\n    \"RFXItem\".\"Commodity_UniqueName\" as \"CommodityUniqueName\",\n    \"RFXItem\".\"Currency_UniqueName\" as \"CurrencyUniqueName\",\n    \"RFXItem\".\"Title_DefaultStringTranslation\" as \"TitleDefaultStringTranslation\",\n    \"RFXItem\".\"NextVersion_UniqueName\" as \"NextVersionUniqueName\"\nFROM \"RfXItem\" as \"RFXItem\"\n--LEFT JOIN \"RFXDocument\" ON 1 = 1\n--    AND \"RFXDocument\".\"Content_RootItemId\" = \"RFXItem\".\"RootItemId\"\n--    AND \"RFXDocument\".\"DocumentVersion\" = \"RFXItem\".\"VersionId\"\nWHERE 1=1\n    AND \"RfXItem\".\"Active\" = 'true'"
                    }
                ],
                "relationship_transformations": [
                    {
                        "relationship_name": "RfxDocument",
                        "sql_factory_datasets": [
                            {
                                "id": "relRfxDocument",
                                "type_": "SQL_FACTORY_DATA_SET",
                                "complete_overwrite": false,
                                "disabled": false,
                                "materialise_cte": false,
                                "overwrite": null,
                                "sql": "SELECT \n    'RFXItem_' || \"RFXItem\".\"ItemId\" || '_' || \"RFXItem\".\"VersionId\"   as \"ID\",\n    'RFXDocument_' || \"RFXDocument\".\"InternalId\" AS \"RFXDocument\"\nFROM \"RfXItem\" as \"RFXItem\"\nJOIN \"RFXDocument\" ON 1 = 1\n    AND \"RFXDocument\".\"Content_RootItemId\" = \"RFXItem\".\"RootItemId\"\n    AND \"RFXDocument\".\"DocumentVersion\" = \"RFXItem\".\"VersionId\""
                            }
                        ]
                    }
                ]
            }
        ]
    }
]