[
    {
        "change_date": 1736420985773.0,
        "changed_by": {
            "id": "2e501ed7-9bdf-4dd6-8328-d853f30e6a1b",
            "name": "c.demosthenous",
            "type_": "USER"
        },
        "created_by": {
            "id": "2e501ed7-9bdf-4dd6-8328-d853f30e6a1b",
            "name": "c.demosthenous",
            "type_": "USER"
        },
        "creation_date": 1736420985397.0,
        "data_connection_id": "00000000-0000-0000-0000-000000000000",
        "description": "",
        "disabled": null,
        "display_name": "EndSourcingProject transformation - copy - 7",
        "draft": null,
        "factory_id": "da2d8114-d8e9-4b6b-b46e-6e9c387aceb0",
        "factory_validation_status": "VALID",
        "has_user_template": null,
        "local_parameters": [],
        "namespace": "custom",
        "target": {
            "entity_ref": {
                "name": "EndSourcingProject",
                "namespace": "custom"
            },
            "kind": "EVENT"
        },
        "transformations": [
            {
                "change_sql_factory_datasets": [],
                "foreign_key_names": [
                    "Sourcingproject"
                ],
                "namespace": "custom",
                "property_names": [
                    "ID",
                    "Time"
                ],
                "property_sql_factory_datasets": [
                    {
                        "id": "EndSourcingProjectAttributes",
                        "type_": "SQL_FACTORY_DATA_SET",
                        "complete_overwrite": false,
                        "disabled": false,
                        "materialise_cte": false,
                        "overwrite": null,
                        "sql": "SELECT\n\t'CreateSourcingProject'||'_'||\"SourcingProject\".\"ID\" AS \"ID\",\n\t\"SourcingProject\".\"EndDate\" AS \"Time\",\n    \"SourcingProject\".\"ID\" AS SourcingProject\nFROM \"o_custom_SourcingProject\" AS \"SourcingProject\"\nWHERE \"SourcingProject\".\"EndDate\" IS NOT NULL"
                    }
                ],
                "relationship_transformations": []
            }
        ]
    }
]