[
    {
        "change_date": 1736247053936.0,
        "changed_by": {
            "id": "2e501ed7-9bdf-4dd6-8328-d853f30e6a1b",
            "name": "c.demosthenous",
            "type_": "USER"
        },
        "created_by": {
            "id": "2e501ed7-9bdf-4dd6-8328-d853f30e6a1b",
            "name": "c.demosthenous",
            "type_": "USER"
        },
        "creation_date": 1736247053557.0,
        "data_connection_id": "00000000-0000-0000-0000-000000000000",
        "description": "",
        "disabled": null,
        "display_name": "CreateRequisition transformation - copy - 2",
        "draft": null,
        "factory_id": "27febdc2-273a-431b-a038-3d5428d21967",
        "factory_validation_status": "VALID",
        "has_user_template": null,
        "local_parameters": [],
        "namespace": "custom",
        "target": {
            "entity_ref": {
                "name": "CreateRequisition",
                "namespace": "custom"
            },
            "kind": "EVENT"
        },
        "transformations": [
            {
                "change_sql_factory_datasets": [],
                "foreign_key_names": [
                    "Requisition"
                ],
                "namespace": "custom",
                "property_names": [
                    "ID",
                    "Time"
                ],
                "property_sql_factory_datasets": [
                    {
                        "id": "CreateRequisitionAtributos",
                        "type_": "SQL_FACTORY_DATA_SET",
                        "complete_overwrite": false,
                        "disabled": false,
                        "materialise_cte": false,
                        "overwrite": null,
                        "sql": "SELECT\n\t\"RequisitionHistory\".\"Requisition_ID\" AS \"Requisition\",\n\t'CreateRequisition_' || \"RequisitionHistory\".\"ID\" AS \"ID\",\n\t\"RequisitionHistory\".\"CreateDate\" AS \"Time\"\nFROM \"o_custom_RequisitionHistory\" AS \"RequisitionHistory\"\nJOIN \"o_custom_Requisition\" AS \"Requisition\" ON 1=1\n  AND \"RequisitionHistory\".\"Requisition_ID\" = \"Requisition\".\"ID\"\nWHERE 1=1\n    AND \"RequisitionHistory\".\"CreateDate\" IS NOT NULL\n    AND \"RequisitionHistory\".\"VersionNumber\" = 1"
                    }
                ],
                "relationship_transformations": [
                    {
                        "relationship_name": "ContractItem",
                        "sql_factory_datasets": [
                            {
                                "id": "relContractItem",
                                "type_": "SQL_FACTORY_DATA_SET",
                                "complete_overwrite": false,
                                "disabled": false,
                                "materialise_cte": false,
                                "overwrite": null,
                                "sql": "SELECT\n\t'CreateRequisition_' || \"RequisitionHistory\".\"ID\" AS \"ID\",\n\t\"RequisitionItem\".\"ContractItem_ID\" AS \"ContractItem\"\nFROM \"o_custom_RequisitionHistory\" AS \"RequisitionHistory\"\nJOIN \"o_custom_Requisition\" AS \"Requisition\" ON 1=1\n  AND \"RequisitionHistory\".\"Requisition_ID\" = \"Requisition\".\"ID\"\nJOIN \"o_custom_RequisitionItem\" AS \"RequisitionItem\" ON 1=1\n    AND \"Requisition\".\"ID\" = \"RequisitionItem\".\"Requisition_ID\"\nWHERE 1=1\n    AND \"RequisitionItem\".\"ContractItem_ID\" IS NOT NULL\n    AND \"RequisitionHistory\".\"CreateDate\" IS NOT NULL\n    AND \"RequisitionHistory\".\"VersionNumber\" = 1"
                            }
                        ]
                    },
                    {
                        "relationship_name": "OperationalContract",
                        "sql_factory_datasets": [
                            {
                                "id": "relOperationalContract",
                                "type_": "SQL_FACTORY_DATA_SET",
                                "complete_overwrite": false,
                                "disabled": false,
                                "materialise_cte": false,
                                "overwrite": null,
                                "sql": "SELECT\n\t'CreateRequisition_' || \"RequisitionHistory\".\"ID\" AS \"ID\",\n\t\"OperationalContract\".\"ID\" AS \"OperationalContract\"\nFROM \"o_custom_RequisitionHistory\" AS \"RequisitionHistory\"\nJOIN \"o_custom_Requisition\" AS \"Requisition\" ON 1=1\n  AND \"RequisitionHistory\".\"Requisition_ID\" = \"Requisition\".\"ID\"\nJOIN \"o_custom_RequisitionItem\" AS \"Item\" ON 1=1\n    AND \"Requisition\".\"ID\" =  \"Item\".\"Requisition_ID\"\nJOIN \"o_custom_OperationalContract\" AS \"OperationalContract\" ON 1=1\n    AND \"Item\".\"OperationalContract_ID\" =  \"OperationalContract\".\"ID\"\nWHERE 1=1\n    AND \"OperationalContract\".\"ID\" IS NOT NULL\n    AND \"RequisitionHistory\".\"CreateDate\" IS NOT NULL\n    AND \"RequisitionHistory\".\"VersionNumber\" = 1"
                            }
                        ]
                    },
                    {
                        "relationship_name": "PurchaseRequisitionItem",
                        "sql_factory_datasets": [
                            {
                                "id": "relPRItem",
                                "type_": "SQL_FACTORY_DATA_SET",
                                "complete_overwrite": false,
                                "disabled": false,
                                "materialise_cte": false,
                                "overwrite": null,
                                "sql": "SELECT\n\t'CreateRequisition_' || \"RequisitionHistory\".\"ID\" AS \"ID\",\n    \"RequisitionItem\".\"PurchaseRequisitionItem_ID\" AS \"PurchaseRequisitionItem\"\nFROM \"o_custom_RequisitionHistory\" AS \"RequisitionHistory\"\nJOIN \"o_custom_Requisition\" AS \"Requisition\" ON 1=1\n  AND \"RequisitionHistory\".\"Requisition_ID\" = \"Requisition\".\"ID\"\nJOIN \"o_custom_RequisitionItem\" AS \"RequisitionItem\" ON 1=1\n    AND \"Requisition\".\"ID\" = \"RequisitionItem\".\"Requisition_ID\"\nWHERE 1=1\n    AND \"RequisitionItem\".\"PurchaseRequisitionItem_ID\" IS NOT NULL\n    AND \"RequisitionHistory\".\"CreateDate\" IS NOT NULL\n    AND \"RequisitionHistory\".\"VersionNumber\" = 1\n\n/*\nSELECT\n\t\"Requisition\".\"ID\" AS \"Requisition\",\n\t'CreateRequisition_' || \"Requisition\".\"ID\" AS \"ID\",\n\t\"Requisition\".\"CreateDate\" AS \"Time\"\nFROM \"o_custom_Requisition\" AS \"Requisition\"\nWHERE 1=1\n    AND \"Requisition\".\"CreateDate\" IS NOT NULL\n*/"
                            }
                        ]
                    },
                    {
                        "relationship_name": "RequisitionItem",
                        "sql_factory_datasets": [
                            {
                                "id": "relRequisitionItem",
                                "type_": "SQL_FACTORY_DATA_SET",
                                "complete_overwrite": false,
                                "disabled": false,
                                "materialise_cte": false,
                                "overwrite": null,
                                "sql": "SELECT\n\t'CreateRequisition_' || \"RequisitionHistory\".\"ID\" AS \"ID\",\n\t\"Item\".\"ID\" AS \"RequisitionItem\"\nFROM \"o_custom_RequisitionHistory\" AS \"RequisitionHistory\"\nJOIN \"o_custom_Requisition\" AS \"Requisition\" ON 1=1\n  AND \"RequisitionHistory\".\"Requisition_ID\" = \"Requisition\".\"ID\"\nJOIN \"o_custom_RequisitionItem\" AS \"Item\" ON 1=1\n    AND \"Requisition\".\"ID\" =  \"Item\".\"Requisition_ID\"\nWHERE 1=1\n    AND \"Item\".\"ID\" IS NOT NULL\n    AND \"RequisitionHistory\".\"CreateDate\" IS NOT NULL\n    AND \"RequisitionHistory\".\"VersionNumber\" = 1"
                            }
                        ]
                    }
                ]
            }
        ]
    }
]