[
    {
        "change_date": 1737036064941.0,
        "changed_by": {
            "id": "2e501ed7-9bdf-4dd6-8328-d853f30e6a1b",
            "name": "c.demosthenous",
            "type_": "USER"
        },
        "created_by": {
            "id": "2e501ed7-9bdf-4dd6-8328-d853f30e6a1b",
            "name": "c.demosthenous",
            "type_": "USER"
        },
        "creation_date": 1736341530729.0,
        "data_connection_id": "ad7bbed7-c036-4eb3-8f14-4924d1759a4b",
        "description": "",
        "disabled": null,
        "display_name": "ERPOrderLineItemHistory transformation - 1000 - RAW test data sets_32 - Ariba Procurement - 2",
        "draft": null,
        "factory_id": "57aabc77-964d-4ec5-8414-6f4646163165",
        "factory_validation_status": "VALID",
        "has_user_template": null,
        "local_parameters": [
            {
                "name": "TimezoneOffset",
                "value": "-3"
            }
        ],
        "namespace": "custom",
        "target": {
            "entity_ref": {
                "name": "ERPOrderLineItemHistory",
                "namespace": "custom"
            },
            "kind": "OBJECT"
        },
        "transformations": [
            {
                "change_sql_factory_datasets": [],
                "foreign_key_names": [
                    "ERPOrderLineItem"
                ],
                "namespace": "custom",
                "property_names": [
                    "AmountAcceptedAmount",
                    "AmountAcceptedAmountInReportingCurrency",
                    "AmountAcceptedApproxAmountInBaseCurrency",
                    "AmountAcceptedConversionDate",
                    "AmountAcceptedCurrencyUniqueName",
                    "AmountAmount",
                    "AmountAmountInReportingCurrency",
                    "AmountApproxAmountInBaseCurrency",
                    "AmountConversionDate",
                    "AmountCurrencyUniqueName",
                    "AmountInvoiced",
                    "AmountInvoicedAmount",
                    "AmountInvoicedAmountInReportingCurrency",
                    "AmountInvoicedApproxAmountInBaseCurrency",
                    "AmountInvoicedConversionDate",
                    "AmountInvoicedCurrencyUniqueName",
                    "BasePriceAmount",
                    "BasePriceAmountInReportingCurrency",
                    "BasePriceApproxAmountInBaseCurrency",
                    "BasePriceConversionDate",
                    "BasePriceCurrencyUniqueName",
                    "BillingAddressCity",
                    "BillingAddressCountryUniqueName",
                    "BillingAddressFax",
                    "BillingAddressLines",
                    "BillingAddressName",
                    "BillingAddressPhone",
                    "BillingAddressPostalCode",
                    "BillingAddressState",
                    "BillingAddressUniqueName",
                    "BoughtFromPreferredSupplier",
                    "Carrier",
                    "CarrierMethod",
                    "ChargeAmount",
                    "ChargeAmountAmount",
                    "ChargeAmountAmountInReportingCurrency",
                    "ChargeAmountApproxAmountInBaseCurrency",
                    "ChargeAmountConversionDate",
                    "ChargeAmountCurrencyUniqueName",
                    "Closed",
                    "CommodityCodeUniqueName",
                    "DeliverTo",
                    "DescriptionCommonCommodityCodeName",
                    "DescriptionCommonCommodityCodeUniqueName",
                    "DescriptionDescription",
                    "DescriptionExtendedDescription",
                    "DescriptionManName",
                    "DescriptionManPartNumber",
                    "DescriptionPriceAmount",
                    "DescriptionPriceAmountInReportingCurrency",
                    "DescriptionPriceApproxAmountInBaseCurrency",
                    "DescriptionPriceConversionDate",
                    "DescriptionPriceCurrencyUniqueName",
                    "DescriptionSupplierPartAuxiliaryID",
                    "DescriptionUnitOfMeasureUniqueName",
                    "DiscountAmount",
                    "DiscountAmountAmount",
                    "DiscountAmountAmountInReportingCurrency",
                    "DiscountAmountApproxAmountInBaseCurrency",
                    "DiscountAmountConversionDate",
                    "DiscountAmountCurrencyUniqueName",
                    "DueOn",
                    "ERPOrderUniqueName",
                    "ERSAllowed",
                    "EndDate",
                    "ID",
                    "IsAdHoc",
                    "IsPriceModifiedByUser",
                    "IsRecurring",
                    "ItemMasterID",
                    "ItemMasterIDBuyerPartNumber",
                    "ItemMasterIDFacility",
                    "LineConfirmationStatus",
                    "LineType",
                    "LineTypeUniqueName",
                    "MALineItemNumberInCollection",
                    "MasterAgreementUniqueName",
                    "NeedBy",
                    "NumberConfirmedAccepted",
                    "NumberConfirmedAcceptedWithChanges",
                    "NumberConfirmedBackOrdered",
                    "NumberConfirmedRejected",
                    "NumberConfirmedSubstituted",
                    "NumberInCollection",
                    "NumberOnReq",
                    "NumberShipped",
                    "OrderID",
                    "OrderMethodCategory",
                    "OrderedDate",
                    "OriginalPrice",
                    "OriginalPriceAmount",
                    "OriginalPriceAmountInReportingCurrency",
                    "OriginalPriceApproxAmountInBaseCurrency",
                    "OriginalPriceConversionDate",
                    "OriginalPriceCurrencyUniqueName",
                    "ParentLineNumber",
                    "PaymentTermsUniqueName",
                    "Quantity",
                    "RequisitionUniqueName",
                    "SAPPlant",
                    "SAPPlantUniqueName",
                    "ServiceAmountApprovedAmount",
                    "ServiceAmountApprovedAmountInReportingCurrency",
                    "ServiceAmountApprovedConversionDate",
                    "ServiceAmountApprovedCurrencyUniqueName",
                    "ServiceAmountUnderApprovalAmount",
                    "ServiceAmountUnderApprovalConversionDate",
                    "ServiceAmountUnderApprovalCurrencyUniqueName",
                    "ServiceAmountUnderApprovalInReportingCurrency",
                    "ServiceApproxAmountApprovedInBaseCurrency",
                    "ServiceApproxAmountUnderApprovalInBaseCurrency",
                    "ServiceDetailsApproxExpectedAmountInBaseCurrency",
                    "ServiceDetailsApproxMaxAmountInBaseCurrency",
                    "ServiceDetailsExpectedAmount",
                    "ServiceDetailsExpectedAmountAmount",
                    "ServiceDetailsExpectedAmountConversionDate",
                    "ServiceDetailsExpectedAmountCurrencyUniqueName",
                    "ServiceDetailsExpectedAmountInReportingCurrency",
                    "ServiceDetailsMaxAmount",
                    "ServiceDetailsMaxAmountAmount",
                    "ServiceDetailsMaxAmountConversionDate",
                    "ServiceDetailsMaxAmountCurrencyUniqueName",
                    "ServiceDetailsMaxAmountInReportingCurrency",
                    "ServiceDetailsRequiresServiceEntry",
                    "ServiceDetailsServiceEndDate",
                    "ServiceDetailsServiceLine",
                    "ServiceDetailsServiceStartDate",
                    "ShipToCity",
                    "ShipToCountryUniqueName",
                    "ShipToFax",
                    "ShipToLines",
                    "ShipToName",
                    "ShipToPhone",
                    "ShipToPostalCode",
                    "ShipToState",
                    "ShipToUniqueName",
                    "StartDate",
                    "SupplierLocationCity",
                    "SupplierLocationCountryUniqueName",
                    "SupplierLocationFax",
                    "SupplierLocationLines",
                    "SupplierLocationName",
                    "SupplierLocationPhone",
                    "SupplierLocationPostalCode",
                    "SupplierLocationState",
                    "SupplierLocationUniqueName",
                    "SupplierName",
                    "SupplierUniqueName",
                    "TaxAmount",
                    "TaxAmountAmount",
                    "TaxAmountAmountInReportingCurrency",
                    "TaxAmountApproxAmountInBaseCurrency",
                    "TaxAmountConversionDate",
                    "TaxAmountCurrencyUniqueName",
                    "TaxCode",
                    "TaxCodeUniqueName",
                    "TaxDetailAbatementPercent",
                    "TaxDetailAlternateTaxAmount",
                    "TaxDetailAlternateTaxAmountAmount",
                    "TaxDetailAlternateTaxAmountConversionDate",
                    "TaxDetailAlternateTaxAmountCurrencyUniqueName",
                    "TaxDetailAlternateTaxAmountInReportingCurrency",
                    "TaxDetailAlternateTaxApproxAmountInBaseCurrency",
                    "TaxDetailApproxTaxableAmountInBaseCurrency",
                    "TaxDetailCategory",
                    "TaxDetailComponent",
                    "TaxDetailComponentUniqueName",
                    "TaxDetailDescription",
                    "TaxDetailExemptDetail",
                    "TaxDetailFormulaString",
                    "TaxDetailIsDeductible",
                    "TaxDetailIsTriangularTransaction",
                    "TaxDetailPaymentDate",
                    "TaxDetailPerUnit",
                    "TaxDetailPercent",
                    "TaxDetailPurpose",
                    "TaxDetailTaxAmount",
                    "TaxDetailTaxAmountAmount",
                    "TaxDetailTaxAmountAmountInReportingCurrency",
                    "TaxDetailTaxAmountApproxAmountInBaseCurrency",
                    "TaxDetailTaxAmountConversionDate",
                    "TaxDetailTaxAmountCurrencyUniqueName",
                    "TaxDetailTaxLocation",
                    "TaxDetailTaxPointDate",
                    "TaxDetailTaxableAmount",
                    "TaxDetailTaxableAmountAmount",
                    "TaxDetailTaxableAmountConversionDate",
                    "TaxDetailTaxableAmountCurrencyUniqueName",
                    "TaxDetailTaxableAmountInReportingCurrency",
                    "TaxDetailTriangularTransactionLawReference",
                    "VATAmount",
                    "VATAmountAmount",
                    "VATAmountAmountInReportingCurrency",
                    "VATAmountApproxAmountInBaseCurrency",
                    "VATAmountConversionDate",
                    "VATAmountCurrencyUniqueName"
                ],
                "property_sql_factory_datasets": [
                    {
                        "id": "ERPOrderLineItemHistoryAtributos",
                        "type_": "SQL_FACTORY_DATA_SET",
                        "complete_overwrite": false,
                        "disabled": false,
                        "materialise_cte": false,
                        "overwrite": null,
                        "sql": "WITH CEL_TMP_ERPOrderLineItem AS (\n    SELECT \n        \"ERPOrderLineItems\".*\n        , \"ERPOrder\".\"InitialUniqueName\"\n        , ROW_NUMBER() OVER (PARTITION BY \"ERPOrder\".\"InitialUniqueName\" ORDER BY \"ERPOrder\".\"VersionNumber\" DESC) AS RN\n    FROM \"ERPOrderLineItems\"\n    JOIN \"ERPOrder\" ON 1=1\n        AND \"ERPOrderLineItems\".\"ERPOrder_UniqueName\" = \"ERPOrder\".\"UniqueName\"\n\n)\nSELECT\n    'ERPOrderLineItem_' || \"ERPOrderLineItems\".\"InitialUniqueName\" || '_' || \"ERPOrderLineItems\".\"NumberInCollection\" AS \"ERPOrderLineItem\",\n    'ERPOrderLineItemHistory_' || \"ERPOrderLineItems\".\"ERPOrder_UniqueName\" || '_' || \"ERPOrderLineItems\".\"NumberInCollection\" AS \"ID\",\n    TRY_CAST(\"ERPOrderLineItems\".\"NumberShipped\" AS integer) AS \"NumberShipped\",\n    TRY_CAST(\"ERPOrderLineItems\".\"NumberInCollection\" AS integer) AS \"NumberInCollection\",\n    TRY_CAST(\"ERPOrderLineItems\".\"TaxDetail_Purpose\" AS varchar) AS \"TaxDetailPurpose\",\n    TRY_CAST(\"ERPOrderLineItems\".\"Closed\" AS varchar) AS \"Closed\",\n    TRY_CAST(\"ERPOrderLineItems\".\"Carrier\" AS varchar) AS \"Carrier\",\n    TRY_CAST(\"ERPOrderLineItems\".\"NumberOnReq\" AS integer) AS \"NumberOnReq\",\n    TRY_CAST(\"ERPOrderLineItems\".\"OrderID\" AS varchar) AS \"OrderID\",\n    TRY_CAST(\"ERPOrderLineItems\".\"TaxDetail_ExemptDetail\" AS varchar) AS \"TaxDetailExemptDetail\",\n    TRY_CAST(\"ERPOrderLineItems\".\"DiscountAmount\" AS float) AS \"DiscountAmount\",\n    TRY_CAST(\"ERPOrderLineItems\".\"AmountInvoiced\" AS float) AS \"AmountInvoiced\",\n    TRY_CAST(\"ERPOrderLineItems\".\"IsPriceModifiedByUser\" AS varchar) AS \"IsPriceModifiedByUser\",\n    TRY_CAST(\"ERPOrderLineItems\".\"SAPPlant\" AS varchar) AS \"SAPPlant\",\n    TRY_CAST(\"ERPOrderLineItems\".\"ServiceDetails_MaxAmount\" AS float) AS \"ServiceDetailsMaxAmount\",\n    TRY_CAST(\"ERPOrderLineItems\".\"LineConfirmationStatus\" AS varchar) AS \"LineConfirmationStatus\",\n    TRY_CAST(\"ERPOrderLineItems\".\"VATAmount\" AS float) AS \"VATAmount\",\n    TRY_CAST(\"ERPOrderLineItems\".\"TaxDetail_TaxAmount\" AS float) AS \"TaxDetailTaxAmount\",\n    TRY_CAST(\"ERPOrderLineItems\".\"ServiceDetails_RequiresServiceEntry\" AS float) AS \"ServiceDetailsRequiresServiceEntry\",\n    TRY_CAST(\"ERPOrderLineItems\".\"OriginalPrice\" AS float) AS \"OriginalPrice\",\n    TRY_CAST(\"ERPOrderLineItems\".\"IsAdHoc\" AS varchar) AS \"IsAdHoc\",\n    TRY_CAST(\"ERPOrderLineItems\".\"TaxCode\" AS varchar) AS \"TaxCode\",\n    TIMESTAMPADD(HOUR,<%=TimezoneOffset%>,TRY_CAST(\"ERPOrderLineItems\".\"TaxDetail_PaymentDate\" AS timestamp)) AS \"TaxDetailPaymentDate\",\n    TRY_CAST(\"ERPOrderLineItems\".\"CarrierMethod\" AS varchar) AS \"CarrierMethod\",\n    TRY_CAST(\"ERPOrderLineItems\".\"LineType\" AS float) AS \"LineType\",\n    TRY_CAST(\"ERPOrderLineItems\".\"TaxDetail_FormulaString\" AS varchar) AS \"TaxDetailFormulaString\",\n    TIMESTAMPADD(HOUR,<%=TimezoneOffset%>,TRY_CAST(\"ERPOrderLineItems\".\"ServiceDetails_ServiceStartDate\" AS timestamp)) AS \"ServiceDetailsServiceStartDate\",\n    TIMESTAMPADD(HOUR,<%=TimezoneOffset%>,TRY_CAST(\"ERPOrderLineItems\".\"StartDate\" AS timestamp)) AS \"StartDate\",\n    TRY_CAST(\"ERPOrderLineItems\".\"NumberConfirmedAccepted\" AS integer) AS \"NumberConfirmedAccepted\",\n    TRY_CAST(\"ERPOrderLineItems\".\"Description_SupplierPartAuxiliaryID\" AS varchar) AS \"DescriptionSupplierPartAuxiliaryID\",\n    TRY_CAST(\"ERPOrderLineItems\".\"TaxAmount\" AS float) AS \"TaxAmount\",\n    TIMESTAMPADD(HOUR,<%=TimezoneOffset%>,TRY_CAST(\"ERPOrderLineItems\".\"OrderedDate\" AS timestamp)) AS \"OrderedDate\",\n    TRY_CAST(\"ERPOrderLineItems\".\"TaxDetail_TriangularTransactionLawReference\" AS varchar) AS \"TaxDetailTriangularTransactionLawReference\",\n    TRY_CAST(\"ERPOrderLineItems\".\"Description_ManPartNumber\" AS varchar) AS \"DescriptionManPartNumber\",\n    TIMESTAMPADD(HOUR,<%=TimezoneOffset%>,TRY_CAST(\"ERPOrderLineItems\".\"TaxDetail_TaxPointDate\" AS timestamp)) AS \"TaxDetailTaxPointDate\",\n    TRY_CAST(\"ERPOrderLineItems\".\"TaxDetail_TaxableAmount\" AS float) AS \"TaxDetailTaxableAmount\",\n    TRY_CAST(\"ERPOrderLineItems\".\"TaxDetail_PerUnit\" AS float) AS \"TaxDetailPerUnit\",\n    TRY_CAST(\"ERPOrderLineItems\".\"Quantity\" AS float) AS \"Quantity\",\n    TRY_CAST(\"ERPOrderLineItems\".\"Description_ManName\" AS varchar) AS \"DescriptionManName\",\n    TRY_CAST(\"ERPOrderLineItems\".\"Description_ExtendedDescription\" AS varchar) AS \"DescriptionExtendedDescription\",\n    TRY_CAST(\"ERPOrderLineItems\".\"ParentLineNumber\" AS varchar) AS \"ParentLineNumber\",\n    TRY_CAST(\"ERPOrderLineItems\".\"TaxDetail_IsDeductible\" AS float) AS \"TaxDetailIsDeductible\",\n    TRY_CAST(\"ERPOrderLineItems\".\"BoughtFromPreferredSupplier\" AS varchar) AS \"BoughtFromPreferredSupplier\",\n    TRY_CAST(\"ERPOrderLineItems\".\"NumberConfirmedBackOrdered\" AS integer) AS \"NumberConfirmedBackOrdered\",\n    TRY_CAST(\"ERPOrderLineItems\".\"TaxDetail_Percent\" AS float) AS \"TaxDetailPercent\",\n    TRY_CAST(\"ERPOrderLineItems\".\"DeliverTo\" AS varchar) AS \"DeliverTo\",\n    TRY_CAST(\"ERPOrderLineItems\".\"Description_Description\" AS varchar) AS \"DescriptionDescription\",\n    TRY_CAST(\"ERPOrderLineItems\".\"NumberConfirmedSubstituted\" AS integer) AS \"NumberConfirmedSubstituted\",\n    TRY_CAST(\"ERPOrderLineItems\".\"NumberConfirmedAcceptedWithChanges\" AS integer) AS \"NumberConfirmedAcceptedWithChanges\",\n    TIMESTAMPADD(HOUR,<%=TimezoneOffset%>,TRY_CAST(\"ERPOrderLineItems\".\"NeedBy\" AS timestamp)) AS \"NeedBy\",\n    TRY_CAST(\"ERPOrderLineItems\".\"ChargeAmount\" AS float) AS \"ChargeAmount\",\n    TRY_CAST(\"ERPOrderLineItems\".\"ServiceDetails_ServiceLine\" AS float) AS \"ServiceDetailsServiceLine\",\n    TRY_CAST(\"ERPOrderLineItems\".\"TaxDetail_AlternateTaxAmount\" AS float) AS \"TaxDetailAlternateTaxAmount\",\n    TRY_CAST(\"ERPOrderLineItems\".\"TaxDetail_Description\" AS varchar) AS \"TaxDetailDescription\",\n    TRY_CAST(\"ERPOrderLineItems\".\"TaxDetail_TaxLocation\" AS varchar) AS \"TaxDetailTaxLocation\",\n    TIMESTAMPADD(HOUR,<%=TimezoneOffset%>,TRY_CAST(\"ERPOrderLineItems\".\"DueOn\" AS timestamp)) AS \"DueOn\",\n    TRY_CAST(\"ERPOrderLineItems\".\"ERSAllowed\" AS varchar) AS \"ERSAllowed\",\n    TRY_CAST(\"ERPOrderLineItems\".\"IsRecurring\" AS varchar) AS \"IsRecurring\",\n    TRY_CAST(\"ERPOrderLineItems\".\"TaxDetail_Category\" AS varchar) AS \"TaxDetailCategory\",\n    TRY_CAST(\"ERPOrderLineItems\".\"TaxDetail_Component\" AS varchar) AS \"TaxDetailComponent\",\n    TIMESTAMPADD(HOUR,<%=TimezoneOffset%>,TRY_CAST(\"ERPOrderLineItems\".\"EndDate\" AS timestamp)) AS \"EndDate\",\n    TRY_CAST(\"ERPOrderLineItems\".\"OrderMethodCategory\" AS varchar) AS \"OrderMethodCategory\",\n    TRY_CAST(\"ERPOrderLineItems\".\"ItemMasterID\" AS varchar) AS \"ItemMasterID\",\n    TRY_CAST(\"ERPOrderLineItems\".\"NumberConfirmedRejected\" AS integer) AS \"NumberConfirmedRejected\",\n    TIMESTAMPADD(HOUR,<%=TimezoneOffset%>,TRY_CAST(\"ERPOrderLineItems\".\"ServiceDetails_ServiceEndDate\" AS timestamp)) AS \"ServiceDetailsServiceEndDate\",\n    TRY_CAST(\"ERPOrderLineItems\".\"TaxDetail_IsTriangularTransaction\" AS varchar) AS \"TaxDetailIsTriangularTransaction\",\n    TRY_CAST(\"ERPOrderLineItems\".\"ServiceDetails_ExpectedAmount\" AS float) AS \"ServiceDetailsExpectedAmount\",\n    TRY_CAST(\"ERPOrderLineItems\".\"TaxDetail_AbatementPercent\" AS float) AS \"TaxDetailAbatementPercent\",\n    TRY_CAST(\"ERPOrderLineItems\".\"ERPOrder_UniqueName\" AS varchar) AS \"ERPOrderUniqueName\",\n    TRY_CAST(\"ERPOrderLineItems\".\"BasePrice_AmountInReportingCurrency\" AS float) AS \"BasePriceAmountInReportingCurrency\",\n    TRY_CAST(\"ERPOrderLineItems\".\"BasePrice_ApproxAmountInBaseCurrency\" AS float) AS \"BasePriceApproxAmountInBaseCurrency\",\n    TRY_CAST(\"ERPOrderLineItems\".\"BasePrice_Amount\" AS float) AS \"BasePriceAmount\",\n    TIMESTAMPADD(HOUR,<%=TimezoneOffset%>,TRY_CAST(\"ERPOrderLineItems\".\"BasePrice_ConversionDate\" AS timestamp)) AS \"BasePriceConversionDate\",\n    TRY_CAST(\"ERPOrderLineItems\".\"BasePrice_Currency_UniqueName\" AS varchar) AS \"BasePriceCurrencyUniqueName\",\n    TRY_CAST(\"ERPOrderLineItems\".\"Description_CommonCommodityCode_UniqueName\" AS varchar) AS \"DescriptionCommonCommodityCodeUniqueName\",\n    TRY_CAST(\"ERPOrderLineItems\".\"Description_CommonCommodityCode_Name\" AS varchar) AS \"DescriptionCommonCommodityCodeName\",\n    TRY_CAST(\"ERPOrderLineItems\".\"OriginalPrice_AmountInReportingCurrency\" AS float) AS \"OriginalPriceAmountInReportingCurrency\",\n    TRY_CAST(\"ERPOrderLineItems\".\"OriginalPrice_ApproxAmountInBaseCurrency\" AS float) AS \"OriginalPriceApproxAmountInBaseCurrency\",\n    TRY_CAST(\"ERPOrderLineItems\".\"OriginalPrice_Amount\" AS float) AS \"OriginalPriceAmount\",\n    TIMESTAMPADD(HOUR,<%=TimezoneOffset%>,TRY_CAST(\"ERPOrderLineItems\".\"OriginalPrice_ConversionDate\" AS timestamp)) AS \"OriginalPriceConversionDate\",\n    TRY_CAST(\"ERPOrderLineItems\".\"OriginalPrice_Currency_UniqueName\" AS varchar) AS \"OriginalPriceCurrencyUniqueName\",\n    TRY_CAST(\"ERPOrderLineItems\".\"SupplierLocation_State\" AS varchar) AS \"SupplierLocationState\",\n    TRY_CAST(\"ERPOrderLineItems\".\"SupplierLocation_Phone\" AS varchar) AS \"SupplierLocationPhone\",\n    TRY_CAST(\"ERPOrderLineItems\".\"SupplierLocation_Country_UniqueName\" AS varchar) AS \"SupplierLocationCountryUniqueName\",\n    TRY_CAST(\"ERPOrderLineItems\".\"SupplierLocation_PostalCode\" AS varchar) AS \"SupplierLocationPostalCode\",\n    TRY_CAST(\"ERPOrderLineItems\".\"SupplierLocation_City\" AS varchar) AS \"SupplierLocationCity\",\n    TRY_CAST(\"ERPOrderLineItems\".\"SupplierLocation_Fax\" AS varchar) AS \"SupplierLocationFax\",\n    TRY_CAST(\"ERPOrderLineItems\".\"SupplierLocation_UniqueName\" AS varchar) AS \"SupplierLocationUniqueName\",\n    TRY_CAST(\"ERPOrderLineItems\".\"SupplierLocation_Name\" AS varchar) AS \"SupplierLocationName\",\n    TRY_CAST(\"ERPOrderLineItems\".\"SupplierLocation_Lines\" AS varchar) AS \"SupplierLocationLines\",\n    TRY_CAST(\"ERPOrderLineItems\".\"ChargeAmount_AmountInReportingCurrency\" AS float) AS \"ChargeAmountAmountInReportingCurrency\",\n    TRY_CAST(\"ERPOrderLineItems\".\"ChargeAmount_ApproxAmountInBaseCurrency\" AS float) AS \"ChargeAmountApproxAmountInBaseCurrency\",\n    TRY_CAST(\"ERPOrderLineItems\".\"ChargeAmount_Amount\" AS float) AS \"ChargeAmountAmount\",\n    TIMESTAMPADD(HOUR,<%=TimezoneOffset%>,TRY_CAST(\"ERPOrderLineItems\".\"ChargeAmount_ConversionDate\" AS timestamp)) AS \"ChargeAmountConversionDate\",\n    TRY_CAST(\"ERPOrderLineItems\".\"ChargeAmount_Currency_UniqueName\" AS varchar) AS \"ChargeAmountCurrencyUniqueName\",\n    TRY_CAST(\"ERPOrderLineItems\".\"TaxDetail_TaxAmount_AmountInReportingCurrency\" AS float) AS \"TaxDetailTaxAmountAmountInReportingCurrency\",\n    TRY_CAST(\"ERPOrderLineItems\".\"TaxDetail_TaxAmount_ApproxAmountInBaseCurrency\" AS float) AS \"TaxDetailTaxAmountApproxAmountInBaseCurrency\",\n    TRY_CAST(\"ERPOrderLineItems\".\"TaxDetail_TaxAmount_Amount\" AS float) AS \"TaxDetailTaxAmountAmount\",\n    TIMESTAMPADD(HOUR,<%=TimezoneOffset%>,TRY_CAST(\"ERPOrderLineItems\".\"TaxDetail_TaxAmount_ConversionDate\" AS timestamp)) AS \"TaxDetailTaxAmountConversionDate\",\n    TRY_CAST(\"ERPOrderLineItems\".\"TaxDetail_TaxAmount_Currency_UniqueName\" AS varchar) AS \"TaxDetailTaxAmountCurrencyUniqueName\",\n    TRY_CAST(\"ERPOrderLineItems\".\"TaxAmount_AmountInReportingCurrency\" AS float) AS \"TaxAmountAmountInReportingCurrency\",\n    TRY_CAST(\"ERPOrderLineItems\".\"TaxAmount_ApproxAmountInBaseCurrency\" AS float) AS \"TaxAmountApproxAmountInBaseCurrency\",\n    TRY_CAST(\"ERPOrderLineItems\".\"TaxAmount_Amount\" AS float) AS \"TaxAmountAmount\",\n    TIMESTAMPADD(HOUR,<%=TimezoneOffset%>,TRY_CAST(\"ERPOrderLineItems\".\"TaxAmount_ConversionDate\" AS timestamp)) AS \"TaxAmountConversionDate\",\n    TRY_CAST(\"ERPOrderLineItems\".\"TaxAmount_Currency_UniqueName\" AS varchar) AS \"TaxAmountCurrencyUniqueName\",\n    TRY_CAST(\"ERPOrderLineItems\".\"VATAmount_AmountInReportingCurrency\" AS float) AS \"VATAmountAmountInReportingCurrency\",\n    TRY_CAST(\"ERPOrderLineItems\".\"VATAmount_ApproxAmountInBaseCurrency\" AS float) AS \"VATAmountApproxAmountInBaseCurrency\",\n    TRY_CAST(\"ERPOrderLineItems\".\"VATAmount_Amount\" AS float) AS \"VATAmountAmount\",\n    TIMESTAMPADD(HOUR,<%=TimezoneOffset%>,TRY_CAST(\"ERPOrderLineItems\".\"VATAmount_ConversionDate\" AS timestamp)) AS \"VATAmountConversionDate\",\n    TRY_CAST(\"ERPOrderLineItems\".\"VATAmount_Currency_UniqueName\" AS varchar) AS \"VATAmountCurrencyUniqueName\",\n    TRY_CAST(\"ERPOrderLineItems\".\"TaxDetail_AlternateTaxAmount_AmountInReportingCurrency\" AS float) AS \"TaxDetailAlternateTaxAmountInReportingCurrency\",\n    TRY_CAST(\"ERPOrderLineItems\".\"TaxDetail_AlternateTaxAmount_ApproxAmountInBaseCurrency\" AS float) AS \"TaxDetailAlternateTaxApproxAmountInBaseCurrency\",\n    TRY_CAST(\"ERPOrderLineItems\".\"TaxDetail_AlternateTaxAmount_Amount\" AS float) AS \"TaxDetailAlternateTaxAmountAmount\",\n    TIMESTAMPADD(HOUR,<%=TimezoneOffset%>,TRY_CAST(\"ERPOrderLineItems\".\"TaxDetail_AlternateTaxAmount_ConversionDate\" AS timestamp)) AS \"TaxDetailAlternateTaxAmountConversionDate\",\n    TRY_CAST(\"ERPOrderLineItems\".\"TaxDetail_AlternateTaxAmount_Currency_UniqueName\" AS varchar) AS \"TaxDetailAlternateTaxAmountCurrencyUniqueName\",\n    TRY_CAST(\"ERPOrderLineItems\".\"AmountAccepted_AmountInReportingCurrency\" AS float) AS \"AmountAcceptedAmountInReportingCurrency\",\n    TRY_CAST(\"ERPOrderLineItems\".\"AmountAccepted_ApproxAmountInBaseCurrency\" AS float) AS \"AmountAcceptedApproxAmountInBaseCurrency\",\n    TRY_CAST(\"ERPOrderLineItems\".\"AmountAccepted_Amount\" AS float) AS \"AmountAcceptedAmount\",\n    TIMESTAMPADD(HOUR,<%=TimezoneOffset%>,TRY_CAST(\"ERPOrderLineItems\".\"AmountAccepted_ConversionDate\" AS timestamp)) AS \"AmountAcceptedConversionDate\",\n    TRY_CAST(\"ERPOrderLineItems\".\"AmountAccepted_Currency_UniqueName\" AS varchar) AS \"AmountAcceptedCurrencyUniqueName\",\n    TRY_CAST(\"ERPOrderLineItems\".\"DiscountAmount_AmountInReportingCurrency\" AS float) AS \"DiscountAmountAmountInReportingCurrency\",\n    TRY_CAST(\"ERPOrderLineItems\".\"DiscountAmount_ApproxAmountInBaseCurrency\" AS float) AS \"DiscountAmountApproxAmountInBaseCurrency\",\n    TRY_CAST(\"ERPOrderLineItems\".\"DiscountAmount_Amount\" AS float) AS \"DiscountAmountAmount\",\n    TIMESTAMPADD(HOUR,<%=TimezoneOffset%>,TRY_CAST(\"ERPOrderLineItems\".\"DiscountAmount_ConversionDate\" AS timestamp)) AS \"DiscountAmountConversionDate\",\n    TRY_CAST(\"ERPOrderLineItems\".\"DiscountAmount_Currency_UniqueName\" AS varchar) AS \"DiscountAmountCurrencyUniqueName\",\n    TRY_CAST(\"ERPOrderLineItems\".\"ServiceDetails_ExpectedAmount_AmountInReportingCurrency\" AS float) AS \"ServiceDetailsExpectedAmountInReportingCurrency\",\n    TRY_CAST(\"ERPOrderLineItems\".\"ServiceDetails_ExpectedAmount_ApproxAmountInBaseCurrency\" AS float) AS \"ServiceDetailsApproxExpectedAmountInBaseCurrency\",\n    TRY_CAST(\"ERPOrderLineItems\".\"ServiceDetails_ExpectedAmount_Amount\" AS float) AS \"ServiceDetailsExpectedAmountAmount\",\n    TIMESTAMPADD(HOUR,<%=TimezoneOffset%>,TRY_CAST(\"ERPOrderLineItems\".\"ServiceDetails_ExpectedAmount_ConversionDate\" AS timestamp)) AS \"ServiceDetailsExpectedAmountConversionDate\",\n    TRY_CAST(\"ERPOrderLineItems\".\"ServiceDetails_ExpectedAmount_Currency_UniqueName\" AS varchar) AS \"ServiceDetailsExpectedAmountCurrencyUniqueName\",\n    TRY_CAST(\"ERPOrderLineItems\".\"Description_UnitOfMeasure_UniqueName\" AS varchar) AS \"DescriptionUnitOfMeasureUniqueName\",\n    TRY_CAST(\"ERPOrderLineItems\".\"MasterAgreement_UniqueName\" AS varchar) AS \"MasterAgreementUniqueName\",\n    TRY_CAST(\"ERPOrderLineItems\".\"PaymentTerms_UniqueName\" AS varchar) AS \"PaymentTermsUniqueName\",\n    TRY_CAST(\"ERPOrderLineItems\".\"ServiceAmountApproved_AmountInReportingCurrency\" AS float) AS \"ServiceAmountApprovedAmountInReportingCurrency\",\n    TRY_CAST(\"ERPOrderLineItems\".\"ServiceAmountApproved_ApproxAmountInBaseCurrency\" AS float) AS \"ServiceApproxAmountApprovedInBaseCurrency\",\n    TRY_CAST(\"ERPOrderLineItems\".\"ServiceAmountApproved_Amount\" AS float) AS \"ServiceAmountApprovedAmount\",\n    TIMESTAMPADD(HOUR,<%=TimezoneOffset%>,TRY_CAST(\"ERPOrderLineItems\".\"ServiceAmountApproved_ConversionDate\" AS timestamp)) AS \"ServiceAmountApprovedConversionDate\",\n    TRY_CAST(\"ERPOrderLineItems\".\"ServiceAmountApproved_Currency_UniqueName\" AS varchar) AS \"ServiceAmountApprovedCurrencyUniqueName\",\n    TRY_CAST(\"ERPOrderLineItems\".\"BillingAddress_State\" AS varchar) AS \"BillingAddressState\",\n    TRY_CAST(\"ERPOrderLineItems\".\"BillingAddress_Phone\" AS varchar) AS \"BillingAddressPhone\",\n    TRY_CAST(\"ERPOrderLineItems\".\"BillingAddress_Country_UniqueName\" AS varchar) AS \"BillingAddressCountryUniqueName\",\n    TRY_CAST(\"ERPOrderLineItems\".\"BillingAddress_PostalCode\" AS varchar) AS \"BillingAddressPostalCode\",\n    TRY_CAST(\"ERPOrderLineItems\".\"BillingAddress_City\" AS varchar) AS \"BillingAddressCity\",\n    TRY_CAST(\"ERPOrderLineItems\".\"BillingAddress_Fax\" AS varchar) AS \"BillingAddressFax\",\n    TRY_CAST(\"ERPOrderLineItems\".\"BillingAddress_UniqueName\" AS varchar) AS \"BillingAddressUniqueName\",\n    TRY_CAST(\"ERPOrderLineItems\".\"BillingAddress_Name\" AS varchar) AS \"BillingAddressName\",\n    TRY_CAST(\"ERPOrderLineItems\".\"BillingAddress_Lines\" AS varchar) AS \"BillingAddressLines\",\n    TRY_CAST(\"ERPOrderLineItems\".\"TaxCode_UniqueName\" AS varchar) AS \"TaxCodeUniqueName\",\n    TRY_CAST(\"ERPOrderLineItems\".\"CommodityCode_UniqueName\" AS varchar) AS \"CommodityCodeUniqueName\",\n    TRY_CAST(\"ERPOrderLineItems\".\"Supplier_UniqueName\" AS varchar) AS \"SupplierUniqueName\",\n    TRY_CAST(\"ERPOrderLineItems\".\"Supplier_Name\" AS varchar) AS \"SupplierName\",\n    TRY_CAST(\"ERPOrderLineItems\".\"LineType_UniqueName\" AS varchar) AS \"LineTypeUniqueName\",\n    TRY_CAST(\"ERPOrderLineItems\".\"SAPPlant_UniqueName\" AS varchar) AS \"SAPPlantUniqueName\",\n    TRY_CAST(\"ERPOrderLineItems\".\"Description_Price_AmountInReportingCurrency\" AS float) AS \"DescriptionPriceAmountInReportingCurrency\",\n    TRY_CAST(\"ERPOrderLineItems\".\"Description_Price_ApproxAmountInBaseCurrency\" AS float) AS \"DescriptionPriceApproxAmountInBaseCurrency\",\n    TRY_CAST(\"ERPOrderLineItems\".\"Description_Price_Amount\" AS float) AS \"DescriptionPriceAmount\",\n    TIMESTAMPADD(HOUR,<%=TimezoneOffset%>,TRY_CAST(\"ERPOrderLineItems\".\"Description_Price_ConversionDate\" AS timestamp)) AS \"DescriptionPriceConversionDate\",\n    TRY_CAST(\"ERPOrderLineItems\".\"Description_Price_Currency_UniqueName\" AS varchar) AS \"DescriptionPriceCurrencyUniqueName\",\n    TRY_CAST(\"ERPOrderLineItems\".\"ServiceDetails_MaxAmount_AmountInReportingCurrency\" AS float) AS \"ServiceDetailsMaxAmountInReportingCurrency\",\n    TRY_CAST(\"ERPOrderLineItems\".\"ServiceDetails_MaxAmount_ApproxAmountInBaseCurrency\" AS float) AS \"ServiceDetailsApproxMaxAmountInBaseCurrency\",\n    TRY_CAST(\"ERPOrderLineItems\".\"ServiceDetails_MaxAmount_Amount\" AS float) AS \"ServiceDetailsMaxAmountAmount\",\n    TIMESTAMPADD(HOUR,<%=TimezoneOffset%>,TRY_CAST(\"ERPOrderLineItems\".\"ServiceDetails_MaxAmount_ConversionDate\" AS timestamp)) AS \"ServiceDetailsMaxAmountConversionDate\",\n    TRY_CAST(\"ERPOrderLineItems\".\"ServiceDetails_MaxAmount_Currency_UniqueName\" AS varchar) AS \"ServiceDetailsMaxAmountCurrencyUniqueName\",\n    TRY_CAST(\"ERPOrderLineItems\".\"TaxDetail_Component_UniqueName\" AS varchar) AS \"TaxDetailComponentUniqueName\",\n    TRY_CAST(\"ERPOrderLineItems\".\"Amount_AmountInReportingCurrency\" AS float) AS \"AmountAmountInReportingCurrency\",\n    TRY_CAST(\"ERPOrderLineItems\".\"Amount_ApproxAmountInBaseCurrency\" AS float) AS \"AmountApproxAmountInBaseCurrency\",\n    TRY_CAST(\"ERPOrderLineItems\".\"Amount_Amount\" AS float) AS \"AmountAmount\",\n    TIMESTAMPADD(HOUR,<%=TimezoneOffset%>,TRY_CAST(\"ERPOrderLineItems\".\"Amount_ConversionDate\" AS timestamp)) AS \"AmountConversionDate\",\n    TRY_CAST(\"ERPOrderLineItems\".\"Amount_Currency_UniqueName\" AS varchar) AS \"AmountCurrencyUniqueName\",\n    TRY_CAST(\"ERPOrderLineItems\".\"TaxDetail_TaxableAmount_AmountInReportingCurrency\" AS float) AS \"TaxDetailTaxableAmountInReportingCurrency\",\n    TRY_CAST(\"ERPOrderLineItems\".\"TaxDetail_TaxableAmount_ApproxAmountInBaseCurrency\" AS float) AS \"TaxDetailApproxTaxableAmountInBaseCurrency\",\n    TRY_CAST(\"ERPOrderLineItems\".\"TaxDetail_TaxableAmount_Amount\" AS float) AS \"TaxDetailTaxableAmountAmount\",\n    TIMESTAMPADD(HOUR,<%=TimezoneOffset%>,TRY_CAST(\"ERPOrderLineItems\".\"TaxDetail_TaxableAmount_ConversionDate\" AS timestamp)) AS \"TaxDetailTaxableAmountConversionDate\",\n    TRY_CAST(\"ERPOrderLineItems\".\"TaxDetail_TaxableAmount_Currency_UniqueName\" AS varchar) AS \"TaxDetailTaxableAmountCurrencyUniqueName\",\n    TRY_CAST(\"ERPOrderLineItems\".\"ServiceAmountUnderApproval_AmountInReportingCurrency\" AS float) AS \"ServiceAmountUnderApprovalInReportingCurrency\",\n    TRY_CAST(\"ERPOrderLineItems\".\"ServiceAmountUnderApproval_ApproxAmountInBaseCurrency\" AS float) AS \"ServiceApproxAmountUnderApprovalInBaseCurrency\",\n    TRY_CAST(\"ERPOrderLineItems\".\"ServiceAmountUnderApproval_Amount\" AS float) AS \"ServiceAmountUnderApprovalAmount\",\n    TIMESTAMPADD(HOUR,<%=TimezoneOffset%>,TRY_CAST(\"ERPOrderLineItems\".\"ServiceAmountUnderApproval_ConversionDate\" AS timestamp)) AS \"ServiceAmountUnderApprovalConversionDate\",\n    TRY_CAST(\"ERPOrderLineItems\".\"ServiceAmountUnderApproval_Currency_UniqueName\" AS varchar) AS \"ServiceAmountUnderApprovalCurrencyUniqueName\",\n    TRY_CAST(\"ERPOrderLineItems\".\"AmountInvoiced_AmountInReportingCurrency\" AS float) AS \"AmountInvoicedAmountInReportingCurrency\",\n    TRY_CAST(\"ERPOrderLineItems\".\"AmountInvoiced_ApproxAmountInBaseCurrency\" AS float) AS \"AmountInvoicedApproxAmountInBaseCurrency\",\n    TRY_CAST(\"ERPOrderLineItems\".\"AmountInvoiced_Amount\" AS float) AS \"AmountInvoicedAmount\",\n    TIMESTAMPADD(HOUR,<%=TimezoneOffset%>,TRY_CAST(\"ERPOrderLineItems\".\"AmountInvoiced_ConversionDate\" AS timestamp)) AS \"AmountInvoicedConversionDate\",\n    TRY_CAST(\"ERPOrderLineItems\".\"AmountInvoiced_Currency_UniqueName\" AS varchar) AS \"AmountInvoicedCurrencyUniqueName\",\n    TRY_CAST(\"ERPOrderLineItems\".\"ShipTo_State\" AS varchar) AS \"ShipToState\",\n    TRY_CAST(\"ERPOrderLineItems\".\"ShipTo_Phone\" AS varchar) AS \"ShipToPhone\",\n    TRY_CAST(\"ERPOrderLineItems\".\"ShipTo_Country_UniqueName\" AS varchar) AS \"ShipToCountryUniqueName\",\n    TRY_CAST(\"ERPOrderLineItems\".\"ShipTo_PostalCode\" AS varchar) AS \"ShipToPostalCode\",\n    TRY_CAST(\"ERPOrderLineItems\".\"ShipTo_City\" AS varchar) AS \"ShipToCity\",\n    TRY_CAST(\"ERPOrderLineItems\".\"ShipTo_Fax\" AS varchar) AS \"ShipToFax\",\n    TRY_CAST(\"ERPOrderLineItems\".\"ShipTo_UniqueName\" AS varchar) AS \"ShipToUniqueName\",\n    TRY_CAST(\"ERPOrderLineItems\".\"ShipTo_Name\" AS varchar) AS \"ShipToName\",\n    TRY_CAST(\"ERPOrderLineItems\".\"ShipTo_Lines\" AS varchar) AS \"ShipToLines\",\n    TRY_CAST(\"ERPOrderLineItems\".\"ItemMasterID_BuyerPartNumber\" AS varchar) AS \"ItemMasterIDBuyerPartNumber\",\n    TRY_CAST(\"ERPOrderLineItems\".\"ItemMasterID_Facility\" AS varchar) AS \"ItemMasterIDFacility\",\n    TRY_CAST(\"ERPOrderLineItems\".\"MALineItem_NumberInCollection\" AS varchar) AS \"MALineItemNumberInCollection\",\n    TRY_CAST(\"ERPOrderLineItems\".\"Requisition_UniqueName\" AS varchar) AS \"RequisitionUniqueName\"\nFROM \"CEL_TMP_ERPOrderLineItem\" AS \"ERPOrderLineItems\""
                    }
                ],
                "relationship_transformations": []
            }
        ]
    }
]