[
    {
        "change_date": 1737035438020.0,
        "changed_by": {
            "id": "2e501ed7-9bdf-4dd6-8328-d853f30e6a1b",
            "name": "c.demosthenous",
            "type_": "USER"
        },
        "created_by": {
            "id": "2e501ed7-9bdf-4dd6-8328-d853f30e6a1b",
            "name": "c.demosthenous",
            "type_": "USER"
        },
        "creation_date": 1736247000485.0,
        "data_connection_id": "ad7bbed7-c036-4eb3-8f14-4924d1759a4b",
        "description": "",
        "disabled": null,
        "display_name": "ERPOrder transformation - 1000 - RAW test data sets_32 - Ariba Procurement - 1",
        "draft": null,
        "factory_id": "51e31928-bc24-4b70-9c1e-96825a6cc77d",
        "factory_validation_status": "VALID",
        "has_user_template": null,
        "local_parameters": [
            {
                "name": "TimezoneOffset",
                "value": "-3"
            }
        ],
        "namespace": "custom",
        "target": {
            "entity_ref": {
                "name": "ERPOrder",
                "namespace": "custom"
            },
            "kind": "OBJECT"
        },
        "transformations": [
            {
                "change_sql_factory_datasets": [],
                "foreign_key_names": [
                    "PurchaseOrder"
                ],
                "namespace": "custom",
                "property_names": [
                    "Active",
                    "AdvancedShipNoticeState",
                    "AmountAcceptedAmount",
                    "AmountAcceptedAmountInReportingCurrency",
                    "AmountAcceptedApproxAmountInBaseCurrency",
                    "AmountAcceptedConversionDate",
                    "AmountAcceptedCurrencyUniqueName",
                    "AmountBilled",
                    "AmountBilledAmount",
                    "AmountBilledAmountInReportingCurrency",
                    "AmountBilledApproxAmountInBaseCurrency",
                    "AmountBilledConversionDate",
                    "AmountBilledCurrencyUniqueName",
                    "AmountCleared",
                    "AmountClearedAmount",
                    "AmountClearedAmountInReportingCurrency",
                    "AmountClearedApproxAmountInBaseCurrency",
                    "AmountClearedConversionDate",
                    "AmountClearedCurrencyUniqueName",
                    "AmountInvoiced",
                    "AmountInvoicedAmount",
                    "AmountInvoicedAmountInReportingCurrency",
                    "AmountInvoicedApproxAmountInBaseCurrency",
                    "AmountInvoicedConversionDate",
                    "AmountInvoicedCurrencyUniqueName",
                    "AmountReconciled",
                    "AmountReconciledAmount",
                    "AmountReconciledAmountInReportingCurrency",
                    "AmountReconciledApproxAmountInBaseCurrency",
                    "AmountReconciledConversionDate",
                    "AmountReconciledCurrencyUniqueName",
                    "AmountRejectedAmount",
                    "AmountRejectedAmountInReportingCurrency",
                    "AmountRejectedApproxAmountInBaseCurrency",
                    "AmountRejectedConversionDate",
                    "AmountRejectedCurrencyUniqueName",
                    "ApprovalRequestsVersion",
                    "ApprovedDate",
                    "ApprovedState",
                    "ChangedBy",
                    "ChangedByUniqueName",
                    "ChargeAmount",
                    "ChargeAmountAmount",
                    "ChargeAmountAmountInReportingCurrency",
                    "ChargeAmountApproxAmountInBaseCurrency",
                    "ChargeAmountConversionDate",
                    "ChargeAmountCurrencyUniqueName",
                    "Closed",
                    "CompanyCodeUniqueName",
                    "Conditions",
                    "ConditionsTAndCVersion",
                    "ConditionsUniqueName",
                    "CreateDate",
                    "ExpirationDate",
                    "HoldTillDate",
                    "ID",
                    "InitialUniqueName",
                    "InvoicedDate",
                    "InvoicedState",
                    "IsBlanketOrder",
                    "IsFromExternalReq",
                    "IsServiceOrder",
                    "LastModified",
                    "ManuallyOrdered",
                    "MasterAgreementUniqueName",
                    "Name",
                    "NextVersionUniqueName",
                    "NumberBilled",
                    "NumberCleared",
                    "NumberReceivableLineItems",
                    "NumberReceivableOrders",
                    "OrderConfirmationState",
                    "OrderConfirmationStatusString",
                    "OrderID",
                    "OrderMethodCategory",
                    "OrderStatusPunchOutDisabled",
                    "OrderedDate",
                    "OrderedState",
                    "OriginatingSystem",
                    "OriginatingSystemReferenceID",
                    "PaymentTerms",
                    "PaymentTermsUniqueName",
                    "PreOrdered",
                    "PreparerUniqueName",
                    "PreviousApprovalRequestsVersion",
                    "PreviousVersion",
                    "PreviousVersionUniqueName",
                    "ReceivedDate",
                    "ReceivedState",
                    "RejectionReason",
                    "ReportingCurrencyUniqueName",
                    "RequesterUniqueName",
                    "Requisition",
                    "RequisitionUniqueName",
                    "ResubmitDate",
                    "StatusString",
                    "SubmitDate",
                    "SupplierLocationCity",
                    "SupplierLocationCountryUniqueName",
                    "SupplierLocationFax",
                    "SupplierLocationLines",
                    "SupplierLocationName",
                    "SupplierLocationPhone",
                    "SupplierLocationPostalCode",
                    "SupplierLocationState",
                    "SupplierLocationUniqueName",
                    "SupplierName",
                    "SupplierUniqueName",
                    "TimeCreated",
                    "TimeUpdated",
                    "TotalCostAmount",
                    "TotalCostAmountInReportingCurrency",
                    "TotalCostApproxAmountInBaseCurrency",
                    "TotalCostConversionDate",
                    "TotalCostCurrencyUniqueName",
                    "Type",
                    "UniqueName",
                    "UsePOLineNumberForIntegration",
                    "Version",
                    "VersionNumber"
                ],
                "property_sql_factory_datasets": [
                    {
                        "id": "ERPOrderAtributos",
                        "type_": "SQL_FACTORY_DATA_SET",
                        "complete_overwrite": false,
                        "disabled": false,
                        "materialise_cte": false,
                        "overwrite": null,
                        "sql": "WITH CEL_TMP_ERPOrder AS (\n    SELECT \n        *\n        , ROW_NUMBER() OVER (PARTITION BY \"ERPOrder\".\"InitialUniqueName\" ORDER BY \"ERPOrder\".\"VersionNumber\" DESC) AS RN\n    FROM \"ERPOrder\"\n)\nSELECT\n    'ERPOrder_' || \"ERPOrder\".\"InitialUniqueName\" AS \"ID\",\n    'PurchaseOrder_300' || \"ERPOrder\".\"OrderID\" AS \"PurchaseOrder\",\n    \"ERPOrder\".\"InitialUniqueName\" AS \"InitialUniqueName\",\n    TIMESTAMPADD(HOUR,<%=TimezoneOffset%>,CAST(\"ERPOrder\".\"SubmitDate\" AS timestamp)) AS \"SubmitDate\",\n    \"ERPOrder\".\"OrderStatusPunchOutDisabled\" AS \"OrderStatusPunchOutDisabled\",\n    TRY_CAST(\"ERPOrder\".\"ChargeAmount\" AS float) AS \"ChargeAmount\",\n    TIMESTAMPADD(HOUR,<%=TimezoneOffset%>,CAST(\"ERPOrder\".\"LastModified\" AS timestamp)) AS \"LastModified\",\n    \"ERPOrder\".\"OrderConfirmationState\" AS \"OrderConfirmationState\",\n    \"ERPOrder\".\"AdvancedShipNoticeState\" AS \"AdvancedShipNoticeState\",\n    \"ERPOrder\".\"ChangedBy\" AS \"ChangedBy\",\n    \"ERPOrder\".\"OrderConfirmationStatusString\" AS \"OrderConfirmationStatusString\",\n    TIMESTAMPADD(HOUR,<%=TimezoneOffset%>,CAST(\"ERPOrder\".\"ResubmitDate\" AS timestamp)) AS \"ResubmitDate\",\n    TRY_CAST(\"ERPOrder\".\"NumberCleared\" AS int) AS \"NumberCleared\",\n    TRY_CAST(\"ERPOrder\".\"AmountBilled\" AS float) AS \"AmountBilled\",\n    \"ERPOrder\".\"UniqueName\" AS \"UniqueName\",\n    \"ERPOrder\".\"ManuallyOrdered\" AS \"ManuallyOrdered\",\n    TRY_CAST(\"ERPOrder\".\"AmountCleared\" AS float) AS \"AmountCleared\",\n    \"ERPOrder\".\"OriginatingSystem\" AS \"OriginatingSystem\",\n    TRY_CAST(\"ERPOrder\".\"NumberReceivableLineItems\" AS integer) AS \"NumberReceivableLineItems\",\n    TRY_CAST(\"ERPOrder\".\"AmountReconciled\" AS float) AS \"AmountReconciled\",\n    \"ERPOrder\".\"StatusString\" AS \"StatusString\",\n    \"ERPOrder\".\"IsBlanketOrder\" AS \"IsBlanketOrder\",\n    TRY_CAST(\"ERPOrder\".\"AmountInvoiced\" AS float) AS \"AmountInvoiced\",\n    TIMESTAMPADD(HOUR,<%=TimezoneOffset%>,CAST(\"ERPOrder\".\"TimeUpdated\" AS timestamp)) AS \"TimeUpdated\",\n    TRY_CAST(\"ERPOrder\".\"VersionNumber\" AS integer) AS \"VersionNumber\",\n    \"ERPOrder\".\"Type\" AS \"Type\",\n    TIMESTAMPADD(HOUR,<%=TimezoneOffset%>,CAST(\"ERPOrder\".\"ExpirationDate\" AS timestamp)) AS \"ExpirationDate\",\n    \"ERPOrder\".\"IsServiceOrder\" AS \"IsServiceOrder\",\n    \"ERPOrder\".\"Requisition\" AS \"Requisition\",\n    \"ERPOrder\".\"ApprovedState\" AS \"ApprovedState\",\n    \"ERPOrder\".\"InvoicedState\" AS \"InvoicedState\",\n    TIMESTAMPADD(HOUR,<%=TimezoneOffset%>,CAST(\"ERPOrder\".\"HoldTillDate\" AS timestamp)) AS \"HoldTillDate\",\n    \"ERPOrder\".\"ReceivedState\" AS \"ReceivedState\",\n    TRY_CAST(\"ERPOrder\".\"NumberReceivableOrders\" AS integer) AS \"NumberReceivableOrders\",\n    \"ERPOrder\".\"OrderID\" AS \"OrderID\",\n    TIMESTAMPADD(HOUR,<%=TimezoneOffset%>,CAST(\"ERPOrder\".\"CreateDate\" AS timestamp)) AS \"CreateDate\",\n    \"ERPOrder\".\"Conditions\" AS \"Conditions\",\n    \"ERPOrder\".\"Name\" AS \"Name\",\n    TIMESTAMPADD(HOUR,<%=TimezoneOffset%>,CAST(\"ERPOrder\".\"TimeCreated\" AS timestamp)) AS \"TimeCreated\",\n    TRY_CAST(\"ERPOrder\".\"Version\" AS integer) AS \"Version\",\n    TIMESTAMPADD(HOUR,<%=TimezoneOffset%>,CAST(\"ERPOrder\".\"InvoicedDate\" AS timestamp)) AS \"InvoicedDate\",\n    \"ERPOrder\".\"UsePOLineNumberForIntegration\" AS \"UsePOLineNumberForIntegration\",\n    TIMESTAMPADD(HOUR,<%=TimezoneOffset%>,CAST(\"ERPOrder\".\"ApprovedDate\" AS timestamp)) AS \"ApprovedDate\",\n    \"ERPOrder\".\"OrderedState\" AS \"OrderedState\",\n    TRY_CAST(\"ERPOrder\".\"PreviousApprovalRequestsVersion\" AS integer) AS \"PreviousApprovalRequestsVersion\",\n    \"ERPOrder\".\"OrderMethodCategory\" AS \"OrderMethodCategory\",\n    \"ERPOrder\".\"RejectionReason\" AS \"RejectionReason\",\n    \"ERPOrder\".\"Active\" AS \"Active\",\n    TIMESTAMPADD(HOUR,<%=TimezoneOffset%>,CAST(\"ERPOrder\".\"ReceivedDate\" AS timestamp)) AS \"ReceivedDate\",\n    TRY_CAST(\"ERPOrder\".\"NumberBilled\" AS integer) AS \"NumberBilled\",\n    TIMESTAMPADD(HOUR,<%=TimezoneOffset%>,CAST(\"ERPOrder\".\"OrderedDate\" AS timestamp)) AS \"OrderedDate\",\n    \"ERPOrder\".\"IsFromExternalReq\" AS \"IsFromExternalReq\",\n    \"ERPOrder\".\"PaymentTerms\" AS \"PaymentTerms\",\n    \"ERPOrder\".\"PreOrdered\" AS \"PreOrdered\",\n    \"ERPOrder\".\"PreviousVersion\" AS \"PreviousVersion\",\n    TRY_CAST(\"ERPOrder\".\"ApprovalRequestsVersion\" AS integer) AS \"ApprovalRequestsVersion\",\n    \"ERPOrder\".\"OriginatingSystemReferenceID\" AS \"OriginatingSystemReferenceID\",\n    \"ERPOrder\".\"Closed\" AS \"Closed\",\n    \"ERPOrder\".\"SupplierLocation_State\" AS \"SupplierLocationState\",\n    \"ERPOrder\".\"SupplierLocation_Phone\" AS \"SupplierLocationPhone\",\n    \"ERPOrder\".\"SupplierLocation_Country_UniqueName\" AS \"SupplierLocationCountryUniqueName\",\n    \"ERPOrder\".\"SupplierLocation_PostalCode\" AS \"SupplierLocationPostalCode\",\n    \"ERPOrder\".\"SupplierLocation_City\" AS \"SupplierLocationCity\",\n    \"ERPOrder\".\"SupplierLocation_Fax\" AS \"SupplierLocationFax\",\n    \"ERPOrder\".\"SupplierLocation_UniqueName\" AS \"SupplierLocationUniqueName\",\n    \"ERPOrder\".\"SupplierLocation_Name\" AS \"SupplierLocationName\",\n    \"ERPOrder\".\"SupplierLocation_Lines\" AS \"SupplierLocationLines\",\n    \"ERPOrder\".\"ChargeAmount_AmountInReportingCurrency\" AS \"ChargeAmountAmountInReportingCurrency\",\n    \"ERPOrder\".\"ChargeAmount_ApproxAmountInBaseCurrency\" AS \"ChargeAmountApproxAmountInBaseCurrency\",\n    TRY_CAST(\"ERPOrder\".\"ChargeAmount_Amount\" AS float) AS \"ChargeAmountAmount\",\n    TIMESTAMPADD(HOUR,<%=TimezoneOffset%>,CAST(\"ERPOrder\".\"ChargeAmount_ConversionDate\" AS timestamp)) AS \"ChargeAmountConversionDate\",\n    \"ERPOrder\".\"ChargeAmount_Currency_UniqueName\" AS \"ChargeAmountCurrencyUniqueName\",\n    \"ERPOrder\".\"Conditions_UniqueName\" AS \"ConditionsUniqueName\",\n    TRY_CAST(\"ERPOrder\".\"Conditions_TAndCVersion\" AS float) AS \"ConditionsTAndCVersion\",\n    TRY_CAST(\"ERPOrder\".\"TotalCost_AmountInReportingCurrency\" AS float) AS \"TotalCostAmountInReportingCurrency\",\n    TRY_CAST(\"ERPOrder\".\"TotalCost_ApproxAmountInBaseCurrency\" AS float) AS \"TotalCostApproxAmountInBaseCurrency\",\n    TRY_CAST(\"ERPOrder\".\"TotalCost_Amount\" AS float) AS \"TotalCostAmount\",\n    TIMESTAMPADD(HOUR,<%=TimezoneOffset%>,CAST(\"ERPOrder\".\"TotalCost_ConversionDate\" AS timestamp)) AS \"TotalCostConversionDate\",\n    \"ERPOrder\".\"TotalCost_Currency_UniqueName\" AS \"TotalCostCurrencyUniqueName\",\n    \"ERPOrder\".\"Requester_UniqueName\" AS \"RequesterUniqueName\",\n    TRY_CAST(\"ERPOrder\".\"AmountAccepted_AmountInReportingCurrency\" AS float) AS \"AmountAcceptedAmountInReportingCurrency\",\n    TRY_CAST(\"ERPOrder\".\"AmountAccepted_ApproxAmountInBaseCurrency\" AS float) AS \"AmountAcceptedApproxAmountInBaseCurrency\",\n    TRY_CAST(\"ERPOrder\".\"AmountAccepted_Amount\" AS float) AS \"AmountAcceptedAmount\",\n    TIMESTAMPADD(HOUR,<%=TimezoneOffset%>,CAST(\"ERPOrder\".\"AmountAccepted_ConversionDate\" AS timestamp)) AS \"AmountAcceptedConversionDate\",\n    \"ERPOrder\".\"AmountAccepted_Currency_UniqueName\" AS \"AmountAcceptedCurrencyUniqueName\",\n    \"ERPOrder\".\"ChangedBy_UniqueName\" AS \"ChangedByUniqueName\",\n    TRY_CAST(\"ERPOrder\".\"AmountBilled_AmountInReportingCurrency\" AS float) AS \"AmountBilledAmountInReportingCurrency\",\n    TRY_CAST(\"ERPOrder\".\"AmountBilled_ApproxAmountInBaseCurrency\" AS float) AS \"AmountBilledApproxAmountInBaseCurrency\",\n    TRY_CAST(\"ERPOrder\".\"AmountBilled_Amount\" AS float) AS \"AmountBilledAmount\",\n    TIMESTAMPADD(HOUR,<%=TimezoneOffset%>,CAST(\"ERPOrder\".\"AmountBilled_ConversionDate\" AS timestamp)) AS \"AmountBilledConversionDate\",\n    \"ERPOrder\".\"AmountBilled_Currency_UniqueName\" AS \"AmountBilledCurrencyUniqueName\",\n    \"ERPOrder\".\"NextVersion_UniqueName\" AS \"NextVersionUniqueName\",\n    \"ERPOrder\".\"ReportingCurrency_UniqueName\" AS \"ReportingCurrencyUniqueName\",\n    \"ERPOrder\".\"MasterAgreement_UniqueName\" AS \"MasterAgreementUniqueName\",\n    TRY_CAST(\"ERPOrder\".\"AmountCleared_AmountInReportingCurrency\" AS float) AS \"AmountClearedAmountInReportingCurrency\",\n    TRY_CAST(\"ERPOrder\".\"AmountCleared_ApproxAmountInBaseCurrency\" AS float) AS \"AmountClearedApproxAmountInBaseCurrency\",\n    TRY_CAST(\"ERPOrder\".\"AmountCleared_Amount\" AS float) AS \"AmountClearedAmount\",\n    TIMESTAMPADD(HOUR,<%=TimezoneOffset%>, TRY_CAST(\"ERPOrder\".\"AmountCleared_ConversionDate\" AS timestamp)) AS \"AmountClearedConversionDate\",\n    \"ERPOrder\".\"AmountCleared_Currency_UniqueName\" AS \"AmountClearedCurrencyUniqueName\",\n    \"ERPOrder\".\"PaymentTerms_UniqueName\" AS \"PaymentTermsUniqueName\",\n    TRY_CAST(\"ERPOrder\".\"AmountReconciled_AmountInReportingCurrency\" AS float) AS \"AmountReconciledAmountInReportingCurrency\",\n    TRY_CAST(\"ERPOrder\".\"AmountReconciled_ApproxAmountInBaseCurrency\" AS float) AS \"AmountReconciledApproxAmountInBaseCurrency\",\n    TRY_CAST(\"ERPOrder\".\"AmountReconciled_Amount\" AS float) AS \"AmountReconciledAmount\",\n    TIMESTAMPADD(HOUR,<%=TimezoneOffset%>,CAST(\"ERPOrder\".\"AmountReconciled_ConversionDate\" AS timestamp)) AS \"AmountReconciledConversionDate\",\n    \"ERPOrder\".\"AmountReconciled_Currency_UniqueName\" AS \"AmountReconciledCurrencyUniqueName\",\n    TRY_CAST(\"ERPOrder\".\"AmountRejected_AmountInReportingCurrency\" AS float) AS \"AmountRejectedAmountInReportingCurrency\",\n    TRY_CAST(\"ERPOrder\".\"AmountRejected_ApproxAmountInBaseCurrency\" AS float) AS \"AmountRejectedApproxAmountInBaseCurrency\",\n    TRY_CAST(\"ERPOrder\".\"AmountRejected_Amount\" AS float) AS \"AmountRejectedAmount\",\n    TIMESTAMPADD(HOUR,<%=TimezoneOffset%>,CAST(\"ERPOrder\".\"AmountRejected_ConversionDate\" AS timestamp)) AS \"AmountRejectedConversionDate\",\n    \"ERPOrder\".\"AmountRejected_Currency_UniqueName\" AS \"AmountRejectedCurrencyUniqueName\",\n    \"ERPOrder\".\"Supplier_UniqueName\" AS \"SupplierUniqueName\",\n    \"ERPOrder\".\"Supplier_Name\" AS \"SupplierName\",\n    \"ERPOrder\".\"PreviousVersion_UniqueName\" AS \"PreviousVersionUniqueName\",\n    TRY_CAST(\"ERPOrder\".\"AmountInvoiced_AmountInReportingCurrency\" AS float) AS \"AmountInvoicedAmountInReportingCurrency\",\n    TRY_CAST(\"ERPOrder\".\"AmountInvoiced_ApproxAmountInBaseCurrency\" AS float) AS \"AmountInvoicedApproxAmountInBaseCurrency\",\n    TRY_CAST(\"ERPOrder\".\"AmountInvoiced_Amount\" AS float) AS \"AmountInvoicedAmount\",\n    TIMESTAMPADD(HOUR,<%=TimezoneOffset%>,CAST(\"ERPOrder\".\"AmountInvoiced_ConversionDate\" AS timestamp)) AS \"AmountInvoicedConversionDate\",\n    \"ERPOrder\".\"AmountInvoiced_Currency_UniqueName\" AS \"AmountInvoicedCurrencyUniqueName\",\n    \"ERPOrder\".\"Preparer_UniqueName\" AS \"PreparerUniqueName\",\n    \"ERPOrder\".\"Requisition_UniqueName\" AS \"RequisitionUniqueName\",\n    \"ERPOrder\".\"CompanyCode_UniqueName\" AS \"CompanyCodeUniqueName\"\nFROM \"CEL_TMP_ERPOrder\" AS \"ERPOrder\"\nWHERE 1=1\n    AND \"ERPOrder\".\"RN\" = 1\n    AND  \"ERPOrder\".\"Active\" = 'true'\n\n/*\nSELECT\n    'ERPOrder_' || \"ERPOrder\".\"InitialUniqueName\" AS \"ID\",\n    'PurchaseOrder_300' || \"ERPOrder\".\"OrderID\" AS \"PurchaseOrder\",\n    TRY_CAST(\"ERPOrder\".\"InitialUniqueName\" AS varchar) AS \"InitialUniqueName\",\n    TIMESTAMPADD(HOUR,<%=TimezoneOffset%>,TRY_CAST(\"ERPOrder\".\"SubmitDate\" AS timestamp)) AS \"SubmitDate\",\n    TRY_CAST(\"ERPOrder\".\"OrderStatusPunchOutDisabled\" AS varchar) AS \"OrderStatusPunchOutDisabled\",\n    TRY_CAST(\"ERPOrder\".\"ChargeAmount\" AS float) AS \"ChargeAmount\",\n    TIMESTAMPADD(HOUR,<%=TimezoneOffset%>,TRY_CAST(\"ERPOrder\".\"LastModified\" AS timestamp)) AS \"LastModified\",\n    TRY_CAST(\"ERPOrder\".\"OrderConfirmationState\" AS varchar) AS \"OrderConfirmationState\",\n    TRY_CAST(\"ERPOrder\".\"AdvancedShipNoticeState\" AS varchar) AS \"AdvancedShipNoticeState\",\n    TRY_CAST(\"ERPOrder\".\"ChangedBy\" AS varchar) AS \"ChangedBy\",\n    TRY_CAST(\"ERPOrder\".\"OrderConfirmationStatusString\" AS varchar) AS \"OrderConfirmationStatusString\",\n    TIMESTAMPADD(HOUR,<%=TimezoneOffset%>,TRY_CAST(\"ERPOrder\".\"ResubmitDate\" AS timestamp)) AS \"ResubmitDate\",\n    TRY_CAST(\"ERPOrder\".\"NumberCleared\" AS integer) AS \"NumberCleared\",\n    TRY_CAST(\"ERPOrder\".\"AmountBilled\" AS float) AS \"AmountBilled\",\n    TRY_CAST(\"ERPOrder\".\"UniqueName\" AS varchar) AS \"UniqueName\",\n    TRY_CAST(\"ERPOrder\".\"ManuallyOrdered\" AS varchar) AS \"ManuallyOrdered\",\n    TRY_CAST(\"ERPOrder\".\"AmountCleared\" AS float) AS \"AmountCleared\",\n    TRY_CAST(\"ERPOrder\".\"OriginatingSystem\" AS varchar) AS \"OriginatingSystem\",\n    TRY_CAST(\"ERPOrder\".\"NumberReceivableLineItems\" AS integer) AS \"NumberReceivableLineItems\",\n    TRY_CAST(\"ERPOrder\".\"AmountReconciled\" AS float) AS \"AmountReconciled\",\n    TRY_CAST(\"ERPOrder\".\"StatusString\" AS varchar) AS \"StatusString\",\n    TRY_CAST(\"ERPOrder\".\"IsBlanketOrder\" AS varchar) AS \"IsBlanketOrder\",\n    TRY_CAST(\"ERPOrder\".\"AmountInvoiced\" AS float) AS \"AmountInvoiced\",\n    TIMESTAMPADD(HOUR,<%=TimezoneOffset%>,TRY_CAST(\"ERPOrder\".\"TimeUpdated\" AS timestamp)) AS \"TimeUpdated\",\n    TRY_CAST(\"ERPOrder\".\"VersionNumber\" AS integer) AS \"VersionNumber\",\n    TRY_CAST(\"ERPOrder\".\"Type\" AS varchar) AS \"Type\",\n    TIMESTAMPADD(HOUR,<%=TimezoneOffset%>,TRY_CAST(\"ERPOrder\".\"ExpirationDate\" AS timestamp)) AS \"ExpirationDate\",\n    TRY_CAST(\"ERPOrder\".\"IsServiceOrder\" AS varchar) AS \"IsServiceOrder\",\n    TRY_CAST(\"ERPOrder\".\"Requisition\" AS varchar) AS \"Requisition\",\n    TRY_CAST(\"ERPOrder\".\"ApprovedState\" AS varchar) AS \"ApprovedState\",\n    TRY_CAST(\"ERPOrder\".\"InvoicedState\" AS varchar) AS \"InvoicedState\",\n    TIMESTAMPADD(HOUR,<%=TimezoneOffset%>,TRY_CAST(\"ERPOrder\".\"HoldTillDate\" AS timestamp)) AS \"HoldTillDate\",\n    TRY_CAST(\"ERPOrder\".\"ReceivedState\" AS varchar) AS \"ReceivedState\",\n    TRY_CAST(\"ERPOrder\".\"NumberReceivableOrders\" AS integer) AS \"NumberReceivableOrders\",\n    TRY_CAST(\"ERPOrder\".\"OrderID\" AS varchar) AS \"OrderID\",\n    TIMESTAMPADD(HOUR,<%=TimezoneOffset%>,TRY_CAST(\"ERPOrder\".\"CreateDate\" AS timestamp)) AS \"CreateDate\",\n    TRY_CAST(\"ERPOrder\".\"Conditions\" AS varchar) AS \"Conditions\",\n    TRY_CAST(\"ERPOrder\".\"Name\" AS varchar) AS \"Name\",\n    TIMESTAMPADD(HOUR,<%=TimezoneOffset%>,TRY_CAST(\"ERPOrder\".\"TimeCreated\" AS timestamp)) AS \"TimeCreated\",\n    TRY_CAST(\"ERPOrder\".\"Version\" AS integer) AS \"Version\",\n    TIMESTAMPADD(HOUR,<%=TimezoneOffset%>,TRY_CAST(\"ERPOrder\".\"InvoicedDate\" AS timestamp)) AS \"InvoicedDate\",\n    TRY_CAST(\"ERPOrder\".\"UsePOLineNumberForIntegration\" AS varchar) AS \"UsePOLineNumberForIntegration\",\n    TIMESTAMPADD(HOUR,<%=TimezoneOffset%>,TRY_CAST(\"ERPOrder\".\"ApprovedDate\" AS timestamp)) AS \"ApprovedDate\",\n    TRY_CAST(\"ERPOrder\".\"OrderedState\" AS varchar) AS \"OrderedState\",\n    TRY_CAST(\"ERPOrder\".\"PreviousApprovalRequestsVersion\" AS integer) AS \"PreviousApprovalRequestsVersion\",\n    TRY_CAST(\"ERPOrder\".\"OrderMethodCategory\" AS varchar) AS \"OrderMethodCategory\",\n    TRY_CAST(\"ERPOrder\".\"RejectionReason\" AS varchar) AS \"RejectionReason\",\n    TRY_CAST(\"ERPOrder\".\"Active\" AS varchar) AS \"Active\",\n    TIMESTAMPADD(HOUR,<%=TimezoneOffset%>,TRY_CAST(\"ERPOrder\".\"ReceivedDate\" AS timestamp)) AS \"ReceivedDate\",\n    TRY_CAST(\"ERPOrder\".\"NumberBilled\" AS integer) AS \"NumberBilled\",\n    TIMESTAMPADD(HOUR,<%=TimezoneOffset%>,TRY_CAST(\"ERPOrder\".\"OrderedDate\" AS timestamp)) AS \"OrderedDate\",\n    TRY_CAST(\"ERPOrder\".\"IsFromExternalReq\" AS varchar) AS \"IsFromExternalReq\",\n    TRY_CAST(\"ERPOrder\".\"PaymentTerms\" AS varchar) AS \"PaymentTerms\",\n    TRY_CAST(\"ERPOrder\".\"PreOrdered\" AS varchar) AS \"PreOrdered\",\n    TRY_CAST(\"ERPOrder\".\"PreviousVersion\" AS varchar) AS \"PreviousVersion\",\n    TRY_CAST(\"ERPOrder\".\"ApprovalRequestsVersion\" AS integer) AS \"ApprovalRequestsVersion\",\n    TRY_CAST(\"ERPOrder\".\"OriginatingSystemReferenceID\" AS varchar) AS \"OriginatingSystemReferenceID\",\n    TRY_CAST(\"ERPOrder\".\"Closed\" AS varchar) AS \"Closed\",\n    TRY_CAST(\"ERPOrder\".\"SupplierLocation_State\" AS varchar) AS \"SupplierLocationState\",\n    TRY_CAST(\"ERPOrder\".\"SupplierLocation_Phone\" AS varchar) AS \"SupplierLocationPhone\",\n    TRY_CAST(\"ERPOrder\".\"SupplierLocation_Country_UniqueName\" AS varchar) AS \"SupplierLocationCountryUniqueName\",\n    TRY_CAST(\"ERPOrder\".\"SupplierLocation_PostalCode\" AS varchar) AS \"SupplierLocationPostalCode\",\n    TRY_CAST(\"ERPOrder\".\"SupplierLocation_City\" AS varchar) AS \"SupplierLocationCity\",\n    TRY_CAST(\"ERPOrder\".\"SupplierLocation_Fax\" AS varchar) AS \"SupplierLocationFax\",\n    TRY_CAST(\"ERPOrder\".\"SupplierLocation_UniqueName\" AS varchar) AS \"SupplierLocationUniqueName\",\n    TRY_CAST(\"ERPOrder\".\"SupplierLocation_Name\" AS varchar) AS \"SupplierLocationName\",\n    TRY_CAST(\"ERPOrder\".\"SupplierLocation_Lines\" AS varchar) AS \"SupplierLocationLines\",\n    TRY_CAST(\"ERPOrder\".\"ChargeAmount_AmountInReportingCurrency\" AS varchar) AS \"ChargeAmountAmountInReportingCurrency\",\n    TRY_CAST(\"ERPOrder\".\"ChargeAmount_ApproxAmountInBaseCurrency\" AS varchar) AS \"ChargeAmountApproxAmountInBaseCurrency\",\n    TRY_CAST(\"ERPOrder\".\"ChargeAmount_Amount\" AS float) AS \"ChargeAmountAmount\",\n    TIMESTAMPADD(HOUR,<%=TimezoneOffset%>,TRY_CAST(\"ERPOrder\".\"ChargeAmount_ConversionDate\" AS timestamp)) AS \"ChargeAmountConversionDate\",\n    TRY_CAST(\"ERPOrder\".\"ChargeAmount_Currency_UniqueName\" AS varchar) AS \"ChargeAmountCurrencyUniqueName\",\n    TRY_CAST(\"ERPOrder\".\"Conditions_UniqueName\" AS varchar) AS \"ConditionsUniqueName\",\n    TRY_CAST(\"ERPOrder\".\"Conditions_TAndCVersion\" AS float) AS \"ConditionsTAndCVersion\",\n    TRY_CAST(\"ERPOrder\".\"TotalCost_AmountInReportingCurrency\" AS float) AS \"TotalCostAmountInReportingCurrency\",\n    TRY_CAST(\"ERPOrder\".\"TotalCost_ApproxAmountInBaseCurrency\" AS float) AS \"TotalCostApproxAmountInBaseCurrency\",\n    TRY_CAST(\"ERPOrder\".\"TotalCost_Amount\" AS float) AS \"TotalCostAmount\",\n    TIMESTAMPADD(HOUR,<%=TimezoneOffset%>,TRY_CAST(\"ERPOrder\".\"TotalCost_ConversionDate\" AS timestamp)) AS \"TotalCostConversionDate\",\n    TRY_CAST(\"ERPOrder\".\"TotalCost_Currency_UniqueName\" AS varchar) AS \"TotalCostCurrencyUniqueName\",\n    TRY_CAST(\"ERPOrder\".\"Requester_UniqueName\" AS varchar) AS \"RequesterUniqueName\",\n    TRY_CAST(\"ERPOrder\".\"AmountAccepted_AmountInReportingCurrency\" AS float) AS \"AmountAcceptedAmountInReportingCurrency\",\n    TRY_CAST(\"ERPOrder\".\"AmountAccepted_ApproxAmountInBaseCurrency\" AS float) AS \"AmountAcceptedApproxAmountInBaseCurrency\",\n    TRY_CAST(\"ERPOrder\".\"AmountAccepted_Amount\" AS float) AS \"AmountAcceptedAmount\",\n    TIMESTAMPADD(HOUR,<%=TimezoneOffset%>,TRY_CAST(\"ERPOrder\".\"AmountAccepted_ConversionDate\" AS timestamp)) AS \"AmountAcceptedConversionDate\",\n    TRY_CAST(\"ERPOrder\".\"AmountAccepted_Currency_UniqueName\" AS varchar) AS \"AmountAcceptedCurrencyUniqueName\",\n    TRY_CAST(\"ERPOrder\".\"ChangedBy_UniqueName\" AS varchar) AS \"ChangedByUniqueName\",\n    TRY_CAST(\"ERPOrder\".\"AmountBilled_AmountInReportingCurrency\" AS float) AS \"AmountBilledAmountInReportingCurrency\",\n    TRY_CAST(\"ERPOrder\".\"AmountBilled_ApproxAmountInBaseCurrency\" AS float) AS \"AmountBilledApproxAmountInBaseCurrency\",\n    TRY_CAST(\"ERPOrder\".\"AmountBilled_Amount\" AS float) AS \"AmountBilledAmount\",\n    TIMESTAMPADD(HOUR,<%=TimezoneOffset%>,TRY_CAST(\"ERPOrder\".\"AmountBilled_ConversionDate\" AS timestamp)) AS \"AmountBilledConversionDate\",\n    TRY_CAST(\"ERPOrder\".\"AmountBilled_Currency_UniqueName\" AS varchar) AS \"AmountBilledCurrencyUniqueName\",\n    TRY_CAST(\"ERPOrder\".\"NextVersion_UniqueName\" AS varchar) AS \"NextVersionUniqueName\",\n    TRY_CAST(\"ERPOrder\".\"ReportingCurrency_UniqueName\" AS varchar) AS \"ReportingCurrencyUniqueName\",\n    TRY_CAST(\"ERPOrder\".\"MasterAgreement_UniqueName\" AS varchar) AS \"MasterAgreementUniqueName\",\n    TRY_CAST(\"ERPOrder\".\"AmountCleared_AmountInReportingCurrency\" AS float) AS \"AmountClearedAmountInReportingCurrency\",\n    TRY_CAST(\"ERPOrder\".\"AmountCleared_ApproxAmountInBaseCurrency\" AS float) AS \"AmountClearedApproxAmountInBaseCurrency\",\n    TRY_CAST(\"ERPOrder\".\"AmountCleared_Amount\" AS float) AS \"AmountClearedAmount\",\n   TIMESTAMPADD(HOUR,<%=TimezoneOffset%>, TRY_CAST(\"ERPOrder\".\"AmountCleared_ConversionDate\" AS timestamp)) AS \"AmountClearedConversionDate\",\n    TRY_CAST(\"ERPOrder\".\"AmountCleared_Currency_UniqueName\" AS varchar) AS \"AmountClearedCurrencyUniqueName\",\n    TRY_CAST(\"ERPOrder\".\"PaymentTerms_UniqueName\" AS varchar) AS \"PaymentTermsUniqueName\",\n    TRY_CAST(\"ERPOrder\".\"AmountReconciled_AmountInReportingCurrency\" AS float) AS \"AmountReconciledAmountInReportingCurrency\",\n    TRY_CAST(\"ERPOrder\".\"AmountReconciled_ApproxAmountInBaseCurrency\" AS float) AS \"AmountReconciledApproxAmountInBaseCurrency\",\n    TRY_CAST(\"ERPOrder\".\"AmountReconciled_Amount\" AS float) AS \"AmountReconciledAmount\",\n    TIMESTAMPADD(HOUR,<%=TimezoneOffset%>,TRY_CAST(\"ERPOrder\".\"AmountReconciled_ConversionDate\" AS timestamp)) AS \"AmountReconciledConversionDate\",\n    TRY_CAST(\"ERPOrder\".\"AmountReconciled_Currency_UniqueName\" AS varchar) AS \"AmountReconciledCurrencyUniqueName\",\n    TRY_CAST(\"ERPOrder\".\"AmountRejected_AmountInReportingCurrency\" AS float) AS \"AmountRejectedAmountInReportingCurrency\",\n    TRY_CAST(\"ERPOrder\".\"AmountRejected_ApproxAmountInBaseCurrency\" AS float) AS \"AmountRejectedApproxAmountInBaseCurrency\",\n    TRY_CAST(\"ERPOrder\".\"AmountRejected_Amount\" AS float) AS \"AmountRejectedAmount\",\n    TIMESTAMPADD(HOUR,<%=TimezoneOffset%>,TRY_CAST(\"ERPOrder\".\"AmountRejected_ConversionDate\" AS timestamp)) AS \"AmountRejectedConversionDate\",\n    TRY_CAST(\"ERPOrder\".\"AmountRejected_Currency_UniqueName\" AS varchar) AS \"AmountRejectedCurrencyUniqueName\",\n    TRY_CAST(\"ERPOrder\".\"Supplier_UniqueName\" AS varchar) AS \"SupplierUniqueName\",\n    TRY_CAST(\"ERPOrder\".\"Supplier_Name\" AS varchar) AS \"SupplierName\",\n    TRY_CAST(\"ERPOrder\".\"PreviousVersion_UniqueName\" AS varchar) AS \"PreviousVersionUniqueName\",\n    TRY_CAST(\"ERPOrder\".\"AmountInvoiced_AmountInReportingCurrency\" AS float) AS \"AmountInvoicedAmountInReportingCurrency\",\n    TRY_CAST(\"ERPOrder\".\"AmountInvoiced_ApproxAmountInBaseCurrency\" AS float) AS \"AmountInvoicedApproxAmountInBaseCurrency\",\n    TRY_CAST(\"ERPOrder\".\"AmountInvoiced_Amount\" AS float) AS \"AmountInvoicedAmount\",\n    TIMESTAMPADD(HOUR,<%=TimezoneOffset%>,TRY_CAST(\"ERPOrder\".\"AmountInvoiced_ConversionDate\" AS timestamp)) AS \"AmountInvoicedConversionDate\",\n    TRY_CAST(\"ERPOrder\".\"AmountInvoiced_Currency_UniqueName\" AS varchar) AS \"AmountInvoicedCurrencyUniqueName\",\n    TRY_CAST(\"ERPOrder\".\"Preparer_UniqueName\" AS varchar) AS \"PreparerUniqueName\",\n    TRY_CAST(\"ERPOrder\".\"Requisition_UniqueName\" AS varchar) AS \"RequisitionUniqueName\",\n    TRY_CAST(\"ERPOrder\".\"CompanyCode_UniqueName\" AS varchar) AS \"CompanyCodeUniqueName\"\nFROM \"CEL_TMP_ERPOrder\" AS \"ERPOrder\"\nWHERE 1=1\n    AND \"ERPOrder\".\"RN\" = 1\n    AND  \"ERPOrder\".\"Active\" = 'true'\n*/"
                    }
                ],
                "relationship_transformations": []
            }
        ]
    }
]