[
    {
        "change_date": 1736343253060.0,
        "changed_by": {
            "id": "2e501ed7-9bdf-4dd6-8328-d853f30e6a1b",
            "name": "c.demosthenous",
            "type_": "USER"
        },
        "created_by": {
            "id": "2e501ed7-9bdf-4dd6-8328-d853f30e6a1b",
            "name": "c.demosthenous",
            "type_": "USER"
        },
        "creation_date": 1736343252689.0,
        "data_connection_id": "00000000-0000-0000-0000-000000000000",
        "description": "",
        "disabled": null,
        "display_name": "ContractItem transformation - OCPM Schema - 5",
        "draft": null,
        "factory_id": "75674523-2c07-4ed9-9438-b69dea210c6c",
        "factory_validation_status": "VALID",
        "has_user_template": null,
        "local_parameters": [],
        "namespace": "custom",
        "target": {
            "entity_ref": {
                "name": "ContractItem",
                "namespace": "celonis"
            },
            "kind": "OBJECT"
        },
        "transformations": [
            {
                "change_sql_factory_datasets": [],
                "foreign_key_names": [
                    "CreatedBy",
                    "Header",
                    "Material",
                    "MaterialMasterPlant",
                    "Plant"
                ],
                "namespace": "celonis",
                "property_names": [
                    "CompanyCode",
                    "CompanyCodeText",
                    "CreationExecutionType",
                    "CreationTime",
                    "Currency",
                    "DatabaseContractItemNumber",
                    "DatabaseContractNumber",
                    "DeletionIndicator",
                    "DocumentOutlineAgreementTargetAmount",
                    "ID",
                    "NetUnitPrice",
                    "QuantityUnit",
                    "ShortText",
                    "SourceSystemInstance",
                    "SourceSystemType",
                    "SystemContractItemNumber",
                    "SystemContractNumber",
                    "TargetQuantity"
                ],
                "property_sql_factory_datasets": [],
                "relationship_transformations": []
            },
            {
                "change_sql_factory_datasets": [],
                "foreign_key_names": [],
                "namespace": "custom",
                "property_names": [
                    "ID"
                ],
                "property_sql_factory_datasets": [],
                "relationship_transformations": []
            }
        ]
    }
]