[
    {
        "change_date": 1736341741794.0,
        "changed_by": {
            "id": "2e501ed7-9bdf-4dd6-8328-d853f30e6a1b",
            "name": "c.demosthenous",
            "type_": "USER"
        },
        "created_by": {
            "id": "2e501ed7-9bdf-4dd6-8328-d853f30e6a1b",
            "name": "c.demosthenous",
            "type_": "USER"
        },
        "creation_date": 1736341741392.0,
        "data_connection_id": "00000000-0000-0000-0000-000000000000",
        "description": "",
        "disabled": null,
        "display_name": "CancelledSourcingEvent transformation - copy - 4",
        "draft": null,
        "factory_id": "6b6442f1-ed7c-472e-8cf4-114b110cb2b0",
        "factory_validation_status": "VALID",
        "has_user_template": null,
        "local_parameters": [],
        "namespace": "custom",
        "target": {
            "entity_ref": {
                "name": "CancelledSourcingEvent",
                "namespace": "custom"
            },
            "kind": "EVENT"
        },
        "transformations": [
            {
                "change_sql_factory_datasets": [],
                "foreign_key_names": [
                    "RfxDocument"
                ],
                "namespace": "custom",
                "property_names": [
                    "ID",
                    "Time"
                ],
                "property_sql_factory_datasets": [
                    {
                        "id": "CancelledSourcingEventAttributes",
                        "type_": "SQL_FACTORY_DATA_SET",
                        "complete_overwrite": false,
                        "disabled": false,
                        "materialise_cte": false,
                        "overwrite": null,
                        "sql": "SELECT DISTINCT\n'CancelledSourcingEvent_' || \"RFXDocument\".\"ID\" AS \"ID\",\n\"RFXDocument\".\"ID\" AS \"RFXDocument\",\n\"RFXDocument\".\"TimeUpdated\" AS \"Time\"\nFROM \"o_custom_RfxDocument\" AS \"RFXDocument\"\nWHERE\n\"RFXDocument\".\"LastModified\" IS NOT NULL\nAND \"RFXDocument\".\"EventState\" = 'CancelledState'\n--25875"
                    }
                ],
                "relationship_transformations": []
            }
        ]
    }
]