[
    {
        "change_date": 1736420621129.0,
        "changed_by": {
            "id": "2e501ed7-9bdf-4dd6-8328-d853f30e6a1b",
            "name": "c.demosthenous",
            "type_": "USER"
        },
        "created_by": {
            "id": "2e501ed7-9bdf-4dd6-8328-d853f30e6a1b",
            "name": "c.demosthenous",
            "type_": "USER"
        },
        "creation_date": 1736420620764.0,
        "data_connection_id": "00000000-0000-0000-0000-000000000000",
        "description": "",
        "disabled": null,
        "display_name": "CreateRFXItemLine transformation - copy - 6",
        "draft": null,
        "factory_id": "616eace6-75d4-4d89-b47b-65b6708a9c30",
        "factory_validation_status": "VALID",
        "has_user_template": null,
        "local_parameters": [],
        "namespace": "custom",
        "target": {
            "entity_ref": {
                "name": "CreateRFXItemLine",
                "namespace": "custom"
            },
            "kind": "EVENT"
        },
        "transformations": [
            {
                "change_sql_factory_datasets": [],
                "foreign_key_names": [
                    "RFXItem"
                ],
                "namespace": "custom",
                "property_names": [
                    "ID",
                    "Time"
                ],
                "property_sql_factory_datasets": [
                    {
                        "id": "CreateRFXItemLineAttributes",
                        "type_": "SQL_FACTORY_DATA_SET",
                        "complete_overwrite": false,
                        "disabled": false,
                        "materialise_cte": false,
                        "overwrite": null,
                        "sql": "SELECT \n'CreateRFXItemLine_' || \"RFXItem\".\"ID\" as \"ID\",\n\t\"RFXItem\".\"ID\" AS \"RFXItem\",\n\t\"RFXItem\".\"TimeUpdated\" AS \"Time\"\nFROM \"o_custom_RfxItem\" AS \"RFXItem\" \nWHERE\n     \"RFXItem\".\"TimeUpdated\" IS NOT NULL\n     AND \"RFXItem\".\"ItemType\" = 'Line Item'"
                    }
                ],
                "relationship_transformations": []
            }
        ]
    }
]