[
    {
        "change_date": 1770400816320.0,
        "changed_by": {
            "id": "cccccccc-cccc-cccc-cccc-cccccccccccc",
            "name": "Celonis",
            "type_": "APPLICATION"
        },
        "created_by": {
            "id": "cccccccc-cccc-cccc-cccc-cccccccccccc",
            "name": "Celonis",
            "type_": "APPLICATION"
        },
        "creation_date": 1770400816320.0,
        "data_connection_id": "00000000-0000-0000-0000-000000000000",
        "description": null,
        "disabled": null,
        "display_name": "ReverseGoodsIssue",
        "draft": null,
        "factory_id": "cd2feec2-dc6a-4318-96d0-ab4fd3d066d8_00000000-0000-0000-0000-000000000000",
        "factory_validation_status": "NOT_VALIDATED",
        "has_user_template": null,
        "local_parameters": [],
        "namespace": "celonis",
        "target": {
            "entity_ref": {
                "name": "ReverseGoodsIssue",
                "namespace": "celonis"
            },
            "kind": "EVENT"
        },
        "transformations": [
            {
                "change_sql_factory_datasets": [],
                "foreign_key_names": [
                    "IncomingMaterialDocumentItem",
                    "OutgoingMaterialDocumentItem"
                ],
                "namespace": "celonis",
                "property_names": [
                    "ExecutedBy",
                    "ExecutionType",
                    "ID",
                    "Time"
                ],
                "property_sql_factory_datasets": [
                    {
                        "id": "IncomingMaterialDocumentItem",
                        "type_": "SQL_FACTORY_DATA_SET",
                        "complete_overwrite": false,
                        "disabled": false,
                        "materialise_cte": false,
                        "overwrite": null,
                        "sql": "SELECT 'ReverseGoodsIssue' || '_' || \"IncomingMaterialDocumentItem\".\"ID\" AS \"ID\",\n       \"IncomingMaterialDocumentItem\".\"ID\"                               AS \"IncomingMaterialDocumentItem\",\n       \"OutgoingMaterialDocumentItem\".\"ID\"                               AS \"OutgoingMaterialDocumentItem\",\n       \"IncomingMaterialDocumentItem\".\"CreationTime\"                     AS \"Time\",\n       \"IncomingMaterialDocumentItem\".\"CreatedBy_ID\"                     AS \"ExecutedBy\",\n       \"IncomingMaterialDocumentItem\".\"CreationExecutionType\"            AS \"ExecutionType\"\nFROM \"o_celonis_IncomingMaterialDocumentItem\" AS \"IncomingMaterialDocumentItem\"\n         LEFT JOIN \"o_celonis_OutgoingMaterialDocumentItem\" AS \"OutgoingMaterialDocumentItem\"\n                   ON \"IncomingMaterialDocumentItem\".\"ReversedOutgoingGood_ID\" = \"OutgoingMaterialDocumentItem\".\"ID\"\nWHERE \"IncomingMaterialDocumentItem\".\"MaterialTransactionType\" = 'ReverseGoodsIssue'\n  AND \"IncomingMaterialDocumentItem\".\"CreationTime\" IS NOT NULL\n"
                    }
                ],
                "relationship_transformations": []
            }
        ]
    }
]