[
    {
        "change_date": 1736341709174.0,
        "changed_by": {
            "id": "2e501ed7-9bdf-4dd6-8328-d853f30e6a1b",
            "name": "c.demosthenous",
            "type_": "USER"
        },
        "created_by": {
            "id": "2e501ed7-9bdf-4dd6-8328-d853f30e6a1b",
            "name": "c.demosthenous",
            "type_": "USER"
        },
        "creation_date": 1736341708335.0,
        "data_connection_id": "468823c6-32f7-4d9b-a9d3-ff1971688698",
        "description": "",
        "disabled": null,
        "display_name": "SourcingProjectHistory transformation - 1000 - RAW test data sets_31 - Ariba Sourcing - 2",
        "draft": null,
        "factory_id": "488e4257-726b-414b-8bcb-dcec76d7fe60",
        "factory_validation_status": "VALID",
        "has_user_template": null,
        "local_parameters": [
            {
                "name": "TimezoneOffset",
                "value": "-3"
            }
        ],
        "namespace": "custom",
        "target": {
            "entity_ref": {
                "name": "SourcingProjectHistory",
                "namespace": "custom"
            },
            "kind": "OBJECT"
        },
        "transformations": [
            {
                "change_sql_factory_datasets": [],
                "foreign_key_names": [
                    "SourcingProject"
                ],
                "namespace": "custom",
                "property_names": [
                    "Active",
                    "Alert",
                    "ArentWorkspaceInternalId",
                    "BaseLanguageUniqueName",
                    "BaselineSpend",
                    "BaselineSpendAmount",
                    "BaselineSpendCurrencyUniqueName",
                    "Changed",
                    "ContractEffectiveDate",
                    "CreateDate",
                    "CurrencyUniqueName",
                    "DescriptionDefaultStringTranslation",
                    "DocumentId",
                    "DocumentIdInternalId",
                    "DocumentVersion",
                    "ExtVersion",
                    "ID",
                    "IsVersionPinned",
                    "LastModified",
                    "Owner",
                    "OwnerName",
                    "OwnerUniqueName",
                    "ParentDocumentInternalId",
                    "ParentWorkspaceInternalId",
                    "ProcessId",
                    "ProcessStatus",
                    "ProjectAddin",
                    "ProjectAddinFollowOnPath",
                    "ProjectAddinIsSubproject",
                    "ProjectAddinIsTest",
                    "ProjectAddinPlanProcessId",
                    "ProjectAddinPlanTitleDefaultStringTranslation",
                    "ProjectAddinPlanWorkspaceInternalId",
                    "Status",
                    "TemplateObjectInternalId",
                    "TimeCreated",
                    "TimeUpdated",
                    "TitleDefaultStringTranslation",
                    "UniqueId"
                ],
                "property_sql_factory_datasets": [
                    {
                        "id": "SourcingProjectHistoryAtributos",
                        "type_": "SQL_FACTORY_DATA_SET",
                        "complete_overwrite": false,
                        "disabled": false,
                        "materialise_cte": false,
                        "overwrite": null,
                        "sql": "SELECT \n    'SourcingRequest_' || \"SourcingProject\".\"ParentDocument_InternalId\" as \"SourcingRequest\",\n    'SourcingProject_' || \"SourcingProject\".\"DocumentId_InternalId\" as \"SourcingProject\",\n    'SourcingProjectHistory_' || \"SourcingProject\".\"InternalId\" as \"ID\",\n    \"SourcingProject\".\"DocumentId_InternalId\" as \"DocumentIdInternalId\",\n    --\"SourcingProject\".\"Owner\" as \"Owner\",                                              JSON FORMAT\n    --\"SourcingProject\".\"DocumentId\" as \"DocumentId\",                                              JSON FORMAT\n    TIMESTAMPADD(HOUR,<%=TimezoneOffset%>,\"SourcingProject\".\"CreateDate\") as \"CreateDate\",\n    \"SourcingProject\".\"LastModified\" as \"LastModified\",\n    TIMESTAMPADD(HOUR,<%=TimezoneOffset%>,cast(\"SourcingProject\".\"TimeCreated\" as timestamp)) as \"TimeCreated\",\n    TIMESTAMPADD(HOUR,<%=TimezoneOffset%>,\"SourcingProject\".\"ContractEffectiveDate\") as \"ContractEffectiveDate\",\n    --\"SourcingProject\".\"ProjectAddin\" as \"ProjectAddin\",                                              JSON FORMAT\n    \"SourcingProject\".\"Status\" as \"Status\",\n    \"SourcingProject\".\"UniqueId\" as \"UniqueId\",\n    \"SourcingProject\".\"Active\" as \"Active\",\n    \"SourcingProject\".\"NextVersion\" as \"ExtVersion\",\n    \"SourcingProject\".\"Description\" as \"Description\",\n    \"SourcingProject\".\"ProcessStatus\" as \"ProcessStatus\",\n    \"SourcingProject\".\"Changed\" as \"Changed\",\n    \"SourcingProject\".\"DocumentVersion\" as \"DocumentVersion\",\n    \"SourcingProject\".\"IsVersionPinned\" as \"IsVersionPinned\",\n    \"SourcingProject\".\"Title\" as \"TitleDefaultStringTranslation\",\n    TIMESTAMPADD(HOUR,<%=TimezoneOffset%>,\"SourcingProject\".\"TimeUpdated\") as \"TimeUpdated\",\n    \"SourcingProject\".\"BaselineSpend\" as \"BaselineSpend\",\n    \"SourcingProject\".\"ParentWorkspace\" as \"ParentWorkspace\",\n    \"SourcingProject\".\"Alert\" as \"Alert\",\n    \"SourcingProject\".\"ProcessId\" as \"ProcessId\",\n    \"SourcingProject\".\"Owner_UniqueName\" as \"OwnerUniqueName\",\n    \"SourcingProject\".\"ProjectAddin_IsTest\" as \"ProjectAddinIsTest\",\n    \"SourcingProject\".\"ProjectAddin_FollowOnPath\" as \"ProjectAddinFollowOnPath\",\n    \"SourcingProject\".\"ProjectAddin_Plan_Title_DefaultStringTranslation\" as \"ProjectAddinPlanTitleDefaultStringTranslation\",\n    \"SourcingProject\".\"ProjectAddin_Plan_ProcessId\" as \"ProjectAddinPlanProcessId\",\n    \"SourcingProject\".\"ProjectAddin_Plan_Workspace_InternalId\" as \"ProjectAddinPlanWorkspaceInternalId\",\n    \"SourcingProject\".\"ProjectAddin_IsSubproject\" as \"ProjectAddinIsSubproject\",\n    \"SourcingProject\".\"ParentDocument_InternalId\" as \"ParentDocumentInternalId\",\n    \"SourcingProject\".\"Currency_UniqueName\" as \"CurrencyUniqueName\",\n    \"SourcingProject\".\"TemplateObject_InternalId\" as \"TemplateObjectInternalId\",\n    \"SourcingProject\".\"Description_DefaultStringTranslation\" as \"DescriptionDefaultStringTranslation\",\n    cast(\"SourcingProject\".\"BaselineSpend_Amount\" as float) as \"BaselineSpendAmount\",\n    \"SourcingProject\".\"BaselineSpend_Currency_UniqueName\" as \"BaselineSpendCurrencyUniqueName\",\n    \"SourcingProject\".\"ParentWorkspace_InternalId\" as \"ParentWorkspaceInternalId\",\n    \"SourcingProject\".\"BaseLanguage_UniqueName\" as \"BaseLanguageUniqueName\",\n    \"SourcingProject\".\"Owner_Name\" as \"OwnerName\"\nFROM \"SourcingProject\""
                    }
                ],
                "relationship_transformations": []
            }
        ]
    }
]