[
    {
        "change_date": 1736420980157.0,
        "changed_by": {
            "id": "2e501ed7-9bdf-4dd6-8328-d853f30e6a1b",
            "name": "c.demosthenous",
            "type_": "USER"
        },
        "created_by": {
            "id": "2e501ed7-9bdf-4dd6-8328-d853f30e6a1b",
            "name": "c.demosthenous",
            "type_": "USER"
        },
        "creation_date": 1736420979778.0,
        "data_connection_id": "00000000-0000-0000-0000-000000000000",
        "description": "",
        "disabled": null,
        "display_name": "CreateContractWorkspace transformation - copy - 7",
        "draft": null,
        "factory_id": "392b27f4-4c99-4690-a39b-5b34ba15def5",
        "factory_validation_status": "VALID",
        "has_user_template": null,
        "local_parameters": [],
        "namespace": "custom",
        "target": {
            "entity_ref": {
                "name": "CreateContractWorkspace",
                "namespace": "custom"
            },
            "kind": "EVENT"
        },
        "transformations": [
            {
                "change_sql_factory_datasets": [],
                "foreign_key_names": [
                    "ContractWorkspace",
                    "SourcingRequest"
                ],
                "namespace": "custom",
                "property_names": [
                    "ID",
                    "Time"
                ],
                "property_sql_factory_datasets": [
                    {
                        "id": "CreateContractWorkspaceAtributos",
                        "type_": "SQL_FACTORY_DATA_SET",
                        "complete_overwrite": false,
                        "disabled": false,
                        "materialise_cte": false,
                        "overwrite": null,
                        "sql": "SELECT\n    'CreateContractWorkspace_' || \"ContractWorkspace\".\"ID\" AS \"ID\",\n    \"ContractWorkspace\".\"ID\" AS \"ContractWorkspace\",\n    \"RelationshipSourcing\".\"SourcingProject_ID\" AS \"SourcingProject\",\n    \"RelationshipSourcing\".\"SourcingRequest_ID\" AS \"SourcingRequest\",\n    \"ContractWorkspace\".\"CreateDate\" AS \"Time\"\nFROM \"o_custom_ContractWorkspace\" AS \"ContractWorkspace\"\nJOIN \"o_custom_RelationshipSourcing\" AS RelationshipSourcing ON 1=1\n    AND \"ContractWorkspace\".\"ID\" = \"RelationshipSourcing\".\"ContractWorkspace_ID\"\nWHERE 1=1\n    AND \"ContractWorkspace\".\"TimeCreated\"  IS NOT NULL"
                    }
                ],
                "relationship_transformations": []
            }
        ]
    }
]