[
    {
        "change_date": 1736341742369.0,
        "changed_by": {
            "id": "2e501ed7-9bdf-4dd6-8328-d853f30e6a1b",
            "name": "c.demosthenous",
            "type_": "USER"
        },
        "created_by": {
            "id": "2e501ed7-9bdf-4dd6-8328-d853f30e6a1b",
            "name": "c.demosthenous",
            "type_": "USER"
        },
        "creation_date": 1736341741989.0,
        "data_connection_id": "00000000-0000-0000-0000-000000000000",
        "description": "",
        "disabled": null,
        "display_name": "CreateFullSourcingProject transformation - copy - 4",
        "draft": null,
        "factory_id": "4a3383c7-4acc-4575-aa37-542b879059c9",
        "factory_validation_status": "VALID",
        "has_user_template": null,
        "local_parameters": [],
        "namespace": "custom",
        "target": {
            "entity_ref": {
                "name": "CreateFullSourcingProject",
                "namespace": "custom"
            },
            "kind": "EVENT"
        },
        "transformations": [
            {
                "change_sql_factory_datasets": [],
                "foreign_key_names": [
                    "Sourcingproject"
                ],
                "namespace": "custom",
                "property_names": [
                    "ID",
                    "Time"
                ],
                "property_sql_factory_datasets": [
                    {
                        "id": "CreateFullSourcingProjectAttributes",
                        "type_": "SQL_FACTORY_DATA_SET",
                        "complete_overwrite": false,
                        "disabled": false,
                        "materialise_cte": false,
                        "overwrite": null,
                        "sql": "SELECT DISTINCT\n\t'CreateFullSourcingProject_' || \"SourcingProject\".\"ID\" AS \"ID\",\n    \"SourcingProject\".\"ID\" AS \"SourcingProject\",\n\t\"SourcingProject\".\"CreateDate\" AS \"Time\"\nFROM \"o_custom_RfxDocument\" AS \"RFXDocument\"\nJOIN \"o_custom_SourcingProject\" AS \"SourcingProject\" ON 1=1\nAND \"SourcingProject\".\"ParentWorkspaceInternalId\" = \"RFXDocument\".\"ParentWorkspaceInternalId\"\nWHERE\n\"SourcingProject\".\"CreateDate\" IS NOT NULL\nAND \"SourcingProject\".\"CreateDate\" < \"RFXDocument\".\"TimeCreated\"\n--1571"
                    }
                ],
                "relationship_transformations": []
            }
        ]
    }
]