[
    {
        "change_date": 1737112159203.0,
        "changed_by": {
            "id": "2e501ed7-9bdf-4dd6-8328-d853f30e6a1b",
            "name": "c.demosthenous",
            "type_": "USER"
        },
        "created_by": {
            "id": "2e501ed7-9bdf-4dd6-8328-d853f30e6a1b",
            "name": "c.demosthenous",
            "type_": "USER"
        },
        "creation_date": 1736341718242.0,
        "data_connection_id": "468823c6-32f7-4d9b-a9d3-ff1971688698",
        "description": "",
        "disabled": null,
        "display_name": "SourcingRequestHistory transformation - 1000 - RAW test data sets_31 - Ariba Sourcing - 1",
        "draft": null,
        "factory_id": "779973b3-e211-4837-993d-72a323cac0cf",
        "factory_validation_status": "VALID",
        "has_user_template": null,
        "local_parameters": [
            {
                "name": "TimezoneOffset",
                "value": "-3"
            }
        ],
        "namespace": "custom",
        "target": {
            "entity_ref": {
                "name": "SourcingRequestHistory",
                "namespace": "custom"
            },
            "kind": "OBJECT"
        },
        "transformations": [
            {
                "change_sql_factory_datasets": [],
                "foreign_key_names": [
                    "SourcingRequest"
                ],
                "namespace": "custom",
                "property_names": [
                    "Active",
                    "Alert",
                    "BaseLanguage",
                    "BaseLanguageUniqueName",
                    "BaselineSpendAmount",
                    "Changed",
                    "ContractEffectiveDate",
                    "CreateDate",
                    "Currency",
                    "CurrencyUniqueName",
                    "Description",
                    "DocumentVersion",
                    "ID",
                    "InternalId",
                    "IsVersionPinned",
                    "LannedEndDate",
                    "LastModified",
                    "NextVersion",
                    "ParentDocument",
                    "ParentDocumentInternalId",
                    "ParentWorkspace",
                    "PlannedStartDate",
                    "ProcessId",
                    "ProcessStatus",
                    "ProjectAddin",
                    "ProjectAddinFollowOnPath",
                    "ProjectAddinIsSubproject",
                    "ProjectAddinIsTest",
                    "ProjectAddinPlanProcessId",
                    "ProjectAddinPlanTitleDefaultStringTranslation",
                    "ProjectAddinPlanWorkspaceInternalId",
                    "Status",
                    "TemplateObject",
                    "TemplateObjectInternalId",
                    "TimeCreated",
                    "TimeUpdated",
                    "Title"
                ],
                "property_sql_factory_datasets": [
                    {
                        "id": "SourcingRequestHistoryAtributos",
                        "type_": "SQL_FACTORY_DATA_SET",
                        "complete_overwrite": false,
                        "disabled": false,
                        "materialise_cte": false,
                        "overwrite": null,
                        "sql": "SELECT \n    'SourcingRequest_' || \"SourcingRequest\".\"ProjectAddin_Plan_Workspace_InternalId\" AS \"SourcingRequest\",\n    'SourcingRequestHistory_' || \"SourcingRequest\".\"InternalId\" AS \"ID\",\n    \"SourcingRequest\".\"InternalId\" as \"InternalId\",\n    TIMESTAMPADD(HOUR,<%=TimezoneOffset%>,\"SourcingRequest\".\"CreateDate\") AS \"CreateDate\",\n    \"SourcingRequest\".\"LastModified\" as \"LastModified\",\n    TIMESTAMPADD(HOUR,<%=TimezoneOffset%>,CAST(\"SourcingRequest\".\"TimeCreated\" AS TIMESTAMP)) as \"TimeCreated\",\n    TIMESTAMPADD(HOUR,<%=TimezoneOffset%>,\"SourcingRequest\".\"ContractEffectiveDate\") AS \"ContractEffectiveDate\",\n    --\"SourcingRequest\".\"ProjectAddin\" as \"ProjectAddin\",                                              JSON FORMAT\n    --\"SourcingRequest\".\"ParentDocument\" as \"ParentDocument\",                                              JSON FORMAT\n    --\"SourcingRequest\".\"Currency\" as \"Currency\",                                              JSON FORMAT\n    \"SourcingRequest\".\"Status\" as \"Status\",\n    --\"SourcingRequest\".\"TemplateObject\" as \"TemplateObject\",                                              JSON FORMAT\n    \"SourcingRequest\".\"Active\" as \"Active\",\n    \"SourcingRequest\".\"NextVersion\" as \"NextVersion\",\n    \"SourcingRequest\".\"Description\" as \"Description\",\n    \"SourcingRequest\".\"ProcessStatus\" as \"ProcessStatus\",\n    TIMESTAMPADD(HOUR,<%=TimezoneOffset%>,\"SourcingRequest\".\"PlannedStartDate\") AS \"PlannedStartDate\",\n    \"SourcingRequest\".\"Changed\" as \"Changed\",\n    cast(\"SourcingRequest\".\"DocumentVersion\" as int) as \"DocumentVersion\",\n    \"SourcingRequest\".\"IsVersionPinned\" as \"IsVersionPinned\",\n    \"SourcingRequest\".\"Title\" as \"Title\",\n    TIMESTAMPADD(HOUR,<%=TimezoneOffset%>,cast(\"SourcingRequest\".\"TimeUpdated\" as timestamp)) as \"TimeUpdated\",\n    --\"SourcingRequest\".\"ParentWorkspace\" as \"ParentWorkspace\",                                              JSON FORMAT\n    --\"SourcingRequest\".\"BaseLanguage\" as \"BaseLanguage\",                                              JSON FORMAT\n    TIMESTAMPADD(HOUR,<%=TimezoneOffset%>,\"SourcingRequest\".\"PlannedEndDate\") AS \"LannedEndDate\",\n    \"SourcingRequest\".\"Alert\" as \"Alert\",\n    \"SourcingRequest\".\"ProcessId\" as \"ProcessId\",\n    \"SourcingRequest\".\"ProjectAddin_IsTest\" as \"ProjectAddinIsTest\",\n    \"SourcingRequest\".\"ProjectAddin_FollowOnPath\" as \"ProjectAddinFollowOnPath\",\n    \"SourcingRequest\".\"ProjectAddin_Plan_Title_DefaultStringTranslation\" as \"ProjectAddinPlanTitleDefaultStringTranslation\",\n    \"SourcingRequest\".\"ProjectAddin_Plan_ProcessId\" as \"ProjectAddinPlanProcessId\",\n    \"SourcingRequest\".\"ProjectAddin_Plan_Workspace_InternalId\" as \"ProjectAddinPlanWorkspaceInternalId\",\n    \"SourcingRequest\".\"ProjectAddin_IsSubproject\" as \"ProjectAddinIsSubproject\",\n    \"SourcingRequest\".\"ParentDocument_InternalId\" as \"ParentDocumentInternalId\",\n    \"SourcingRequest\".\"Currency_UniqueName\" as \"CurrencyUniqueName\",\n    \"SourcingRequest\".\"TemplateObject_InternalId\" as \"TemplateObjectInternalId\",\n    cast(\"SourcingRequest\".\"BaselineSpend_Amount\" as float) as \"BaselineSpendAmount\",\n    cast(\"SourcingRequest\".\"BaseLanguage_UniqueName\" as varchar) as \"BaseLanguageUniqueName\"\nFROM \"SourcingRequest\""
                    }
                ],
                "relationship_transformations": []
            }
        ]
    }
]