[
    {
        "change_date": 1736247054879.0,
        "changed_by": {
            "id": "2e501ed7-9bdf-4dd6-8328-d853f30e6a1b",
            "name": "c.demosthenous",
            "type_": "USER"
        },
        "created_by": {
            "id": "2e501ed7-9bdf-4dd6-8328-d853f30e6a1b",
            "name": "c.demosthenous",
            "type_": "USER"
        },
        "creation_date": 1736247054481.0,
        "data_connection_id": "00000000-0000-0000-0000-000000000000",
        "description": "",
        "disabled": null,
        "display_name": "OrderRequisition transformation - copy - 2",
        "draft": null,
        "factory_id": "118979ca-d550-4a05-9e04-b03a7eea36a7",
        "factory_validation_status": "VALID",
        "has_user_template": null,
        "local_parameters": [],
        "namespace": "custom",
        "target": {
            "entity_ref": {
                "name": "OrderRequisition",
                "namespace": "custom"
            },
            "kind": "EVENT"
        },
        "transformations": [
            {
                "change_sql_factory_datasets": [],
                "foreign_key_names": [
                    "Requisition"
                ],
                "namespace": "custom",
                "property_names": [
                    "ID",
                    "Time"
                ],
                "property_sql_factory_datasets": [
                    {
                        "id": "OrderRequisitionAtributos",
                        "type_": "SQL_FACTORY_DATA_SET",
                        "complete_overwrite": false,
                        "disabled": false,
                        "materialise_cte": false,
                        "overwrite": null,
                        "sql": "SELECT\n\t\"Requisition\".\"ID\" AS \"Requisition\",\n\t'OrderRequisition_' || \"Requisition\".\"ID\" AS \"ID\",\n\t\"Requisition\".\"OrderedDate\" AS \"Time\"\nFROM \"o_custom_Requisition\" AS \"Requisition\"\nWHERE 1=1\n    AND \"Requisition\".\"OrderedDate\" IS NOT NULL"
                    }
                ],
                "relationship_transformations": [
                    {
                        "relationship_name": "PurchaseRequisitionItem",
                        "sql_factory_datasets": [
                            {
                                "id": "relPRItem",
                                "type_": "SQL_FACTORY_DATA_SET",
                                "complete_overwrite": false,
                                "disabled": false,
                                "materialise_cte": false,
                                "overwrite": null,
                                "sql": "SELECT\n\t'OrderRequisition_' || \"Requisition\".\"ID\" AS \"ID\",\n    \"RequisitionItem\".\"PurchaseRequisitionItem_ID\" AS \"PurchaseRequisitionItem\"\nFROM \"o_custom_Requisition\" AS \"Requisition\"\nJOIN \"o_custom_RequisitionItem\" AS \"RequisitionItem\" ON 1=1\n    AND \"Requisition\".\"ID\" = \"RequisitionItem\".\"Requisition_ID\"\nWHERE 1=1\n    AND \"RequisitionItem\".\"PurchaseRequisitionItem_ID\" IS NOT NULL\n    AND \"Requisition\".\"OrderedDate\" IS NOT NULL\n\n/*\nSELECT\n\t\"Requisition\".\"ID\" AS \"Requisition\",\n\t'OrderRequisition_' || \"Requisition\".\"ID\" AS \"ID\",\n\t\"Requisition\".\"OrderedDate\" AS \"Time\"\nFROM \"o_custom_Requisition\" AS \"Requisition\"\nWHERE 1=1\n    AND \"Requisition\".\"OrderedDate\" IS NOT NULL\n*/"
                            }
                        ]
                    }
                ]
            }
        ]
    }
]