[
    {
        "change_date": 1736420962350.0,
        "changed_by": {
            "id": "2e501ed7-9bdf-4dd6-8328-d853f30e6a1b",
            "name": "c.demosthenous",
            "type_": "USER"
        },
        "created_by": {
            "id": "2e501ed7-9bdf-4dd6-8328-d853f30e6a1b",
            "name": "c.demosthenous",
            "type_": "USER"
        },
        "creation_date": 1736420959895.0,
        "data_connection_id": "468823c6-32f7-4d9b-a9d3-ff1971688698",
        "description": "",
        "disabled": null,
        "display_name": "SourcingScenario transformation - 1000 - RAW test data sets_31 - Ariba Sourcing - 3",
        "draft": null,
        "factory_id": "9704d77b-5196-4b53-bb30-db72302b18aa",
        "factory_validation_status": "VALID",
        "has_user_template": null,
        "local_parameters": [
            {
                "name": "TimezoneOffset",
                "value": "-3"
            }
        ],
        "namespace": "custom",
        "target": {
            "entity_ref": {
                "name": "SourcingScenario",
                "namespace": "custom"
            },
            "kind": "OBJECT"
        },
        "transformations": [
            {
                "change_sql_factory_datasets": [],
                "foreign_key_names": [
                    "RfxDocument"
                ],
                "namespace": "custom",
                "property_names": [
                    "Active",
                    "AlternativeId",
                    "AlternativeStatus",
                    "AlternativeType",
                    "AwardStatus",
                    "ContectDocumentReferenceDocumentId",
                    "ContectDocumentReferenceDocumentMinorVersion",
                    "ContectDocumentReferenceDocumentVersion",
                    "ContectDocumentReferenceUniqueName",
                    "ID",
                    "IsEmailBid",
                    "NumberOfSelectedItems",
                    "NumberOfSelectedSuppliers",
                    "ObjectiveFunction",
                    "ProcessedDate",
                    "SavedDate",
                    "ScenarioStatus",
                    "ScenarioType",
                    "SliceId",
                    "SliceType",
                    "SubmissionDate",
                    "TimeCreated",
                    "TimeUpdated",
                    "Title",
                    "TitleDefaultStringTranslation"
                ],
                "property_sql_factory_datasets": [
                    {
                        "id": "SourcingScenarioAttributes",
                        "type_": "SQL_FACTORY_DATA_SET",
                        "complete_overwrite": false,
                        "disabled": false,
                        "materialise_cte": false,
                        "overwrite": null,
                        "sql": "SELECT \n'SourcingScenario_' || \"SourcingScenario\".\"AlternativeId\" as \"ID\",\n'RFXDocument_' || \"SourcingScenario\".\"ContentDocumentReference_documentId\" as \"RFXDocument\",\n\"SourcingScenario\".\"AlternativeId\" as \"AlternativeId\",\n\"SourcingScenario\".\"AwardStatus\" as \"AwardStatus\",\n\"SourcingScenario\".\"AlternativeStatus\" as \"AlternativeStatus\",\n\"SourcingScenario\".\"SliceType\" as \"SliceType\",\n\"SourcingScenario\".\"ObjectiveFunction\" as \"ObjectiveFunction\",\nTIMESTAMPADD(HOUR,<%=TimezoneOffset%>,\"SourcingScenario\".\"SavedDate\") AS \"SavedDate\",\n\"SourcingScenario\".\"Title\" as \"Title\",\n\"SourcingScenario\".\"SliceId\" as \"SliceId\",\n\"SourcingScenario\".\"IsEmailBid\" as \"IsEmailBid\",\nTIMESTAMPADD(HOUR,<%=TimezoneOffset%>,\"SourcingScenario\".\"SubmissionDate\") AS \"SubmissionDate\",\nTIMESTAMPADD(HOUR,<%=TimezoneOffset%>,\"SourcingScenario\".\"TimeUpdated\") as \"TimeUpdated\",\n\"SourcingScenario\".\"NumberofSelectedItems\" as \"NumberOfSelectedItems\",\nTIMESTAMPADD(HOUR,<%=TimezoneOffset%>,\"SourcingScenario\".\"ProcessedDate\") AS \"ProcessedDate\",\nTIMESTAMPADD(HOUR,<%=TimezoneOffset%>,cast(\"SourcingScenario\".\"TimeCreated\" as timestamp)) as \"TimeCreated\",\n\"SourcingScenario\".\"Active\" as \"Active\",\n\"SourcingScenario\".\"NumberOfSelectedSuppliers\" as \"NumberOfSelectedSuppliers\",\n\"SourcingScenario\".\"ScenarioStatus\" as \"ScenarioStatus\",\n\"SourcingScenario\".\"AlternativeType\" as \"AlternativeType\",\n\"SourcingScenario\".\"ScenarioType\" as \"ScenarioType\",\n\"SourcingScenario\".\"Title_DefaultStringTranslation\" as \"TitleDefaultStringTranslation\",\n\"SourcingScenario\".\"ContentDocumentReference_UniqueName\" as \"ContectDocumentReferenceUniqueName\",\n\"SourcingScenario\".\"ContentDocumentReference_documentMinorVersion\" as \"ContectDocumentReferenceDocumentMinorVersion\",\n\"SourcingScenario\".\"ContentDocumentReference_documentVersion\" as \"ContectDocumentReferenceDocumentVersion\",\n\"SourcingScenario\".\"ContentDocumentReference_documentId\" as \"ContectDocumentReferenceDocumentId\"\nFROM \"Scenario\" as \"SourcingScenario\"\nWHERE 1=1\n    AND \"SourcingScenario\".\"Active\" = 'true'"
                    }
                ],
                "relationship_transformations": []
            }
        ]
    }
]