[
    {
        "change_date": 1736247020501.0,
        "changed_by": {
            "id": "2e501ed7-9bdf-4dd6-8328-d853f30e6a1b",
            "name": "c.demosthenous",
            "type_": "USER"
        },
        "created_by": {
            "id": "2e501ed7-9bdf-4dd6-8328-d853f30e6a1b",
            "name": "c.demosthenous",
            "type_": "USER"
        },
        "creation_date": 1736247018046.0,
        "data_connection_id": "ad7bbed7-c036-4eb3-8f14-4924d1759a4b",
        "description": "",
        "disabled": null,
        "display_name": "OperationalContractHistory transformation - 1000 - RAW test data sets_32 - Ariba Procurement - 1",
        "draft": null,
        "factory_id": "bd5304d6-ed67-4dfb-bc35-d0e3d391fbaf",
        "factory_validation_status": "VALID",
        "has_user_template": null,
        "local_parameters": [
            {
                "name": "TimezoneOffset",
                "value": "-3"
            }
        ],
        "namespace": "custom",
        "target": {
            "entity_ref": {
                "name": "OperationalContractHistory",
                "namespace": "custom"
            },
            "kind": "OBJECT"
        },
        "transformations": [
            {
                "change_sql_factory_datasets": [],
                "foreign_key_names": [
                    "OperationalContract"
                ],
                "namespace": "custom",
                "property_names": [
                    "Active",
                    "AllowInvoiceUnitPriceEditable",
                    "AllowNonCatalogOnInvoice",
                    "AllowReleaseAgainstClosedContract",
                    "AllowSupplierEditInvoiceAccounting",
                    "AmountAccepted",
                    "AmountAcceptedAmount",
                    "AmountAcceptedAmountInReportingCurrency",
                    "AmountAcceptedApproxAmountInBaseCurrency",
                    "AmountAcceptedConversionDate",
                    "AmountAcceptedCurrencyUniqueName",
                    "AmountBilled",
                    "AmountBilledAmount",
                    "AmountBilledAmountInReportingCurrency",
                    "AmountBilledApproxAmountInBaseCurrency",
                    "AmountBilledConversionDate",
                    "AmountBilledCurrencyUniqueName",
                    "AmountCleared",
                    "AmountInvoiced",
                    "AmountReconciled",
                    "AmountRejected",
                    "ApplySupAndCommTermsToNonCatalogItems",
                    "ApprovalRequestsVersion",
                    "ApprovedDate",
                    "ApprovedState",
                    "AutoReleasePreparer",
                    "AutoReleasePreparerUniqueName",
                    "AutoReleaseSuppressOrder",
                    "AvailableAmountNotificationPercent",
                    "CatalogsVisibleFlag",
                    "ChangedBy",
                    "ChangedByUniqueName",
                    "CloseContractOnMaxLimit",
                    "CompanyCode",
                    "CompanyCodeUniqueName",
                    "ConversionDate",
                    "CreateDate",
                    "CreateSubscription",
                    "Currency",
                    "CurrencyUniqueName",
                    "CustomCatalogSearchConstraint",
                    "DefaultRequesterOnInvoiceFromContract",
                    "Description",
                    "EffectiveDate",
                    "Evergreen",
                    "ExcludeChargesOnAvailableAmount",
                    "ExcludeTaxesOnAvailableAmount",
                    "ExpirationNotificationDate",
                    "Expirationdate",
                    "ExternalID",
                    "ExternalSourcingId",
                    "ForecastedSpendAmountinReportingCurrency",
                    "ForecastedSpendApproxamountinbasecurrency",
                    "ForecastedspendTotalamountAmount",
                    "ForecastedspendTotalamountConversiondate",
                    "ForecastedspendTotalamountCurrencyUniquename",
                    "GBQuoteRequestRef",
                    "GlobalReleaseFlag",
                    "HideAmount",
                    "HideUnitPrice",
                    "HierarchicalType",
                    "ID",
                    "IncludeSubAgreementAccumulators",
                    "InitialUniqueName",
                    "InvoicedDate",
                    "InvoicedState",
                    "IsAutoRelease",
                    "IsBlanketPurchaseOrder",
                    "IsCollaborationAllowed",
                    "IsHardMaxAmount",
                    "IsHardReleaseMaxAmount",
                    "IsHardReleaseMinAmount",
                    "IsInvoiceable",
                    "IsNonCatalogItemsAccumulated",
                    "IsReceivable",
                    "IsServiceHierarchyContract",
                    "LastModified",
                    "LastReleaseNumber",
                    "LimitType",
                    "MAClosedDate",
                    "MAClosedReason",
                    "MAOpenDate",
                    "MAState",
                    "MaxAmount",
                    "MaxAmountTolerancePercent",
                    "MinAmount",
                    "MinAvailableAmountNotificationDays",
                    "MinAvailableAmountNotificationPercent",
                    "MinLimitNotificationDate",
                    "Name",
                    "NextVersion",
                    "NextVersionUniqueName",
                    "NotificationDays",
                    "NotificationRecurringDays",
                    "NumberBilled",
                    "NumberCleared",
                    "NumberReceivableLineItems",
                    "NumberReceivableOrders",
                    "OrderedDate",
                    "OrderedState",
                    "ParentAgreement",
                    "ParentAgreementUniqueName",
                    "PaymentTerms",
                    "PaymenttermsUniquename",
                    "PercentageOfBalanceNotificationDate",
                    "PreloadAmount",
                    "Preparer",
                    "PreparerUniqueName",
                    "PreviousApprovalRequestsVersion",
                    "PreviousVersion",
                    "PreviousVersionUniquename",
                    "ProcurementUnit",
                    "ProcurementUnitUniqueName",
                    "PurchaseOrg",
                    "PurchaseOrgUniqueName",
                    "Receipts",
                    "ReceivedDate",
                    "ReceivedState",
                    "ReleaseMaxAmount",
                    "ReleaseMaxAmountAmount",
                    "ReleaseMaxAmountAmountInReportingCurrency",
                    "ReleaseMaxAmountApproxAmountInBaseCurrency",
                    "ReleaseMaxAmountConversionDate",
                    "ReleaseMaxAmountCurrencyUniqueName",
                    "ReleaseMinAmount",
                    "ReleaseMinAmountAmount",
                    "ReleaseMinAmountAmountInReportingCurrency",
                    "ReleaseMinAmountApproxAmountInBaseCurrency",
                    "ReleaseMinAmountConversionDate",
                    "ReleaseMinAmountCurrencyUniqueName",
                    "ReleaseTolerancePercent",
                    "ReleaseType",
                    "ReportingCurrency",
                    "ReportingCurrencyUniqueName",
                    "Requester",
                    "RequesterUniqueName",
                    "RestrictReleaseAccessFlag",
                    "ResubmitDate",
                    "SourcingStatusString",
                    "StatusString",
                    "SubAgreements",
                    "SubPreloadAmount",
                    "SubmitDate",
                    "Supplier",
                    "SupplierLocation",
                    "SupplierLocationCity",
                    "SupplierLocationCountryUniqueName",
                    "SupplierLocationFax",
                    "SupplierLocationLines",
                    "SupplierLocationName",
                    "SupplierLocationPhone",
                    "SupplierLocationPostalCode",
                    "SupplierLocationState",
                    "SupplierLocationUniqueName",
                    "SupplierName",
                    "SupplierUniqueName",
                    "TermType",
                    "TimeCreated",
                    "TimeUpdated",
                    "TotalCostAmount",
                    "TotalCostApproxAmountInBaseCurrency",
                    "TotalCostCurrencyUniqueName",
                    "Totalcost",
                    "TotalcostAmountInReportingCurrency",
                    "Type",
                    "UniqueName",
                    "Version",
                    "VersionNumber"
                ],
                "property_sql_factory_datasets": [
                    {
                        "id": "OperationalContractHistoryAtributos",
                        "type_": "SQL_FACTORY_DATA_SET",
                        "complete_overwrite": false,
                        "disabled": false,
                        "materialise_cte": false,
                        "overwrite": null,
                        "sql": "SELECT\n\t'OperationalContract_' || \"InitialUniqueName\" AS \"OperationalContract\",\n\t'OperationalContractHistory_' || \"UniqueName\" AS \"ID\",\n\t\"ExcludeChargesOnAvailableAmount\" AS \"ExcludeChargesOnAvailableAmount\",\n\t\"IsAutoRelease\" AS \"IsAutoRelease\",\n\t\"CustomCatalogSearchConstraint\" AS \"CustomCatalogSearchConstraint\",\n\t\"TotalCost\" AS \"Totalcost\",\n\t\"Currency\" AS \"Currency\",\n\t\"CloseContractOnMaxLimit\" AS \"CloseContractOnMaxLimit\",\n\t\"LimitType\" AS \"LimitType\",\n\t\"AmountAccepted\" AS \"AmountAccepted\",\n\t\"AutoReleasePreparer\" AS \"AutoReleasePreparer\",\n\t\"ChangedBy\" AS \"ChangedBy\",\n\t\"GlobalReleaseFlag\" AS \"GlobalReleaseFlag\",\n\t\"ProcurementUnit\" AS \"ProcurementUnit\",\n\t\"RestrictReleaseAccessFlag\" AS \"RestrictReleaseAccessFlag\",\n\t\"UniqueName\" AS \"UniqueName\",\n\t\"ReportingCurrency\" AS \"ReportingCurrency\",\n\t\"AllowNonCatalogOnInvoice\" AS \"AllowNonCatalogOnInvoice\",\n\t\"AmountCleared\" AS \"AmountCleared\",\n\t\"AllowInvoiceUnitPriceEditable\" AS \"AllowInvoiceUnitPriceEditable\",\n\t\"AmountReconciled\" AS \"AmountReconciled\",\n\t\"ParentAgreement\" AS \"ParentAgreement\",\n\t\"StatusString\" AS \"StatusString\",\n\t\"IsInvoiceable\" AS \"IsInvoiceable\",\n\t\"IsBlanketPurchaseOrder\" AS \"IsBlanketPurchaseOrder\",\n\tTIMESTAMPADD(HOUR,<%=TimezoneOffset%>,\"TimeUpdated\") AS \"TimeUpdated\",\n\t\"MAClosedReason\" AS \"MAClosedReason\",\n\t\"AvailableAmountNotificationPercent\" AS \"AvailableAmountNotificationPercent\",\n\t\"ApprovedState\" AS \"ApprovedState\",\n\t\"InvoicedState\" AS \"InvoicedState\",\n\t\"SupplierLocation\" AS \"SupplierLocation\",\n\t\"CreateSubscription\" AS \"CreateSubscription\",\n\tTIMESTAMPADD(HOUR,<%=TimezoneOffset%>,\"CreateDate\") AS \"CreateDate\",\n\t\"TermType\" AS \"TermType\",\n\t\"Name\" AS \"Name\",\n\t\"Version\" AS \"Version\",\n\tTIMESTAMPADD(HOUR,<%=TimezoneOffset%>,\"InvoicedDate\") AS \"InvoicedDate\",\n\t\"MaxAmountTolerancePercent\" AS \"MaxAmountTolerancePercent\",\n\tTIMESTAMPADD(HOUR,<%=TimezoneOffset%>,\"ApprovedDate\") AS \"ApprovedDate\",\n\t\"PreviousApprovalRequestsVersion\" AS \"PreviousApprovalRequestsVersion\",\n\t\"MinAvailableAmountNotificationPercent\" AS \"MinAvailableAmountNotificationPercent\",\n\t\"IsReceivable\" AS \"IsReceivable\",\n\t\"ReleaseMinAmount\" AS \"ReleaseMinAmount\",\n\tTIMESTAMPADD(HOUR,<%=TimezoneOffset%>,\"ReceivedDate\") AS \"ReceivedDate\",\n\t\"IsHardReleaseMinAmount\" AS \"IsHardReleaseMinAmount\",\n\t\"NextVersion\" AS \"NextVersion\",\n\t\"ReleaseTolerancePercent\" AS \"ReleaseTolerancePercent\",\n\t\"NumberBilled\" AS \"NumberBilled\",\n\t\"MinAvailableAmountNotificationDays\" AS \"MinAvailableAmountNotificationDays\",\n\t\"IsHardReleaseMaxAmount\" AS \"IsHardReleaseMaxAmount\",\n\t\"PaymentTerms\" AS \"PaymentTerms\",\n\tTIMESTAMPADD(HOUR,<%=TimezoneOffset%>,\"PercentageOfBalanceNotificationDate\") AS \"PercentageOfBalanceNotificationDate\",\n\t\"IsHardMaxAmount\" AS \"IsHardMaxAmount\",\n\t\"ExternalSourcingId\" AS \"ExternalSourcingId\",\n\t\"GBQuoteRequestRef\" AS \"GBQuoteRequestRef\",\n\t\"MinAmount\" AS \"MinAmount\",\n\t\"AmountRejected\" AS \"AmountRejected\",\n\t\"ApprovalRequestsVersion\" AS \"ApprovalRequestsVersion\",\n\t\"LastReleaseNumber\" AS \"LastReleaseNumber\",\n\t\"HideAmount\" AS \"HideAmount\",\n\t\"Receipts\" AS \"Receipts\",\n\t\"CompanyCode\" AS \"CompanyCode\",\n\t\"InitialUniqueName\" AS \"InitialUniqueName\",\n\tTIMESTAMPADD(HOUR,<%=TimezoneOffset%>,\"SubmitDate\") AS \"SubmitDate\",\n\t\"AllowReleaseAgainstClosedContract\" AS \"AllowReleaseAgainstClosedContract\",\n\t\"LastModified\" AS \"LastModified\",\n\t\"AutoReleaseSuppressOrder\" AS \"AutoReleaseSuppressOrder\",\n\t\"ExcludeTaxesOnAvailableAmount\" AS \"ExcludeTaxesOnAvailableAmount\",\n\tTIMESTAMPADD(HOUR,<%=TimezoneOffset%>,\"ExpirationNotificationDate\") AS \"ExpirationNotificationDate\",\n\tTIMESTAMPADD(HOUR,<%=TimezoneOffset%>,\"ResubmitDate\") AS \"ResubmitDate\",\n\t\"NumberCleared\" AS \"NumberCleared\",\n\t\"PurchaseOrg\" AS \"PurchaseOrg\",\n\t\"ReleaseMaxAmount\" AS \"ReleaseMaxAmount\",\n\tTIMESTAMPADD(HOUR,<%=TimezoneOffset%>,\"MinLimitNotificationDate\") AS \"MinLimitNotificationDate\",\n\t--\"AmountBilled\" AS \"AmountBilled\",                                              JSON FORMAT\n\t\"Description\" AS \"Description\",\n\t\"SubPreloadAmount\" AS \"SubPreloadAmount\",\n\t\"NumberReceivableLineItems\" AS \"NumberReceivableLineItems\",\n\t--\"MaxAmount\" AS \"MaxAmount\",                                              JSON FORMAT\n\t\"SourcingStatusString\" AS \"SourcingStatusString\",\n\tTIMESTAMPADD(HOUR,<%=TimezoneOffset%>,\"MAClosedDate\") AS \"MAClosedDate\",\n\t\"Supplier\" AS \"Supplier\",\n\t\"IsServiceHierarchyContract\" AS \"IsServiceHierarchyContract\",\n\t--\"AmountInvoiced\" AS \"AmountInvoiced\",                                              JSON FORMAT\n\t\"VersionNumber\" AS \"VersionNumber\",\n\t\"Type\" AS \"Type\",\n\tTIMESTAMPADD(HOUR,<%=TimezoneOffset%>,\"ExpirationDate\") AS \"Expirationdate\",\n\t\"IsCollaborationAllowed\" AS \"IsCollaborationAllowed\",\n\t\"CatalogsVisibleFlag\" AS \"CatalogsVisibleFlag\",\n\t\"ReceivedState\" AS \"ReceivedState\",\n\t\"NumberReceivableOrders\" AS \"NumberReceivableOrders\",\n\tTIMESTAMPADD(HOUR,<%=TimezoneOffset%>,CAST(\"TimeCreated\" AS timestamp)) AS \"TimeCreated\",\n\t--\"Requester\" AS \"Requester\",                                              JSON FORMAT\n\t\"DefaultRequesterOnInvoiceFromContract\" AS \"DefaultRequesterOnInvoiceFromContract\",\n\t\"AllowSupplierEditInvoiceAccounting\" AS \"AllowSupplierEditInvoiceAccounting\",\n\t\"HideUnitPrice\" AS \"HideUnitPrice\",\n\t\"OrderedState\" AS \"OrderedState\",\n\t\"NotificationRecurringDays\" AS \"NotificationRecurringDays\",\n\t\"IsNonCatalogItemsAccumulated\" AS \"IsNonCatalogItemsAccumulated\",\n\t\"MAState\" AS \"MAState\",\n\t\"Active\" AS \"Active\",\n\t\"ApplySupAndCommTermsToNonCatalogItems\" AS \"ApplySupAndCommTermsToNonCatalogItems\",\n\t\"HierarchicalType\" AS \"HierarchicalType\",\n\tTIMESTAMPADD(HOUR,<%=TimezoneOffset%>,\"OrderedDate\") AS \"OrderedDate\",\n\t\"ExternalID\" AS \"ExternalID\",\n\t\"NotificationDays\" AS \"NotificationDays\",\n\t\"ReleaseType\" AS \"ReleaseType\",\n\t\"SubAgreements\" AS \"SubAgreements\",\n\t\"PreviousVersion\" AS \"PreviousVersion\",\n\t\"IncludeSubAgreementAccumulators\" AS \"IncludeSubAgreementAccumulators\",\n\t\"PreloadAmount\" AS \"PreloadAmount\",\n\tTIMESTAMPADD(HOUR,<%=TimezoneOffset%>,\"MAOpenDate\") AS \"MAOpenDate\",\n\t\"Evergreen\" AS \"Evergreen\",\n\t--\"Preparer\" AS \"Preparer\",                                              JSON FORMAT\n\tTIMESTAMPADD(HOUR,<%=TimezoneOffset%>,\"EffectiveDate\") AS \"EffectiveDate\",\n\t\"TotalCost_AmountInReportingCurrency\" AS \"TotalcostAmountInReportingCurrency\",\n\t\"TotalCost_ApproxAmountInBaseCurrency\" AS \"TotalCostApproxAmountInBaseCurrency\",\n\t\"TotalCost_Amount\" AS \"TotalCostAmount\",\n\tTIMESTAMPADD(HOUR,<%=TimezoneOffset%>,\"TotalCost_ConversionDate\") AS \"ConversionDate\",\n\t\"TotalCost_Currency_UniqueName\" AS \"TotalCostCurrencyUniqueName\",\n\t\"Currency_UniqueName\" AS \"CurrencyUniqueName\",\n\t\"AmountAccepted_AmountInReportingCurrency\" AS \"AmountAcceptedAmountInReportingCurrency\",\n\t\"AmountAccepted_ApproxAmountInBaseCurrency\" AS \"AmountAcceptedApproxAmountInBaseCurrency\",\n\t\"AmountAccepted_Amount\" AS \"AmountAcceptedAmount\",\n\tTIMESTAMPADD(HOUR,<%=TimezoneOffset%>,\"AmountAccepted_ConversionDate\") AS \"AmountAcceptedConversionDate\",\n\t\"AmountAccepted_Currency_UniqueName\" AS \"AmountAcceptedCurrencyUniqueName\",\n\t\"AutoReleasePreparer_UniqueName\" AS \"AutoReleasePreparerUniqueName\",\n\t\"ChangedBy_UniqueName\" AS \"ChangedByUniqueName\",\n\t\"PurchaseOrg_UniqueName\" AS \"PurchaseOrgUniqueName\",\n\t\"ReleaseMaxAmount_AmountInReportingCurrency\" AS \"ReleaseMaxAmountAmountInReportingCurrency\",\n\t\"ReleaseMaxAmount_ApproxAmountInBaseCurrency\" AS \"ReleaseMaxAmountApproxAmountInBaseCurrency\",\n\t\"ReleaseMaxAmount_Amount\" AS \"ReleaseMaxAmountAmount\",\n\tTIMESTAMPADD(HOUR,<%=TimezoneOffset%>,\"ReleaseMaxAmount_ConversionDate\") AS \"ReleaseMaxAmountConversionDate\",\n\t\"ReleaseMaxAmount_Currency_UniqueName\" AS \"ReleaseMaxAmountCurrencyUniqueName\",\n\t\"ProcurementUnit_UniqueName\" AS \"ProcurementUnitUniqueName\",\n\t\"AmountBilled_AmountInReportingCurrency\" AS \"AmountBilledAmountInReportingCurrency\",\n\t\"AmountBilled_ApproxAmountInBaseCurrency\" AS \"AmountBilledApproxAmountInBaseCurrency\",\n\t\"AmountBilled_Amount\" AS \"AmountBilledAmount\",\n\tTIMESTAMPADD(HOUR,<%=TimezoneOffset%>,\"AmountBilled_ConversionDate\") AS \"AmountBilledConversionDate\",\n\t\"AmountBilled_Currency_UniqueName\" AS \"AmountBilledCurrencyUniqueName\",\n\t\"ReportingCurrency_UniqueName\" AS \"ReportingCurrencyUniqueName\",\n\t\"ParentAgreement_UniqueName\" AS \"ParentAgreementUniqueName\",\n\t\"Supplier_UniqueName\" AS \"SupplierUniqueName\",\n\t\"Supplier_Name\" AS \"SupplierName\",\n\t\"SupplierLocation_State\" AS \"SupplierLocationState\",\n\t\"SupplierLocation_Phone\" AS \"SupplierLocationPhone\",\n\t\"SupplierLocation_Country_UniqueName\" AS \"SupplierLocationCountryUniqueName\",\n\t\"SupplierLocation_PostalCode\" AS \"SupplierLocationPostalCode\",\n\t\"SupplierLocation_City\" AS \"SupplierLocationCity\",\n\t\"SupplierLocation_Fax\" AS \"SupplierLocationFax\",\n\t\"SupplierLocation_UniqueName\" AS \"SupplierLocationUniqueName\",\n\t\"SupplierLocation_Name\" AS \"SupplierLocationName\",\n\t\"SupplierLocation_Lines\" AS \"SupplierLocationLines\",\n\t\"Requester_UniqueName\" AS \"RequesterUniqueName\",\n\t\"ReleaseMinAmount_AmountInReportingCurrency\" AS \"ReleaseMinAmountAmountInReportingCurrency\",\n\t\"ReleaseMinAmount_ApproxAmountInBaseCurrency\" AS \"ReleaseMinAmountApproxAmountInBaseCurrency\",\n\t\"ReleaseMinAmount_Amount\" AS \"ReleaseMinAmountAmount\",\n\tTIMESTAMPADD(HOUR,<%=TimezoneOffset%>,\"ReleaseMinAmount_ConversionDate\") AS \"ReleaseMinAmountConversionDate\",\n\t\"ReleaseMinAmount_Currency_UniqueName\" AS \"ReleaseMinAmountCurrencyUniqueName\",\n\t\"NextVersion_UniqueName\" AS \"NextVersionUniqueName\",\n\t\"ForecastedSpend_TotalAmount_AmountInReportingCurrency\" AS \"ForecastedSpendAmountinReportingCurrency\",\n\t\"ForecastedSpend_TotalAmount_ApproxAmountInBaseCurrency\" AS \"ForecastedSpendApproxamountinbasecurrency\",\n\t\"ForecastedSpend_TotalAmount_Amount\" AS \"ForecastedspendTotalamountAmount\",\n\tTIMESTAMPADD(HOUR,<%=TimezoneOffset%>,\"ForecastedSpend_TotalAmount_ConversionDate\") AS \"ForecastedspendTotalamountConversiondate\",\n\t\"ForecastedSpend_TotalAmount_Currency_UniqueName\" AS \"ForecastedspendTotalamountCurrencyUniquename\",\n\t\"PaymentTerms_UniqueName\" AS \"PaymenttermsUniquename\",\n\t\"PreviousVersion_UniqueName\" AS \"PreviousVersionUniquename\",\n\t\"Preparer_UniqueName\" AS \"PreparerUniqueName\",\n\t\"CompanyCode_UniqueName\" AS \"CompanyCodeUniqueName\"\nFROM \"Contract\""
                    }
                ],
                "relationship_transformations": []
            }
        ]
    }
]