[
    {
        "change_date": 1736341726606.0,
        "changed_by": {
            "id": "2e501ed7-9bdf-4dd6-8328-d853f30e6a1b",
            "name": "c.demosthenous",
            "type_": "USER"
        },
        "created_by": {
            "id": "2e501ed7-9bdf-4dd6-8328-d853f30e6a1b",
            "name": "c.demosthenous",
            "type_": "USER"
        },
        "creation_date": 1736341726196.0,
        "data_connection_id": "00000000-0000-0000-0000-000000000000",
        "description": "",
        "disabled": null,
        "display_name": "RFXBidRejected transformation - copy - 4",
        "draft": null,
        "factory_id": "1f50d136-cceb-4196-bb53-479dc9643312",
        "factory_validation_status": "VALID",
        "has_user_template": null,
        "local_parameters": [],
        "namespace": "custom",
        "target": {
            "entity_ref": {
                "name": "RFXBidRejected",
                "namespace": "custom"
            },
            "kind": "EVENT"
        },
        "transformations": [
            {
                "change_sql_factory_datasets": [],
                "foreign_key_names": [
                    "Bid"
                ],
                "namespace": "custom",
                "property_names": [
                    "ID",
                    "Time"
                ],
                "property_sql_factory_datasets": [
                    {
                        "id": "RFXBidRejectedAttributes",
                        "type_": "SQL_FACTORY_DATA_SET",
                        "complete_overwrite": false,
                        "disabled": false,
                        "materialise_cte": false,
                        "overwrite": null,
                        "sql": "SELECT \n\t'RFXBidRejected_' || \"Bid\".\"ID\" as \"ID\",\n    \"Bid\".\"ID\" AS \"Bid\",\n\t\"Bid\".\"TimeUpdated\" AS \"Time\"\nFROM \"o_custom_Bid\" AS \"Bid\"\nWHERE 1=1\n    AND \"Bid\".\"TimeUpdated\" IS NOT NULL\n    AND \"Bid\".\"AlternativeStatus\" = 'Rejected'"
                    }
                ],
                "relationship_transformations": []
            }
        ]
    }
]