[
    {
        "change_date": 1736341729071.0,
        "changed_by": {
            "id": "2e501ed7-9bdf-4dd6-8328-d853f30e6a1b",
            "name": "c.demosthenous",
            "type_": "USER"
        },
        "created_by": {
            "id": "2e501ed7-9bdf-4dd6-8328-d853f30e6a1b",
            "name": "c.demosthenous",
            "type_": "USER"
        },
        "creation_date": 1736341728675.0,
        "data_connection_id": "00000000-0000-0000-0000-000000000000",
        "description": "",
        "disabled": null,
        "display_name": "BidIsSubmitted transformation - copy - 4",
        "draft": null,
        "factory_id": "84b2ff2c-32b8-424d-81c8-99ffc0082c74",
        "factory_validation_status": "VALID",
        "has_user_template": null,
        "local_parameters": [],
        "namespace": "custom",
        "target": {
            "entity_ref": {
                "name": "BidIsSubmitted",
                "namespace": "custom"
            },
            "kind": "EVENT"
        },
        "transformations": [
            {
                "change_sql_factory_datasets": [],
                "foreign_key_names": [
                    "Bid"
                ],
                "namespace": "custom",
                "property_names": [
                    "ID",
                    "Time"
                ],
                "property_sql_factory_datasets": [
                    {
                        "id": "BidIsSubmittedAttributes",
                        "type_": "SQL_FACTORY_DATA_SET",
                        "complete_overwrite": false,
                        "disabled": false,
                        "materialise_cte": false,
                        "overwrite": null,
                        "sql": "SELECT \n    'BidIsSubmitted_' || \"AuditEntry\".\"ID\" AS \"ID\",\n    \"Bid\".\"Id\" AS \"Bid\",\n    \"AuditEntry\".\"TimeCreated\" as \"Time\"\nFROM \"o_custom_AuditEntry\" as \"AuditEntry\"\nLEFT JOIN \"o_custom_Bid\" AS \"Bid\" ON 1=1\n    AND SPLIT_PART(\"ParametersParam2\",'{String}',2) =  \"Bid\".\"AlternativeId\"\nWHERE 1=1\n    AND \"AuditEntry\".\"TemplateActionNameDefaultStringTranslation\" = 'Bid is submitted'\n    AND \"AuditEntry\".\"TimeCreated\" IS NOT NULL\n\n/*\nSELECT DISTINCT\n'BidIsSubmitted_' || \"Bid\".\"ID\" AS \"ID\",\n\"Bid\".\"ID\" AS \"Bid\",\n\"AuditEntry\".\"TimeUpdated\" as \"Time\"\nfrom \"o_custom_AuditEntry\" as \"AuditEntry\"\njoin \"o_custom_RFXDocument\" as \"RFXDocument\" ON 1 = 1\nAND \"AuditEntry\".\"ContextObjectInternalId\" = \"RFXDocument\".\"InternalId\"\njoin \"o_custom_Bid\" as \"Bid\" ON 1 = 1\nAND \"RFXDocument\".\"InternalId\" = \"Bid\".\"ContectDocumentReferenceDocumentId\"\nAND \"RFXDocument\".\"DocumentVersion\" = \"Bid\".\"ContectDocumentReferenceDocumentVersion\"\nAND \"AuditEntry\".\"TemplateActionNameDefaultStringTranslation\" LIKE 'Bid is submitted'\n*/"
                    }
                ],
                "relationship_transformations": []
            }
        ]
    }
]