[
    {
        "change_date": 1770400806596.0,
        "changed_by": {
            "id": "cccccccc-cccc-cccc-cccc-cccccccccccc",
            "name": "Celonis",
            "type_": "APPLICATION"
        },
        "created_by": {
            "id": "cccccccc-cccc-cccc-cccc-cccccccccccc",
            "name": "Celonis",
            "type_": "APPLICATION"
        },
        "creation_date": 1770400806596.0,
        "data_connection_id": "b3c59e17-798d-49ea-b0b3-99d0bae2e011",
        "description": null,
        "disabled": null,
        "display_name": "ProductionOrder",
        "draft": null,
        "factory_id": "01212671-a10c-47f2-91fd-c8250c60aba9_b3c59e17-798d-49ea-b0b3-99d0bae2e011",
        "factory_validation_status": "NOT_VALIDATED",
        "has_user_template": null,
        "local_parameters": [
            {
                "name": "sourceSystem",
                "value": "''"
            }
        ],
        "namespace": "celonis",
        "target": {
            "entity_ref": {
                "name": "ProductionOrder",
                "namespace": "celonis"
            },
            "kind": "OBJECT"
        },
        "transformations": [
            {
                "change_sql_factory_datasets": [],
                "foreign_key_names": [
                    "CreatedBy"
                ],
                "namespace": "celonis",
                "property_names": [
                    "CreationExecutionType",
                    "CreationTime",
                    "DatabaseProductionOrderNumber",
                    "FinishTime",
                    "ID",
                    "ScheduledFinishTime",
                    "ScheduledStartTime",
                    "SourceSystemInstance",
                    "SourceSystemType",
                    "StartTime",
                    "SystemProductionOrderNumber"
                ],
                "property_sql_factory_datasets": [
                    {
                        "id": "AFKO",
                        "type_": "SQL_FACTORY_DATA_SET",
                        "complete_overwrite": false,
                        "disabled": false,
                        "materialise_cte": false,
                        "overwrite": null,
                        "sql": "SELECT <%=sourceSystem%>  || 'ProductionOrder_' || \"AFKO\".\"MANDT\" || '_' || \"AFKO\".\"AUFNR\" AS \"ID\",\n       CAST(\"AUFK\".\"ERDAT\" AS DATE) + CAST(\"AUFK\".\"ERFZEIT\" AS TIME)                       AS \"CreationTime\",\n\t<%=sourceSystem%>  || 'User_' || \"AUFK\".\"MANDT\" || \"AUFK\".\"ERNAM\"                         AS \"CreatedBy\",\n       CASE\n           WHEN \"USR02\".\"USTYP\" IN ('B', 'C') THEN 'Automatic'\n           ELSE 'Manual' END                                                               AS \"CreationExecutionType\",\n       CAST(\"AFKO\".\"GSTRS\" AS DATE) + CAST(\"AFKO\".\"GSUZS\" AS TIME)                         AS \"ScheduledStartTime\",\n       CAST(\"AFKO\".\"GLTRS\" AS DATE) + CAST(\"AFKO\".\"GLUZS\" AS TIME)                         AS \"ScheduledFinishTime\",\n       CAST(\"AFKO\".\"GSTRI\" AS DATE) + CAST(\"AFKO\".\"GSUZI\" AS TIME)                         AS \"StartTime\",\n       CAST(\"AFKO\".\"GLTRI\" AS DATE) + CAST(\"AFKO\".\"GEUZI\" AS TIME)                         AS \"FinishTime\",\n       'SAP'                                                                               AS \"SourceSystemType\",\n       \"AFKO\".\"MANDT\"                                                                      AS \"SourceSystemInstance\",\n       CAST(\"AFKO\".\"AUFNR\" AS VARCHAR(255))                                                AS \"SystemProductionOrderNumber\",\n       CAST(\"AFKO\".\"AUFNR\" AS VARCHAR(255))                                                AS \"DatabaseProductionOrderNumber\"\nFROM \"AFKO\" AS \"AFKO\"\n         LEFT JOIN \"AUFK\" AS \"AUFK\"\n                   ON \"AFKO\".\"MANDT\" = \"AUFK\".\"MANDT\"\n                       AND \"AFKO\".\"AUFNR\" = \"AUFK\".\"AUFNR\"\n         LEFT JOIN \"USR02\" AS \"USR02\"\n                   ON \"AUFK\".\"MANDT\" = \"USR02\".\"MANDT\"\n                       AND \"AUFK\".\"ERNAM\" = \"USR02\".\"BNAME\"\nWHERE \"AUFK\".\"MANDT\" IS NOT NULL\n  AND \"AUFK\".\"AUTYP\" IN ('10')\n"
                    }
                ],
                "relationship_transformations": []
            }
        ]
    }
]