[
    {
        "change_date": 1736247050988.0,
        "changed_by": {
            "id": "2e501ed7-9bdf-4dd6-8328-d853f30e6a1b",
            "name": "c.demosthenous",
            "type_": "USER"
        },
        "created_by": {
            "id": "2e501ed7-9bdf-4dd6-8328-d853f30e6a1b",
            "name": "c.demosthenous",
            "type_": "USER"
        },
        "creation_date": 1736247050504.0,
        "data_connection_id": "00000000-0000-0000-0000-000000000000",
        "description": "",
        "disabled": null,
        "display_name": "ApproveOperationalContract transformation - copy - 2",
        "draft": null,
        "factory_id": "0395c47f-1b81-4fe9-979e-ca4ec8ef4f57",
        "factory_validation_status": "VALID",
        "has_user_template": null,
        "local_parameters": [],
        "namespace": "custom",
        "target": {
            "entity_ref": {
                "name": "ApproveOperationalContract",
                "namespace": "custom"
            },
            "kind": "EVENT"
        },
        "transformations": [
            {
                "change_sql_factory_datasets": [],
                "foreign_key_names": [
                    "Contract",
                    "OperationalContract"
                ],
                "namespace": "custom",
                "property_names": [
                    "ID",
                    "Time"
                ],
                "property_sql_factory_datasets": [
                    {
                        "id": "ApproveOperationalContractAttributes",
                        "type_": "SQL_FACTORY_DATA_SET",
                        "complete_overwrite": false,
                        "disabled": false,
                        "materialise_cte": false,
                        "overwrite": null,
                        "sql": "SELECT\n    \"OpContractHistory\".\"OperationalContract_ID\" AS \"Contract\",\n    'ApproveOperationalContract_' || \"OpContractHistory\".\"ID\" AS \"ID\",\n    \"OpContractHistory\".\"OperationalContract_ID\" AS \"OperationalContract\",\n    \"OpContract\".\"ContractWorkspace_ID\" AS \"ContractWorkspace\",\n    \"OpContractHistory\".\"ApprovedDate\" AS \"Time\"\nFROM \"o_custom_OperationalContractHistory\" AS \"OpContractHistory\"\nJOIN \"o_custom_OperationalContract\" AS \"OpContract\" ON 1=1\n  AND \"OpContractHistory\".\"OperationalContract_ID\" = \"OpContract\".\"ID\"\nWHERE 1=1\n    AND  \"OpContractHistory\".\"ApprovedDate\" IS NOT NULL"
                    }
                ],
                "relationship_transformations": []
            }
        ]
    }
]