[
    {
        "change_date": 1740746813866.0,
        "changed_by": {
            "id": "945b3dbd-8a0a-42d4-8c9f-62dd51c531c5",
            "name": "Timmy Smith",
            "type_": "USER"
        },
        "created_by": {
            "id": "2e501ed7-9bdf-4dd6-8328-d853f30e6a1b",
            "name": "c.demosthenous",
            "type_": "USER"
        },
        "creation_date": 1736341737413.0,
        "data_connection_id": "00000000-0000-0000-0000-000000000000",
        "description": "",
        "disabled": true,
        "display_name": "CreateContractTerms transformation - copy - 4",
        "draft": null,
        "factory_id": "8f55cda5-bab7-4071-95bb-d06754fa366b",
        "factory_validation_status": "VALID",
        "has_user_template": null,
        "local_parameters": [],
        "namespace": "custom",
        "target": {
            "entity_ref": {
                "name": "CreateContractTerms",
                "namespace": "custom"
            },
            "kind": "EVENT"
        },
        "transformations": [
            {
                "change_sql_factory_datasets": [],
                "foreign_key_names": [],
                "namespace": "custom",
                "property_names": [
                    "ID",
                    "Time"
                ],
                "property_sql_factory_datasets": [
                    {
                        "id": "CreateContractTermsAtributos",
                        "type_": "SQL_FACTORY_DATA_SET",
                        "complete_overwrite": false,
                        "disabled": false,
                        "materialise_cte": false,
                        "overwrite": null,
                        "sql": "SELECT\n    'CreateContractTerms_' || \"ContractTerms\".\"ID\" AS \"ID\",\n    \"ContractTerms\".\"ID\" as \"ContractTerms\",\n    CAST(\"ContractTerms\".\"TimeCreated\" AS TIMESTAMP) AS \"Time\"\nfrom \"o_custom_ContractTerms\" as \"ContractTerms\"\nwhere 1=1\n    AND \"ContractTerms\".\"TimeCreated\"  IS NOT NULL"
                    }
                ],
                "relationship_transformations": []
            }
        ]
    }
]