[
    {
        "change_date": 1736420987749.0,
        "changed_by": {
            "id": "2e501ed7-9bdf-4dd6-8328-d853f30e6a1b",
            "name": "c.demosthenous",
            "type_": "USER"
        },
        "created_by": {
            "id": "2e501ed7-9bdf-4dd6-8328-d853f30e6a1b",
            "name": "c.demosthenous",
            "type_": "USER"
        },
        "creation_date": 1736420987341.0,
        "data_connection_id": "00000000-0000-0000-0000-000000000000",
        "description": "",
        "disabled": null,
        "display_name": "EndTaskSourcingProject transformation - copy - 7",
        "draft": null,
        "factory_id": "1709e0ba-cb23-4a65-b4fd-0d7064fd9746",
        "factory_validation_status": "VALID",
        "has_user_template": null,
        "local_parameters": [],
        "namespace": "custom",
        "target": {
            "entity_ref": {
                "name": "EndTaskSourcingProject",
                "namespace": "custom"
            },
            "kind": "EVENT"
        },
        "transformations": [
            {
                "change_sql_factory_datasets": [],
                "foreign_key_names": [
                    "Sourcingproject"
                ],
                "namespace": "custom",
                "property_names": [
                    "ActivityText",
                    "BeginTime",
                    "ID",
                    "Task",
                    "TaskTitle",
                    "Time"
                ],
                "property_sql_factory_datasets": [
                    {
                        "id": "EndTaskSourcingProjectAttributes",
                        "type_": "SQL_FACTORY_DATA_SET",
                        "complete_overwrite": false,
                        "disabled": false,
                        "materialise_cte": false,
                        "overwrite": null,
                        "sql": "SELECT\n    \"Task\".\"ID\"  AS  \"Task\",\n    \"Task\".\"SourcingProject_ID\"  AS  \"SourcingProject\",\n    'EndTask_' || \"Task\".\"ID\" AS \"ID\",\n    \"Task\".\"EndDateTime\" AS \"Time\",\n    'Finalizar tarefa: ' || \"Task\".\"Title\" AS \"ActivityText\",\n    --\"Task\".\"ParentPlanTitleDefaultStringTranslation\" AS \"ActivityPhase\",\n    \"Task\".\"Title\" AS \"TaskTitle\",\n    \"Task\".\"BeginDate\" AS \"BeginTime\"\nFROM \"o_custom_Task\" AS  \"Task\"\nWHERE 1=1\n  AND \"Task\".\"EndDateTime\" IS NOT NULL\n  AND \"Task\".\"SourcingProject_ID\" IS NOT NULL"
                    }
                ],
                "relationship_transformations": []
            }
        ]
    }
]