[
    {
        "change_date": 1736247051946.0,
        "changed_by": {
            "id": "2e501ed7-9bdf-4dd6-8328-d853f30e6a1b",
            "name": "c.demosthenous",
            "type_": "USER"
        },
        "created_by": {
            "id": "2e501ed7-9bdf-4dd6-8328-d853f30e6a1b",
            "name": "c.demosthenous",
            "type_": "USER"
        },
        "creation_date": 1736247051559.0,
        "data_connection_id": "00000000-0000-0000-0000-000000000000",
        "description": "",
        "disabled": null,
        "display_name": "DeclineBidderAgreement transformation - copy - 2",
        "draft": null,
        "factory_id": "7f947762-2f84-4c29-9559-ced7d09cc869",
        "factory_validation_status": "VALID",
        "has_user_template": null,
        "local_parameters": [],
        "namespace": "custom",
        "target": {
            "entity_ref": {
                "name": "DeclineBidderAgreement",
                "namespace": "custom"
            },
            "kind": "EVENT"
        },
        "transformations": [
            {
                "change_sql_factory_datasets": [],
                "foreign_key_names": [
                    "RfxDocument"
                ],
                "namespace": "custom",
                "property_names": [
                    "ID",
                    "Time"
                ],
                "property_sql_factory_datasets": [
                    {
                        "id": "DeclineBidderAgreementAttributes",
                        "type_": "SQL_FACTORY_DATA_SET",
                        "complete_overwrite": false,
                        "disabled": false,
                        "materialise_cte": false,
                        "overwrite": null,
                        "sql": "SELECT\n    'DeclineBidderAgreement_' || \"AuditEntry\".\"ID\" AS \"ID\",\n    \"RFXDocument\".\"ID\" AS \"RFXDocument\",\n    \"AuditEntry\".\"TimeCreated\" as \"Time\"\nfrom \"o_custom_AuditEntry\" as \"AuditEntry\"\njoin \"o_custom_RFXDocument\" as \"RFXDocument\" ON 1 = 1\n    AND \"AuditEntry\".\"ContextObjectInternalId\" = \"RFXDocument\".\"InternalId\"\n    AND \"AuditEntry\".\"TemplateActionNameDefaultStringTranslation\" = 'Decline bidder agreement'"
                    }
                ],
                "relationship_transformations": []
            }
        ]
    }
]