[
    {
        "change_date": 1736420979243.0,
        "changed_by": {
            "id": "2e501ed7-9bdf-4dd6-8328-d853f30e6a1b",
            "name": "c.demosthenous",
            "type_": "USER"
        },
        "created_by": {
            "id": "2e501ed7-9bdf-4dd6-8328-d853f30e6a1b",
            "name": "c.demosthenous",
            "type_": "USER"
        },
        "creation_date": 1736420978871.0,
        "data_connection_id": "00000000-0000-0000-0000-000000000000",
        "description": "",
        "disabled": null,
        "display_name": "ScenarioAwardedSourcingEvent transformation - copy - 7",
        "draft": null,
        "factory_id": "7aa0939a-8d51-4a2e-888a-272b1c9ef8e4",
        "factory_validation_status": "VALID",
        "has_user_template": null,
        "local_parameters": [],
        "namespace": "custom",
        "target": {
            "entity_ref": {
                "name": "ScenarioAwardedSourcingEvent",
                "namespace": "custom"
            },
            "kind": "EVENT"
        },
        "transformations": [
            {
                "change_sql_factory_datasets": [],
                "foreign_key_names": [
                    "RfxDocument"
                ],
                "namespace": "custom",
                "property_names": [
                    "ID",
                    "Time"
                ],
                "property_sql_factory_datasets": [
                    {
                        "id": "ScenarioAwardedSourcingEventAttributes",
                        "type_": "SQL_FACTORY_DATA_SET",
                        "complete_overwrite": false,
                        "disabled": false,
                        "materialise_cte": false,
                        "overwrite": null,
                        "sql": "SELECT DISTINCT\n'ScenarioAwardedSourcingEvent_' || \"RFXDocument\".\"ID\" AS \"ID\",\n\"RFXDocument\".\"ID\" AS \"RFXDocument\",\n\"RFXDocument\".\"TimeUpdated\" AS \"Time\"\nFROM \"o_custom_RFXDocument\" AS \"RFXDocument\"\n--JOIN \"o_custom_SourcingProject\" AS \"SourcingProject\" ON 1=1\n--AND \"SourcingProject\".\"ParentWorkspace_InternalId\" = \"RFXDocument\".\"ParentWorkspace_InternalId\"\nJOIN \"o_custom_SourcingScenario\" AS \"SourcingScenario\" ON 1=1\nAND \"SourcingScenario\".\"ContectDocumentReferenceDocumentId\" = \"RFXDocument\".\"InternalId\" \nAND \"SourcingScenario\".\"ContectDocumentReferenceDocumentVersion\" = \"RFXDocument\".\"DocumentVersion\"\nWHERE \"RFXDocument\".\"LastModified\" IS NOT NULL\nAND \"SourcingScenario\".\"AwardStatus\" = 'Accepted'"
                    }
                ],
                "relationship_transformations": []
            }
        ]
    }
]