[
    {
        "change_date": 1736420988684.0,
        "changed_by": {
            "id": "2e501ed7-9bdf-4dd6-8328-d853f30e6a1b",
            "name": "c.demosthenous",
            "type_": "USER"
        },
        "created_by": {
            "id": "2e501ed7-9bdf-4dd6-8328-d853f30e6a1b",
            "name": "c.demosthenous",
            "type_": "USER"
        },
        "creation_date": 1736420988299.0,
        "data_connection_id": "00000000-0000-0000-0000-000000000000",
        "description": "",
        "disabled": null,
        "display_name": "CreateScenario transformation - copy - 7",
        "draft": null,
        "factory_id": "cbb68966-3ca8-4731-8670-0ad8d4f2eb43",
        "factory_validation_status": "VALID",
        "has_user_template": null,
        "local_parameters": [],
        "namespace": "custom",
        "target": {
            "entity_ref": {
                "name": "CreateScenario",
                "namespace": "custom"
            },
            "kind": "EVENT"
        },
        "transformations": [
            {
                "change_sql_factory_datasets": [],
                "foreign_key_names": [
                    "SourcingScenario"
                ],
                "namespace": "custom",
                "property_names": [
                    "ID",
                    "Time"
                ],
                "property_sql_factory_datasets": [
                    {
                        "id": "CreateScenarioAttributes",
                        "type_": "SQL_FACTORY_DATA_SET",
                        "complete_overwrite": false,
                        "disabled": false,
                        "materialise_cte": false,
                        "overwrite": null,
                        "sql": "SELECT DISTINCT\n'CreateScenario_' || \"SourcingScenario\".\"ID\" as \"ID\",\n\"SourcingScenario\".\"ID\" AS \"SourcingScenario\",\nCAST(\"SourcingScenario\".\"TimeCreated\" AS timestamp) AS \"Time\"\nFROM \"o_custom_SourcingScenario\" AS \"SourcingScenario\" \nWHERE \"SourcingScenario\".\"TimeCreated\" IS NOT NULL"
                    }
                ],
                "relationship_transformations": []
            }
        ]
    }
]