[
    {
        "change_date": 1736244779321.0,
        "changed_by": {
            "id": "2e501ed7-9bdf-4dd6-8328-d853f30e6a1b",
            "name": "c.demosthenous",
            "type_": "USER"
        },
        "created_by": {
            "id": "2e501ed7-9bdf-4dd6-8328-d853f30e6a1b",
            "name": "c.demosthenous",
            "type_": "USER"
        },
        "creation_date": 1736244778935.0,
        "data_connection_id": "00000000-0000-0000-0000-000000000000",
        "description": "",
        "disabled": null,
        "display_name": "ChangeRFXBid transformation - copy - 1",
        "draft": null,
        "factory_id": "6cbffeb0-a1d5-4101-bc41-f3374dcbaa98",
        "factory_validation_status": "VALID",
        "has_user_template": null,
        "local_parameters": [],
        "namespace": "custom",
        "target": {
            "entity_ref": {
                "name": "ChangeRFXBid",
                "namespace": "custom"
            },
            "kind": "EVENT"
        },
        "transformations": [
            {
                "change_sql_factory_datasets": [],
                "foreign_key_names": [
                    "Bid"
                ],
                "namespace": "custom",
                "property_names": [
                    "ID",
                    "Time"
                ],
                "property_sql_factory_datasets": [
                    {
                        "id": "ChangeRFXBidAttributes",
                        "type_": "SQL_FACTORY_DATA_SET",
                        "complete_overwrite": false,
                        "disabled": false,
                        "materialise_cte": false,
                        "overwrite": null,
                        "sql": "SELECT\n    'ChangeRFXBid_' || \"Bid\".\"ID\" AS \"ID\",\n    \"Bid\".\"ID\" as \"Bid\",\n\t\"Bid\".\"TimeUpdated\"  AS \"Time\"\nFROM \"o_custom_Bid\" AS \"Bid\" \nWHERE 1=1\n    AND \"Bid\".\"TimeUpdated\" IS NOT NULL"
                    }
                ],
                "relationship_transformations": []
            }
        ]
    }
]