[
    {
        "change_date": 1736244784728.0,
        "changed_by": {
            "id": "2e501ed7-9bdf-4dd6-8328-d853f30e6a1b",
            "name": "c.demosthenous",
            "type_": "USER"
        },
        "created_by": {
            "id": "2e501ed7-9bdf-4dd6-8328-d853f30e6a1b",
            "name": "c.demosthenous",
            "type_": "USER"
        },
        "creation_date": 1736244784356.0,
        "data_connection_id": "00000000-0000-0000-0000-000000000000",
        "description": "",
        "disabled": null,
        "display_name": "EventResumed transformation - copy - 1",
        "draft": null,
        "factory_id": "17dc6f22-544f-4d8f-b4a0-66f89fbc403a",
        "factory_validation_status": "VALID",
        "has_user_template": null,
        "local_parameters": [],
        "namespace": "custom",
        "target": {
            "entity_ref": {
                "name": "EventResumed",
                "namespace": "custom"
            },
            "kind": "EVENT"
        },
        "transformations": [
            {
                "change_sql_factory_datasets": [],
                "foreign_key_names": [
                    "RfxDocument"
                ],
                "namespace": "custom",
                "property_names": [
                    "ID",
                    "Time"
                ],
                "property_sql_factory_datasets": [
                    {
                        "id": "EventResumedAttributes",
                        "type_": "SQL_FACTORY_DATA_SET",
                        "complete_overwrite": false,
                        "disabled": false,
                        "materialise_cte": false,
                        "overwrite": null,
                        "sql": "SELECT DISTINCT\n'EventResumed_'  || \"AuditEntry\".\"ID\"  AS \"ID\",\n\"RFXDocument\".\"ID\"  AS \"RFXDocument\",\n\"AuditEntry\".\"TimeUpdated\" as \"Time\"\nfrom \"o_custom_AuditEntry\" as \"AuditEntry\"\njoin \"o_custom_RFXDocument\" as \"RFXDocument\" ON 1 = 1\nAND \"AuditEntry\".\"ContextObjectInternalId\" = \"RFXDocument\".\"InternalId\"\nWHERE \"AuditEntry\".\"TemplateActionNameDefaultStringTranslation\" = 'Event resumed'"
                    }
                ],
                "relationship_transformations": []
            }
        ]
    }
]