[
    {
        "change_date": 1736244768141.0,
        "changed_by": {
            "id": "2e501ed7-9bdf-4dd6-8328-d853f30e6a1b",
            "name": "c.demosthenous",
            "type_": "USER"
        },
        "created_by": {
            "id": "2e501ed7-9bdf-4dd6-8328-d853f30e6a1b",
            "name": "c.demosthenous",
            "type_": "USER"
        },
        "creation_date": 1736244767664.0,
        "data_connection_id": "00000000-0000-0000-0000-000000000000",
        "description": "",
        "disabled": null,
        "display_name": "CloseSourcingEvent transformation - copy - 1",
        "draft": null,
        "factory_id": "89a47653-207c-4e86-b6f2-8391615356fa",
        "factory_validation_status": "VALID",
        "has_user_template": null,
        "local_parameters": [],
        "namespace": "custom",
        "target": {
            "entity_ref": {
                "name": "CloseSourcingEvent",
                "namespace": "custom"
            },
            "kind": "EVENT"
        },
        "transformations": [
            {
                "change_sql_factory_datasets": [],
                "foreign_key_names": [
                    "RfxDocument"
                ],
                "namespace": "custom",
                "property_names": [
                    "ID",
                    "Time"
                ],
                "property_sql_factory_datasets": [
                    {
                        "id": "CloseSourcingEventAttributes",
                        "type_": "SQL_FACTORY_DATA_SET",
                        "complete_overwrite": false,
                        "disabled": false,
                        "materialise_cte": false,
                        "overwrite": null,
                        "sql": "SELECT \n\"RFXDocument\".\"SourcingProject_ID\" AS \"SourcingProject\",\n'CloseSourcingEvent_' || \"RFXDocument\".\"ID\" AS \"ID\",\n\"RFXDocument\".\"ID\" AS \"RFXDocument\",\n\"RFXDocument\".\"TimeUpdated\" AS \"Time\"\nFROM \"o_custom_RfxDocument\" AS \"RFXDocument\"\nWHERE\n\"RFXDocument\".\"LastModified\" IS NOT NULL\nAND \"RFXDocument\".\"EventState\" = 'ClosedState'\n--913"
                    }
                ],
                "relationship_transformations": []
            }
        ]
    }
]