[
    {
        "change_date": 1736244766008.0,
        "changed_by": {
            "id": "2e501ed7-9bdf-4dd6-8328-d853f30e6a1b",
            "name": "c.demosthenous",
            "type_": "USER"
        },
        "created_by": {
            "id": "2e501ed7-9bdf-4dd6-8328-d853f30e6a1b",
            "name": "c.demosthenous",
            "type_": "USER"
        },
        "creation_date": 1736244765598.0,
        "data_connection_id": "00000000-0000-0000-0000-000000000000",
        "description": "",
        "disabled": null,
        "display_name": "ArchivedSourcingEvent transformation - copy - 1",
        "draft": null,
        "factory_id": "16d1c0c1-af90-48fa-a563-11720c34842d",
        "factory_validation_status": "VALID",
        "has_user_template": null,
        "local_parameters": [],
        "namespace": "custom",
        "target": {
            "entity_ref": {
                "name": "ArchivedSourcingEvent",
                "namespace": "custom"
            },
            "kind": "EVENT"
        },
        "transformations": [
            {
                "change_sql_factory_datasets": [],
                "foreign_key_names": [
                    "RfxDocument"
                ],
                "namespace": "custom",
                "property_names": [
                    "ID",
                    "Time"
                ],
                "property_sql_factory_datasets": [
                    {
                        "id": "ArchivedSourcingEventAttributes",
                        "type_": "SQL_FACTORY_DATA_SET",
                        "complete_overwrite": false,
                        "disabled": false,
                        "materialise_cte": false,
                        "overwrite": null,
                        "sql": "SELECT DISTINCT\n\t'ArchivedSourcingEvent_' || \"RFXDocument\".\"ID\" as \"ID\",\n    \"RFXDocument\".\"ID\" AS \"RFXDocument\",\n\t\"RFXDocument\".\"TimeUpdated\" AS \"Time\"\nFROM \"o_custom_RFXDocument\" AS \"RFXDocument\"\n--JOIN \"o_custom_SourcingProject\" AS \"SourcingProject\" ON 1=1\n--AND \"SourcingProject\" .\"ParentWorkspaceInternalId\" = \"RFXDocument\".\"ParentWorkspaceInternalId\"\nWHERE\n     \"RFXDocument\".\"LastModified\" IS NOT NULL\n     AND \"RFXDocument\".\"EventState\" = 'ArchivedState'"
                    }
                ],
                "relationship_transformations": []
            }
        ]
    }
]