[
    {
        "change_date": 1770400803617.0,
        "changed_by": {
            "id": "cccccccc-cccc-cccc-cccc-cccccccccccc",
            "name": "Celonis",
            "type_": "APPLICATION"
        },
        "created_by": {
            "id": "cccccccc-cccc-cccc-cccc-cccccccccccc",
            "name": "Celonis",
            "type_": "APPLICATION"
        },
        "creation_date": 1770400803617.0,
        "data_connection_id": "b3c59e17-798d-49ea-b0b3-99d0bae2e011",
        "description": null,
        "disabled": null,
        "display_name": "Vendor",
        "draft": null,
        "factory_id": "7a58a09c-b10b-4158-95b3-c843b1e8712f_b3c59e17-798d-49ea-b0b3-99d0bae2e011",
        "factory_validation_status": "NOT_VALIDATED",
        "has_user_template": null,
        "local_parameters": [
            {
                "name": "sourceSystem",
                "value": "''"
            }
        ],
        "namespace": "celonis",
        "target": {
            "entity_ref": {
                "name": "Vendor",
                "namespace": "celonis"
            },
            "kind": "OBJECT"
        },
        "transformations": [
            {
                "change_sql_factory_datasets": [],
                "foreign_key_names": [],
                "namespace": "celonis",
                "property_names": [
                    "City",
                    "Country",
                    "ID",
                    "InternalFlag",
                    "Name",
                    "Number",
                    "SourceSystemInstance",
                    "SourceSystemType"
                ],
                "property_sql_factory_datasets": [
                    {
                        "id": "LFA1",
                        "type_": "SQL_FACTORY_DATA_SET",
                        "complete_overwrite": false,
                        "disabled": false,
                        "materialise_cte": false,
                        "overwrite": null,
                        "sql": "SELECT <%=sourceSystem%>  || 'Vendor_' || \"LFA1\".\"MANDT\" || \"LFA1\".\"LIFNR\" AS \"ID\",\n       \"LFA1\".\"LAND1\"                                                      AS \"Country\",\n       \"LFA1\".\"NAME1\"                                                      AS \"Name\",\n       \"LFA1\".\"ORT01\"                                                      AS \"City\",\n       CASE WHEN \"LFA1\".\"VBUND\" IS NULL THEN FALSE ELSE TRUE END           AS \"InternalFlag\",\n       \"LFA1\".\"LIFNR\"                                                      AS \"Number\",\n       'SAP'                                                               AS \"SourceSystemType\",\n       \"LFA1\".\"MANDT\"                                                      AS \"SourceSystemInstance\"\nFROM \"LFA1\" AS \"LFA1\"\n         LEFT JOIN \"USR02\" AS \"USR02\"\n                   ON \"LFA1\".\"MANDT\" = \"USR02\".\"MANDT\"\n                       AND \"LFA1\".\"ERNAM\" = \"USR02\".\"BNAME\"\n"
                    }
                ],
                "relationship_transformations": []
            }
        ]
    }
]