[
    {
        "change_date": 1736420645220.0,
        "changed_by": {
            "id": "2e501ed7-9bdf-4dd6-8328-d853f30e6a1b",
            "name": "c.demosthenous",
            "type_": "USER"
        },
        "created_by": {
            "id": "2e501ed7-9bdf-4dd6-8328-d853f30e6a1b",
            "name": "c.demosthenous",
            "type_": "USER"
        },
        "creation_date": 1736420644372.0,
        "data_connection_id": "00000000-0000-0000-0000-000000000000",
        "description": "",
        "disabled": null,
        "display_name": "SendOrder transformation - copy - 6",
        "draft": null,
        "factory_id": "5e590c85-9a78-49a5-9492-4a19c5a3d726",
        "factory_validation_status": "VALID",
        "has_user_template": null,
        "local_parameters": [],
        "namespace": "custom",
        "target": {
            "entity_ref": {
                "name": "SendOrder",
                "namespace": "custom"
            },
            "kind": "EVENT"
        },
        "transformations": [
            {
                "change_sql_factory_datasets": [],
                "foreign_key_names": [
                    "ERPOrder",
                    "PurchaseOrder"
                ],
                "namespace": "custom",
                "property_names": [
                    "ID",
                    "Time"
                ],
                "property_sql_factory_datasets": [
                    {
                        "id": "SendOrderAtributos",
                        "type_": "SQL_FACTORY_DATA_SET",
                        "complete_overwrite": false,
                        "disabled": false,
                        "materialise_cte": false,
                        "overwrite": null,
                        "sql": "SELECT \n    \"Order\".\"ID\" AS \"ERPOrder\",\n    \"Order\".\"PurchaseOrder_ID\" AS \"PurchaseOrder\",\n    'SendOrder_' || \"OrderHistory\".\"ID\" AS \"ID\",\n    \"OrderHistory\".\"OrderedDate\" AS \"Time\"\nFROM \"o_custom_ERPOrder\" AS \"Order\"\nJOIN \"o_custom_ERPOrderHistory\" AS \"OrderHistory\" ON 1=1\n    AND \"OrderHistory\".\"ERPOrder_ID\" = \"Order\".\"ID\"\nWHERE 1=1\n    AND \"OrderHistory\".\"OrderedDate\" IS NOT NULL"
                    }
                ],
                "relationship_transformations": []
            }
        ]
    }
]