[
    {
        "change_date": 1736341730011.0,
        "changed_by": {
            "id": "2e501ed7-9bdf-4dd6-8328-d853f30e6a1b",
            "name": "c.demosthenous",
            "type_": "USER"
        },
        "created_by": {
            "id": "2e501ed7-9bdf-4dd6-8328-d853f30e6a1b",
            "name": "c.demosthenous",
            "type_": "USER"
        },
        "creation_date": 1736341729618.0,
        "data_connection_id": "00000000-0000-0000-0000-000000000000",
        "description": "",
        "disabled": null,
        "display_name": "BeginTaskContractWorkspace transformation - copy - 4",
        "draft": null,
        "factory_id": "5b99cd56-2541-42d7-8bb0-ffc49f0916be",
        "factory_validation_status": "VALID",
        "has_user_template": null,
        "local_parameters": [],
        "namespace": "custom",
        "target": {
            "entity_ref": {
                "name": "BeginTaskContractWorkspace",
                "namespace": "custom"
            },
            "kind": "EVENT"
        },
        "transformations": [
            {
                "change_sql_factory_datasets": [],
                "foreign_key_names": [
                    "ContractWorkspace"
                ],
                "namespace": "custom",
                "property_names": [
                    "ActivityText",
                    "ID",
                    "Task",
                    "TaskTitle",
                    "Time"
                ],
                "property_sql_factory_datasets": [
                    {
                        "id": "BeginTaskContractWorkspaceAttributes",
                        "type_": "SQL_FACTORY_DATA_SET",
                        "complete_overwrite": false,
                        "disabled": false,
                        "materialise_cte": false,
                        "overwrite": null,
                        "sql": "SELECT\n    \"DocumentTask\".\"ID\"  AS  \"Task\",\n    \"DocumentTask\".\"ContractWorkspace_ID\"  AS  \"ContractWorkspace\",\n    'Begin_' || \"DocumentTask\".\"ID\" AS \"ID\",\n    \"DocumentTask\".\"BeginDate\" AS \"Time\",\n    'Iniciar tarefa do documento: ' || \"DocumentTask\".\"Title\" AS \"ActivityText\",\n    --\"DocumentTask\".\"ParentPlanTitleDefaultStringTranslation\" AS \"ActivityPhase\",\n    \"DocumentTask\".\"Title\" AS \"TaskTitle\"\nFROM \"o_custom_DocumentTask\" AS \"DocumentTask\"\nWHERE 1=1\n    AND \"DocumentTask\".\"BeginDate\" IS NOT NULL\n    AND \"DocumentTask\".\"ContractWorkspace_ID\" IS NOT NULL\n"
                    }
                ],
                "relationship_transformations": []
            }
        ]
    }
]