[
    {
        "change_date": 1736420959708.0,
        "changed_by": {
            "id": "2e501ed7-9bdf-4dd6-8328-d853f30e6a1b",
            "name": "c.demosthenous",
            "type_": "USER"
        },
        "created_by": {
            "id": "2e501ed7-9bdf-4dd6-8328-d853f30e6a1b",
            "name": "c.demosthenous",
            "type_": "USER"
        },
        "creation_date": 1736420957664.0,
        "data_connection_id": "468823c6-32f7-4d9b-a9d3-ff1971688698",
        "description": "",
        "disabled": null,
        "display_name": "RfxDocument transformation - 1000 - RAW test data sets_31 - Ariba Sourcing - 4",
        "draft": null,
        "factory_id": "26e91722-0863-402c-b0fa-8624f83d7f0f",
        "factory_validation_status": "VALID",
        "has_user_template": null,
        "local_parameters": [
            {
                "name": "TimezoneOffset",
                "value": "-3"
            }
        ],
        "namespace": "custom",
        "target": {
            "entity_ref": {
                "name": "RfxDocument",
                "namespace": "custom"
            },
            "kind": "OBJECT"
        },
        "transformations": [
            {
                "change_sql_factory_datasets": [],
                "foreign_key_names": [
                    "SourcingProject"
                ],
                "namespace": "custom",
                "property_names": [
                    "Active",
                    "ContentItemId",
                    "Description",
                    "DocumentVersion",
                    "EventState",
                    "EventStateText",
                    "EventType",
                    "EventTypeText",
                    "ID",
                    "InternalId",
                    "IsPublishRequired",
                    "IsTest",
                    "IsVersionPinned",
                    "LastModified",
                    "ParentWorkspaceInternalId",
                    "Status",
                    "TemplateObjectInternalId",
                    "TimeCreated",
                    "TimeUpdated",
                    "Title",
                    "TitleDefaultStringTranslation"
                ],
                "property_sql_factory_datasets": [
                    {
                        "id": "RfxDocumentAttributes",
                        "type_": "SQL_FACTORY_DATA_SET",
                        "complete_overwrite": false,
                        "disabled": false,
                        "materialise_cte": false,
                        "overwrite": null,
                        "sql": "SELECT \n    'RFXDocument_' || \"RfxDocument\".\"InternalId\" as \"ID\",\n    'SourcingProject_' || \"RfxDocument\".\"ParentWorkspace_InternalId\" AS \"SourcingProject\",\n    CASE\n        WHEN \"RfxDocument\".EventType = '0' THEN 'Full Project'\n        WHEN \"RfxDocument\".EventType = '1' THEN 'RFI'\n        WHEN \"RfxDocument\".EventType = '2' THEN 'RFP'\n        WHEN \"RfxDocument\".EventType = '3' THEN 'RFQ'\n        WHEN \"RfxDocument\".EventType = '4' THEN 'Auction'\n        WHEN \"RfxDocument\".EventType = '5' THEN 'Survey'\n        WHEN \"RfxDocument\".EventType = '6' THEN 'Forward Auction' \n        WHEN \"RfxDocument\".EventType = '7' THEN 'Sourcing Request'\n    END AS EventTypeText,\n    CASE \n        WHEN \"RfxDocument\".EventState = 'NewState' THEN 'New State'\n        WHEN \"RfxDocument\".EventState = 'NotCreatedState' THEN 'Not Created State'\n        WHEN \"RfxDocument\".EventState = 'PendingSelectionState' THEN 'Pending Selection State'\n        WHEN \"RfxDocument\".EventState = 'ClosedState' THEN 'Closed State'\n        WHEN \"RfxDocument\".EventState = 'CancelledState' THEN 'Cancelled State'\n        WHEN \"RfxDocument\".EventState = 'OpenState' THEN 'Open State'\n        WHEN \"RfxDocument\".EventState = 'SubmittedState' THEN 'Submitted State'\n        WHEN \"RfxDocument\".EventState = 'ScheduledState' THEN 'Scheduled State'\n        WHEN \"RfxDocument\".EventState = 'ArchivedState' THEN 'Archived State'\n    END AS EventStateText,\n    \"RfxDocument\".\"InternalId\" as \"InternalId\",\n    cast(\"RfxDocument\".\"EventType\" as int) as \"EventType\",\n    \"RfxDocument\".\"LastModified\" as \"LastModified\",\n    TIMESTAMPADD(HOUR,<%=TimezoneOffset%>,cast(\"RfxDocument\".\"TimeCreated\" as Timestamp)) as \"TimeCreated\",\n    \"RfxDocument\".\"Status\" as \"Status\",\n    \"RfxDocument\".\"IsPublishRequired\" as \"IsPublishRequired\",\n    \"RfxDocument\".\"Active\" as \"Active\",\n    \"RfxDocument\".\"Description\" as \"Description\",\n    \"RfxDocument\".\"DocumentVersion\" as \"DocumentVersion\",\n    \"RfxDocument\".\"EventState\" as \"EventState\",\n    \"RfxDocument\".\"IsVersionPinned\" as \"IsVersionPinned\",\n    \"RfxDocument\".\"Title\" as \"Title\",\n    TIMESTAMPADD(HOUR,<%=TimezoneOffset%>,\"RfxDocument\".\"TimeUpdated\") as \"TimeUpdated\",\n    \"RfxDocument\".\"IsTest\" as \"IsTest\",\n    \"RfxDocument\".\"Title_DefaultStringTranslation\" as \"TitleDefaultStringTranslation\",\n    \"RfxDocument\".\"TemplateObject_InternalId\" as \"TemplateObjectInternalId\",\n    \"RfxDocument\".\"ParentWorkspace_InternalId\" as \"ParentWorkspaceInternalId\",\n    \"RfxDocument\".\"Content_ItemId\" as \"ContentItemId\"\nFROM \"RfxDocument\"\nWHERE 1=1\n    AND \"RfxDocument\".\"Active\" = 'true'"
                    }
                ],
                "relationship_transformations": []
            }
        ]
    }
]