[
    {
        "change_date": 1770400814584.0,
        "changed_by": {
            "id": "cccccccc-cccc-cccc-cccc-cccccccccccc",
            "name": "Celonis",
            "type_": "APPLICATION"
        },
        "created_by": {
            "id": "cccccccc-cccc-cccc-cccc-cccccccccccc",
            "name": "Celonis",
            "type_": "APPLICATION"
        },
        "creation_date": 1770400814584.0,
        "data_connection_id": "00000000-0000-0000-0000-000000000000",
        "description": null,
        "disabled": null,
        "display_name": "FinishProductionOrder",
        "draft": null,
        "factory_id": "05c8be53-99a2-4386-9fb5-f87f31156d3e_00000000-0000-0000-0000-000000000000",
        "factory_validation_status": "NOT_VALIDATED",
        "has_user_template": null,
        "local_parameters": [],
        "namespace": "celonis",
        "target": {
            "entity_ref": {
                "name": "FinishProductionOrder",
                "namespace": "celonis"
            },
            "kind": "EVENT"
        },
        "transformations": [
            {
                "change_sql_factory_datasets": [],
                "foreign_key_names": [
                    "ProductionOrder"
                ],
                "namespace": "celonis",
                "property_names": [
                    "ExecutedBy",
                    "ExecutionType",
                    "ID",
                    "Time"
                ],
                "property_sql_factory_datasets": [
                    {
                        "id": "ProductionOrder",
                        "type_": "SQL_FACTORY_DATA_SET",
                        "complete_overwrite": false,
                        "disabled": false,
                        "materialise_cte": false,
                        "overwrite": null,
                        "sql": "SELECT 'FinishProductionOrder' || '_' || \"ProductionOrder\".\"ID\" AS \"ID\",\n       \"ProductionOrder\".\"ID\"                                   AS \"ProductionOrder\",\n       \"ProductionOrder\".\"FinishTime\"                           AS \"Time\",\n       NULL                                                     AS \"ExecutedBy\",\n       NULL                                                     AS \"ExecutionType\"\nFROM \"o_celonis_ProductionOrder\" AS \"ProductionOrder\"\nWHERE \"ProductionOrder\".\"FinishTime\" IS NOT NULL\n"
                    }
                ],
                "relationship_transformations": []
            }
        ]
    }
]