[
    {
        "change_date": 1770400815804.0,
        "changed_by": {
            "id": "cccccccc-cccc-cccc-cccc-cccccccccccc",
            "name": "Celonis",
            "type_": "APPLICATION"
        },
        "created_by": {
            "id": "cccccccc-cccc-cccc-cccc-cccccccccccc",
            "name": "Celonis",
            "type_": "APPLICATION"
        },
        "creation_date": 1770400815804.0,
        "data_connection_id": "00000000-0000-0000-0000-000000000000",
        "description": null,
        "disabled": null,
        "display_name": "PostGoodsReceipt",
        "draft": null,
        "factory_id": "7529d845-289a-4aee-9c58-5710a446cb63_00000000-0000-0000-0000-000000000000",
        "factory_validation_status": "NOT_VALIDATED",
        "has_user_template": null,
        "local_parameters": [],
        "namespace": "celonis",
        "target": {
            "entity_ref": {
                "name": "PostGoodsReceipt",
                "namespace": "celonis"
            },
            "kind": "EVENT"
        },
        "transformations": [
            {
                "change_sql_factory_datasets": [],
                "foreign_key_names": [
                    "IncomingMaterialDocumentItem",
                    "PurchaseOrderItem"
                ],
                "namespace": "celonis",
                "property_names": [
                    "ExecutedBy",
                    "ExecutionType",
                    "ID",
                    "Time"
                ],
                "property_sql_factory_datasets": [
                    {
                        "id": "IncomingMaterialDocumentItem",
                        "type_": "SQL_FACTORY_DATA_SET",
                        "complete_overwrite": false,
                        "disabled": false,
                        "materialise_cte": false,
                        "overwrite": null,
                        "sql": "SELECT 'PostGoodsReceipt' || '_' || \"IncomingMaterialDocumentItem\".\"ID\" AS \"ID\",\n       \"IncomingMaterialDocumentItem\".\"ID\"                              AS \"IncomingMaterialDocumentItem\",\n       \"PurchaseOrderItem\".\"ID\"                                         AS \"PurchaseOrderItem\",\n       \"IncomingMaterialDocumentItem\".\"CreationTime\"                    AS \"Time\",\n       \"IncomingMaterialDocumentItem\".\"CreatedBy_ID\"                    AS \"ExecutedBy\",\n       \"IncomingMaterialDocumentItem\".\"CreationExecutionType\"           AS \"ExecutionType\"\nFROM \"o_celonis_IncomingMaterialDocumentItem\" AS \"IncomingMaterialDocumentItem\"\n         LEFT JOIN \"o_celonis_PurchaseOrderItem\" AS \"PurchaseOrderItem\"\n                   ON \"IncomingMaterialDocumentItem\".\"PurchaseOrderItem_ID\" = \"PurchaseOrderItem\".\"ID\"\nWHERE \"IncomingMaterialDocumentItem\".\"MaterialTransactionType\" = 'GoodsReceipt'\n  AND \"IncomingMaterialDocumentItem\".\"ReversedOutgoingGood_ID\" IS NULL\n  AND \"IncomingMaterialDocumentItem\".\"CreationTime\" IS NOT NULL\n"
                    }
                ],
                "relationship_transformations": []
            }
        ]
    }
]