[
    {
        "change_date": 1736343267593.0,
        "changed_by": {
            "id": "2e501ed7-9bdf-4dd6-8328-d853f30e6a1b",
            "name": "c.demosthenous",
            "type_": "USER"
        },
        "created_by": {
            "id": "2e501ed7-9bdf-4dd6-8328-d853f30e6a1b",
            "name": "c.demosthenous",
            "type_": "USER"
        },
        "creation_date": 1736343267250.0,
        "data_connection_id": "00000000-0000-0000-0000-000000000000",
        "description": "",
        "disabled": null,
        "display_name": "CreateSourcingEvent transformation - copy - 5",
        "draft": null,
        "factory_id": "d7025796-cb81-4f84-9a31-ff597a75dbff",
        "factory_validation_status": "VALID",
        "has_user_template": null,
        "local_parameters": [],
        "namespace": "custom",
        "target": {
            "entity_ref": {
                "name": "CreateSourcingEvent",
                "namespace": "custom"
            },
            "kind": "EVENT"
        },
        "transformations": [
            {
                "change_sql_factory_datasets": [],
                "foreign_key_names": [
                    "RfxDocument"
                ],
                "namespace": "custom",
                "property_names": [
                    "ID",
                    "Time"
                ],
                "property_sql_factory_datasets": [
                    {
                        "id": "CreateSourcingEventAttributes",
                        "type_": "SQL_FACTORY_DATA_SET",
                        "complete_overwrite": false,
                        "disabled": false,
                        "materialise_cte": false,
                        "overwrite": null,
                        "sql": "SELECT\n    \"RFXDocument\".\"SourcingProject_ID\" AS \"SourcingProject\",\n\t'CreateSourcingEvent_' || \"RFXDocument\".\"ID\" AS \"ID\",\n    \"RFXDocument\".\"ID\" AS \"RFXDocument\",\n\t\"RFXDocument\".\"TimeCreated\" AS \"Time\"\nFROM \"o_custom_RFXDocument\" AS \"RFXDocument\"\n--JOIN \"o_custom_SourcingProject\" AS \"SourcingProject\" ON 1=1\n--AND \"SourcingProject\".\"ParentWorkspaceInternalId\" = \"RFXDocument\".\"ParentWorkspaceInternalId\"\nWHERE \"RFXDocument\".\"TimeCreated\" IS NOT NULL \n--JOIN WITH SOURCINGPROJECT?\n\n"
                    }
                ],
                "relationship_transformations": []
            }
        ]
    }
]