[
    {
        "change_date": 1736420974846.0,
        "changed_by": {
            "id": "2e501ed7-9bdf-4dd6-8328-d853f30e6a1b",
            "name": "c.demosthenous",
            "type_": "USER"
        },
        "created_by": {
            "id": "2e501ed7-9bdf-4dd6-8328-d853f30e6a1b",
            "name": "c.demosthenous",
            "type_": "USER"
        },
        "creation_date": 1736420974477.0,
        "data_connection_id": "00000000-0000-0000-0000-000000000000",
        "description": "",
        "disabled": null,
        "display_name": "CreateSourcingProject transformation - copy - 7",
        "draft": null,
        "factory_id": "093cbcc1-9995-411e-86fb-4f1947ed6854",
        "factory_validation_status": "VALID",
        "has_user_template": null,
        "local_parameters": [],
        "namespace": "custom",
        "target": {
            "entity_ref": {
                "name": "CreateSourcingProject",
                "namespace": "custom"
            },
            "kind": "EVENT"
        },
        "transformations": [
            {
                "change_sql_factory_datasets": [],
                "foreign_key_names": [
                    "SourcingRequest"
                ],
                "namespace": "custom",
                "property_names": [
                    "ID",
                    "Time"
                ],
                "property_sql_factory_datasets": [
                    {
                        "id": "CreateSourcingProject",
                        "type_": "SQL_FACTORY_DATA_SET",
                        "complete_overwrite": false,
                        "disabled": false,
                        "materialise_cte": false,
                        "overwrite": null,
                        "sql": "WITH CEL_TMP_RELATIONSHIP_SOURCING AS (\n    SELECT \n        *,\n        ROW_NUMBER() OVER (PARTITION BY SourcingProject_ID) AS RN\n    FROM o_custom_RelationshipSourcing AS RelationshipSourcing\n    WHERE 1=1\n        AND SourcingRequest_ID IS NOT NULL\n\n)\n\nSELECT\n\t'CreateSourcingProject'||'_'||\"SourcingProject\".\"ID\" AS \"ID\",\n    \"RelationshipSourcing\".\"SourcingRequest_ID\" AS \"SourcingRequest\",\n\t\"SourcingProject\".\"CREATEDATE\" AS \"Time\",\n    \"SourcingProject\".\"ID\" AS SourcingProject\nFROM \"o_custom_SourcingProject\" AS \"SourcingProject\"\nLEFT JOIN \"CEL_TMP_RELATIONSHIP_SOURCING\" AS \"RelationshipSourcing\" ON 1=1\n    AND \"SourcingProject\".\"ID\" = \"RelationshipSourcing\".\"SourcingProject_ID\" \n    AND RelationshipSourcing.RN = 1\nWHERE \"SourcingProject\".\"CREATEDATE\" IS NOT NULL"
                    }
                ],
                "relationship_transformations": []
            }
        ]
    }
]