[
    {
        "change_date": 1736341718155.0,
        "changed_by": {
            "id": "2e501ed7-9bdf-4dd6-8328-d853f30e6a1b",
            "name": "c.demosthenous",
            "type_": "USER"
        },
        "created_by": {
            "id": "2e501ed7-9bdf-4dd6-8328-d853f30e6a1b",
            "name": "c.demosthenous",
            "type_": "USER"
        },
        "creation_date": 1736341717264.0,
        "data_connection_id": "468823c6-32f7-4d9b-a9d3-ff1971688698",
        "description": "",
        "disabled": null,
        "display_name": "AuditEntry transformation - 1000 - RAW test data sets_31 - Ariba Sourcing - 1",
        "draft": null,
        "factory_id": "0c0921b5-b318-46b6-8597-de58cea52014",
        "factory_validation_status": "VALID",
        "has_user_template": null,
        "local_parameters": [
            {
                "name": "TimezoneOffset",
                "value": "-3"
            }
        ],
        "namespace": "custom",
        "target": {
            "entity_ref": {
                "name": "AuditEntry",
                "namespace": "custom"
            },
            "kind": "OBJECT"
        },
        "transformations": [
            {
                "change_sql_factory_datasets": [],
                "foreign_key_names": [
                    "RfxDocument"
                ],
                "namespace": "custom",
                "property_names": [
                    "Active",
                    "AuditEntryId",
                    "ContextObject",
                    "ContextObjectInternalId",
                    "ContextObjectUniqueName",
                    "ContextVersion",
                    "EffectiveUser",
                    "ID",
                    "IsSystem",
                    "NodeName",
                    "Parameters",
                    "ParametersParam1",
                    "ParametersParam10",
                    "ParametersParam2",
                    "ParametersParam3",
                    "ParametersParam4",
                    "ParametersParam5",
                    "ParametersParam6",
                    "ParametersParam7",
                    "ParametersParam8",
                    "ParametersParam9",
                    "RealUser",
                    "RealUserFirstName",
                    "Template",
                    "TemplateActionNameDefaultStringTranslation",
                    "TemplateActionTopValueTypeName",
                    "TemplateActionUniqueName",
                    "TemplateIsSystemTemplate",
                    "TemplateRecipientGroup",
                    "TemplateUniqueName",
                    "TimeCreated",
                    "TimeUpdated"
                ],
                "property_sql_factory_datasets": [
                    {
                        "id": "AuditEntryAttributes",
                        "type_": "SQL_FACTORY_DATA_SET",
                        "complete_overwrite": false,
                        "disabled": false,
                        "materialise_cte": false,
                        "overwrite": null,
                        "sql": "SELECT \n'AuditEntry_' || \"AuditEntry\".\"Id\" as \"ID\",\n'RFXDocument_' || \"ContextObject_InternalId\" AS \"RFXDocument\",\n\"AuditEntry\".\"EffectiveUser\" as \"EffectiveUser\",\n\"AuditEntry\".\"Parameters\" as \"Parameters\",\n\"AuditEntry\".\"NodeName\" as \"NodeName\",\n\"AuditEntry\".\"ContextObject\" as \"ContextObject\",\nTIMESTAMPADD(HOUR,<%=TimezoneOffset%>,\"AuditEntry\".\"TimeUpdated\") as \"TimeUpdated\",\n\"AuditEntry\".\"Template\" as \"Template\",\nTIMESTAMPADD(HOUR,<%=TimezoneOffset%>,cast(\"AuditEntry\".\"TimeCreated\" as timestamp)) as \"TimeCreated\",\n\"AuditEntry\".\"Active\" as \"Active\",\n\"AuditEntry\".\"IsSystem\" as \"IsSystem\",\n\"AuditEntry\".\"Id\" as \"AuditEntryId\",\ncast(\"AuditEntry\".\"ContextVersion\" as int) as \"ContextVersion\",\n\"AuditEntry\".\"RealUser\" as \"RealUser\",\n\"AuditEntry\".\"Parameters_Param10\" as \"ParametersParam10\",\n\"AuditEntry\".\"Parameters_Param9\" as \"ParametersParam9\",\n\"AuditEntry\".\"Parameters_Param8\" as \"ParametersParam8\",\n\"AuditEntry\".\"Parameters_Param7\" as \"ParametersParam7\",\n\"AuditEntry\".\"Parameters_Param6\" as \"ParametersParam6\",\n\"AuditEntry\".\"Parameters_Param5\" as \"ParametersParam5\",\n\"AuditEntry\".\"Parameters_Param4\" as \"ParametersParam4\",\n\"AuditEntry\".\"Parameters_Param3\" as \"ParametersParam3\",\n\"AuditEntry\".\"Parameters_Param2\" as \"ParametersParam2\",\n\"AuditEntry\".\"Parameters_Param1\" as \"ParametersParam1\",\n\"AuditEntry\".\"ContextObject_UniqueName\" as \"ContextObjectUniqueName\",\n\"AuditEntry\".\"Template_UniqueName\" as \"TemplateUniqueName\",\n\"AuditEntry\".\"RealUser_FirstName\" as \"RealUserFirstName\",\n\"AuditEntry\".\"ContextObject_InternalId\" as \"ContextObjectInternalId\",\n\"AuditEntry\".\"Template_Action_UniqueName\" as \"TemplateActionUniqueName\",\n\"AuditEntry\".\"Template_Action_TopValueTypeName\" as \"TemplateActionTopValueTypeName\",\n\"AuditEntry\".\"Template_Action_Name_DefaultStringTranslation\" as \"TemplateActionNameDefaultStringTranslation\",\n\"AuditEntry\".\"Template_IsSystemTemplate\" as \"TemplateIsSystemTemplate\",\n\"AuditEntry\".\"Template_RecipientGroup\" as \"TemplateRecipientGroup\",\n\"AuditEntry\".\"Template_ProjectType\" as \"TemplateProjectType\"\nFROM \"AuditEntry\""
                    }
                ],
                "relationship_transformations": []
            }
        ]
    }
]