[
    {
        "change_date": 1736343271087.0,
        "changed_by": {
            "id": "2e501ed7-9bdf-4dd6-8328-d853f30e6a1b",
            "name": "c.demosthenous",
            "type_": "USER"
        },
        "created_by": {
            "id": "2e501ed7-9bdf-4dd6-8328-d853f30e6a1b",
            "name": "c.demosthenous",
            "type_": "USER"
        },
        "creation_date": 1736343270731.0,
        "data_connection_id": "00000000-0000-0000-0000-000000000000",
        "description": "",
        "disabled": null,
        "display_name": "BiddingEnds transformation - copy - 5",
        "draft": null,
        "factory_id": "78a827ec-b921-47c0-9d87-0c0bdb478328",
        "factory_validation_status": "VALID",
        "has_user_template": null,
        "local_parameters": [],
        "namespace": "custom",
        "target": {
            "entity_ref": {
                "name": "BiddingEnds",
                "namespace": "custom"
            },
            "kind": "EVENT"
        },
        "transformations": [
            {
                "change_sql_factory_datasets": [],
                "foreign_key_names": [
                    "RfxDocument"
                ],
                "namespace": "custom",
                "property_names": [
                    "ID",
                    "Time"
                ],
                "property_sql_factory_datasets": [
                    {
                        "id": "BiddingEndsAttributes",
                        "type_": "SQL_FACTORY_DATA_SET",
                        "complete_overwrite": false,
                        "disabled": false,
                        "materialise_cte": false,
                        "overwrite": null,
                        "sql": "SELECT \n    \"RFXDocument\".\"SourcingProject_ID\" AS \"SourcingProject\",\n    'BiddingEnds_' || \"AuditEntry\".\"ID\" AS \"ID\",\n    \"RFXDocument\".\"ID\" AS \"RfxDocument\",\n    \"AuditEntry\".\"TimeCreated\" as \"Time\"\nFROM \"o_custom_AuditEntry\" as \"AuditEntry\"\nJOIN \"o_custom_RFXDocument\" as \"RFXDocument\" ON 1 = 1\n    AND \"AuditEntry\".\"ContextObjectInternalId\" = \"RFXDocument\".\"InternalId\"\nWHERE 1=1\n    AND \"AuditEntry\".\"TemplateActionNameDefaultStringTranslation\" LIKE 'Bidding ends%'\n    AND \"AuditEntry\".\"TimeCreated\" IS NOT NULL\n\n/*\nSELECT\n'BiddingEnds_' || \"Bid\".\"ID\" AS \"ID\",\n\"Bid\".\"ID\" AS \"Bid\",\n\"AuditEntry\".\"TimeUpdated\" as \"Time\"\nfrom \"o_custom_AuditEntry\" as \"AuditEntry\"\njoin \"o_custom_RFXDocument\" as \"RFXDocument\" ON 1 = 1\nAND \"AuditEntry\".\"ContextObjectInternalId\" = \"RFXDocument\".\"InternalId\"\njoin \"o_custom_Bid\" as \"Bid\" ON 1 = 1\nAND \"RFXDocument\".\"InternalId\" = \"Bid\".\"ContectDocumentReferenceDocumentId\"\nAND \"RFXDocument\".\"DocumentVersion\" = \"Bid\".\"ContectDocumentReferenceDocumentVersion\"\nAND \"AuditEntry\".\"TemplateActionNameDefaultStringTranslation\" LIKE 'Bidding ends%'\n--385449\n*/"
                    }
                ],
                "relationship_transformations": [
                    {
                        "relationship_name": "Bid",
                        "sql_factory_datasets": [
                            {
                                "id": "relBid",
                                "type_": "SQL_FACTORY_DATA_SET",
                                "complete_overwrite": false,
                                "disabled": false,
                                "materialise_cte": false,
                                "overwrite": null,
                                "sql": "SELECT \n    'BiddingEnds_' || \"AuditEntry\".\"ID\" AS \"ID\",\n    \"Bid\".\"ID\" AS \"Bid\"\nFROM \"o_custom_AuditEntry\" as \"AuditEntry\"\nJOIN \"o_custom_RFXDocument\" as \"RFXDocument\" ON 1 = 1\n    AND \"AuditEntry\".\"ContextObjectInternalId\" = \"RFXDocument\".\"InternalId\"\nJOIN \"o_custom_Bid\" as \"Bid\" ON 1 = 1\n    AND \"RFXDocument\".\"InternalId\" = \"Bid\".\"ContectDocumentReferenceDocumentId\"\n    AND \"RFXDocument\".\"DocumentVersion\" = \"Bid\".\"ContectDocumentReferenceDocumentVersion\"\nWHERE 1=1\n    AND \"AuditEntry\".\"TemplateActionNameDefaultStringTranslation\" LIKE 'Bidding ends%'\n    AND \"AuditEntry\".\"TimeCreated\" IS NOT NULL\n\n/*\nSELECT\n'BiddingEnds_' || \"Bid\".\"ID\" AS \"ID\",\n\"Bid\".\"ID\" AS \"Bid\",\n\"AuditEntry\".\"TimeUpdated\" as \"Time\"\nfrom \"o_custom_AuditEntry\" as \"AuditEntry\"\njoin \"o_custom_RFXDocument\" as \"RFXDocument\" ON 1 = 1\nAND \"AuditEntry\".\"ContextObjectInternalId\" = \"RFXDocument\".\"InternalId\"\njoin \"o_custom_Bid\" as \"Bid\" ON 1 = 1\nAND \"RFXDocument\".\"InternalId\" = \"Bid\".\"ContectDocumentReferenceDocumentId\"\nAND \"RFXDocument\".\"DocumentVersion\" = \"Bid\".\"ContectDocumentReferenceDocumentVersion\"\nAND \"AuditEntry\".\"TemplateActionNameDefaultStringTranslation\" LIKE 'Bidding ends%'\n--385449\n*/"
                            }
                        ]
                    }
                ]
            }
        ]
    }
]