[
    {
        "change_date": 1759868332035.0,
        "changed_by": {
            "id": "44ce8cdf-0fde-492e-825c-530c92bc1d7e",
            "name": "k.shethia@celonis.com",
            "type_": "USER"
        },
        "created_by": {
            "id": "ae9989fc-2640-4ab1-9754-cb31999ce77e",
            "name": "j.rosenbauer",
            "type_": "USER"
        },
        "creation_date": 1749721260760.0,
        "data_connection_id": "00000000-0000-0000-0000-000000000000",
        "description": null,
        "disabled": null,
        "display_name": "FinishProductionOrder",
        "draft": null,
        "factory_id": "52794cc5-8db2-423b-941b-1bbeea52dc91",
        "factory_validation_status": "VALID",
        "has_user_template": null,
        "local_parameters": [],
        "namespace": "custom",
        "target": {
            "entity_ref": {
                "name": "FinishProductionOrder",
                "namespace": "custom"
            },
            "kind": "EVENT"
        },
        "transformations": [
            {
                "change_sql_factory_datasets": [],
                "foreign_key_names": [
                    "ProductionOrder"
                ],
                "namespace": "custom",
                "property_names": [
                    "ID",
                    "IsLate",
                    "Time"
                ],
                "property_sql_factory_datasets": [
                    {
                        "id": "CompleteProductionOrderAttributes",
                        "type_": "SQL_FACTORY_DATA_SET",
                        "complete_overwrite": false,
                        "disabled": false,
                        "materialise_cte": false,
                        "overwrite": null,
                        "sql": "SELECT \n    'FinishProductionOrder' || '::' || \"ProductionOrder\".\"ID\"                                      AS \"ID\",\n    \"ProductionOrder\".\"ID\"                                                                      AS \"ProductionOrder\",\n    \"ProductionOrder\".\"FinishTime\"                                                              AS \"Time\",\n    CASE \n        WHEN \"ProductionOrder\".\"FinishTime\" > \"ProductionOrder\".\"ScheduledFinishTime\" \n        THEN TRUE \n        ELSE FALSE \n    END                                                                                             AS \"IsLate\"\nFROM \"o_custom_ProductionOrder\" AS \"ProductionOrder\"\n    WHERE \"ProductionOrder\".\"FinishTime\" IS NOT NULL"
                    }
                ],
                "relationship_transformations": []
            }
        ]
    }
]