[
    {
        "change_date": 1761549025848.0,
        "changed_by": {
            "id": "83864e97-dd17-42f7-92e4-2c1d1b9c029d",
            "name": "Hema priya Sudhakar",
            "type_": "USER"
        },
        "created_by": {
            "id": "2202cbc9-7251-4630-bfb2-36812e688613",
            "name": "l.pigozzi",
            "type_": "USER"
        },
        "creation_date": 1749630838606.0,
        "data_connection_id": "00000000-0000-0000-0000-000000000000",
        "description": "",
        "disabled": null,
        "display_name": "ReceiveIncomingPayment transformation - copy - 1",
        "draft": null,
        "factory_id": "ef2006e3-3f90-4024-97cc-05af48195d06",
        "factory_validation_status": "VALID",
        "has_user_template": null,
        "local_parameters": [],
        "namespace": "custom",
        "target": {
            "entity_ref": {
                "name": "ReceiveIncomingPayment",
                "namespace": "custom"
            },
            "kind": "EVENT"
        },
        "transformations": [
            {
                "change_sql_factory_datasets": [],
                "foreign_key_names": [],
                "namespace": "custom",
                "property_names": [
                    "ExecutedBy",
                    "ExecutionType",
                    "ID",
                    "Time"
                ],
                "property_sql_factory_datasets": [
                    {
                        "id": "ReceiveIncomingPaymentAttributes",
                        "type_": "SQL_FACTORY_DATA_SET",
                        "complete_overwrite": false,
                        "disabled": false,
                        "materialise_cte": false,
                        "overwrite": null,
                        "sql": "SELECT DISTINCT \n    'ReceiveIncomingPayment' || '::' || \"ReceivableItem_Changes\".\"OperationID\"                AS \"ID\",\n    \"ReceivableItem_Changes\".\"Time\"                                                           AS \"Time\",\n    \"ReceivableItem_Changes\".\"ChangedBy\"                                                      AS \"ExecutedBy\",\n    \"ReceivableItem_Changes\".\"ExecutionType\"                                                  AS \"ExecutionType\"\nFROM \"o_custom_ReceivableItem\" AS \"ReceivableItem\"\n    LEFT JOIN \"c_o_custom_ReceivableItem\" AS \"ReceivableItem_Changes\"\n        ON \"ReceivableItem\".\"ID\" = \"ReceivableItem_Changes\".\"ObjectID\"             \nWHERE \"ReceivableItem_Changes\".\"Attribute\" = 'IncomingPayment'\n    AND \"ReceivableItem_Changes\".\"Time\" IS NOT NULL\n    AND \"ReceivableItem_Changes\".\"OperationID\" IS NOT NULL"
                    }
                ],
                "relationship_transformations": [
                    {
                        "relationship_name": "ReceivableItem",
                        "sql_factory_datasets": [
                            {
                                "id": "ReceivePayment",
                                "type_": "SQL_FACTORY_DATA_SET",
                                "complete_overwrite": false,
                                "disabled": false,
                                "materialise_cte": false,
                                "overwrite": null,
                                "sql": "SELECT \n    'ReceiveIncomingPayment' || '::' || \"ReceivableItem_Changes\".\"OperationID\"               AS \"ID\",\n    \"ReceivableItem\".\"ID\"                                                                    AS \"ReceivableItem\"\nFROM \"o_custom_ReceivableItem\" AS \"ReceivableItem\"\n    LEFT JOIN \"c_o_custom_ReceivableItem\" AS \"ReceivableItem_Changes\"\n        ON \"ReceivableItem\".\"ID\" = \"ReceivableItem_Changes\".\"ObjectID\"\nWHERE \"ReceivableItem_Changes\".\"Attribute\" = 'IncomingPayment'\n    AND \"ReceivableItem_Changes\".\"Time\" IS NOT NULL\n    AND \"ReceivableItem_Changes\".\"OperationID\" IS NOT NULL"
                            }
                        ]
                    }
                ]
            }
        ]
    }
]