[
    {
        "change_date": 1760446578599.0,
        "changed_by": {
            "id": "2202cbc9-7251-4630-bfb2-36812e688613",
            "name": "l.pigozzi",
            "type_": "USER"
        },
        "created_by": {
            "id": "2202cbc9-7251-4630-bfb2-36812e688613",
            "name": "l.pigozzi",
            "type_": "USER"
        },
        "creation_date": 1749630851845.0,
        "data_connection_id": "00000000-0000-0000-0000-000000000000",
        "description": "",
        "disabled": null,
        "display_name": "CreatePurchaseRequisitionLine",
        "draft": null,
        "factory_id": "d1ff42cf-fdc2-4cb4-9f30-4136f7cf0a70",
        "factory_validation_status": "VALID",
        "has_user_template": null,
        "local_parameters": [],
        "namespace": "custom",
        "target": {
            "entity_ref": {
                "name": "CreatePurchaseRequisitionLine",
                "namespace": "custom"
            },
            "kind": "EVENT"
        },
        "transformations": [
            {
                "change_sql_factory_datasets": [],
                "foreign_key_names": [
                    "PurchaseRequisitionLine"
                ],
                "namespace": "custom",
                "property_names": [
                    "ExecutedBy",
                    "ExecutionType",
                    "ID",
                    "Time"
                ],
                "property_sql_factory_datasets": [
                    {
                        "id": "CreatePurchaseRequisitionItemAttributes",
                        "type_": "SQL_FACTORY_DATA_SET",
                        "complete_overwrite": false,
                        "disabled": false,
                        "materialise_cte": false,
                        "overwrite": null,
                        "sql": "SELECT \n    'CreatePurchaseRequisitionLine' || '::' || \"PurchaseRequisitionLine\".\"ID\"        AS \"ID\",\n    \"PurchaseRequisitionLine\".\"ID\"                                                   AS \"PurchaseRequisitionLine\",\n    \"PurchaseRequisitionLine\".\"CreationTime\"                                         AS \"Time\",\n    \"PurchaseRequisitionLine\".\"CreatedBy_ID\"                                         AS \"ExecutedBy\",\n    \"PurchaseRequisitionLine\".\"CreationExecutionType\"                                AS \"ExecutionType\"\nFROM \"o_custom_PurchaseRequisitionLine\" AS \"PurchaseRequisitionLine\"\nWHERE \"PurchaseRequisitionLine\".\"CreationTime\" IS NOT NULL"
                    }
                ],
                "relationship_transformations": [
                    {
                        "relationship_name": "PurchaseDocumentLine",
                        "sql_factory_datasets": [
                            {
                                "id": "RelationshipPurchaseDocumentLine",
                                "type_": "SQL_FACTORY_DATA_SET",
                                "complete_overwrite": false,
                                "disabled": false,
                                "materialise_cte": false,
                                "overwrite": null,
                                "sql": "SELECT DISTINCT \n    \"Event\".\"ID\"  AS \"ID\",\n    \"Object\".\"ID\" AS \"PurchaseDocumentLine\"\nFROM \"e_custom_CreatePurchaseRequisitionLine\" AS \"Event\"\n    LEFT JOIN \"o_custom_PurchaseRequisitionLine\" AS \"PurchaseRequisitionLine\"\n        ON \"Event\".\"PurchaseRequisitionLine_ID\" = \"PurchaseRequisitionLine\".\"ID\"\n    LEFT JOIN \"r_o_custom_PurchaseRequisitionLine__PurchaseDocumentLines\" AS \"r_PurchaseDocumentLine\"\n        ON \"PurchaseRequisitionLine\".\"ID\" = \"r_PurchaseDocumentLine\".\"ID\"\n    LEFT JOIN \"o_custom_PurchaseDocumentLine\" AS \"Object\"\n        ON \"r_PurchaseDocumentLine\".\"PurchaseDocumentLines_ID\" = \"Object\".\"ID\"\nWHERE \"Object\".\"ID\" IS NOT NULL\n"
                            }
                        ]
                    }
                ]
            }
        ]
    }
]