[
    {
        "change_date": 1760111408100.0,
        "changed_by": {
            "id": "2202cbc9-7251-4630-bfb2-36812e688613",
            "name": "l.pigozzi",
            "type_": "USER"
        },
        "created_by": {
            "id": "4d82ae0d-2047-4c83-ac8c-e2da04a3b5a0",
            "name": "Brave Gujral",
            "type_": "USER"
        },
        "creation_date": 1749740901450.0,
        "data_connection_id": "00000000-0000-0000-0000-000000000000",
        "description": null,
        "disabled": null,
        "display_name": "PostGoodsIssue - 1",
        "draft": null,
        "factory_id": "5265e3af-0ee6-433a-8e30-23f417d4112c",
        "factory_validation_status": "VALID",
        "has_user_template": null,
        "local_parameters": [],
        "namespace": "custom",
        "target": {
            "entity_ref": {
                "name": "PostGoodsIssue",
                "namespace": "custom"
            },
            "kind": "EVENT"
        },
        "transformations": [
            {
                "change_sql_factory_datasets": [],
                "foreign_key_names": [
                    "GoodsIssue",
                    "MaterialMovement"
                ],
                "namespace": "custom",
                "property_names": [
                    "ExecutedBy",
                    "ID",
                    "Time"
                ],
                "property_sql_factory_datasets": [
                    {
                        "id": "PostGoodsIssueAttributes",
                        "type_": "SQL_FACTORY_DATA_SET",
                        "complete_overwrite": false,
                        "disabled": false,
                        "materialise_cte": false,
                        "overwrite": null,
                        "sql": "SELECT \n    'PostGoodsIssue' || '::' || \"GoodsIssue\".\"ID\"  AS \"ID\",\n    \"GoodsIssue\".\"ID\"                              AS \"GoodsIssue\",\n    \"GoodsIssue\".\"ID\"                              AS \"MaterialMovement\",\n    \"GoodsIssue\".\"CreationTime\"                    AS \"Time\",\n    \"GoodsIssue\".\"CreatedBy_ID\"                    AS \"ExecutedBy\"\nFROM \"o_custom_GoodsIssue\" AS \"GoodsIssue\"\nWHERE \"GoodsIssue\".\"CreationTime\" IS NOT NULL"
                    }
                ],
                "relationship_transformations": [
                    {
                        "relationship_name": "DeliveryLine",
                        "sql_factory_datasets": [
                            {
                                "id": "RelationshipDeliveryLine",
                                "type_": "SQL_FACTORY_DATA_SET",
                                "complete_overwrite": false,
                                "disabled": false,
                                "materialise_cte": false,
                                "overwrite": null,
                                "sql": "SELECT\n\t'PostGoodsIssue' || '::' || \"GoodsIssue\".\"ID\"   AS \"ID\",\n\t\"GoodsIssue\".\"DeliveryLine_ID\"                  AS \"DeliveryLine\"\nFROM \"o_custom_GoodsIssue\" AS \"GoodsIssue\"\nWHERE \"GoodsIssue\".\"DeliveryLine_ID\" IS NOT NULL"
                            }
                        ]
                    }
                ]
            }
        ]
    }
]