[
    {
        "change_date": 1751636606471.0,
        "changed_by": {
            "id": "4d82ae0d-2047-4c83-ac8c-e2da04a3b5a0",
            "name": "Brave Gujral",
            "type_": "USER"
        },
        "created_by": {
            "id": "4d82ae0d-2047-4c83-ac8c-e2da04a3b5a0",
            "name": "Brave Gujral",
            "type_": "USER"
        },
        "creation_date": 1750084175362.0,
        "data_connection_id": "00000000-0000-0000-0000-000000000000",
        "description": null,
        "disabled": null,
        "display_name": "SignProofOfDelivery - 1",
        "draft": null,
        "factory_id": "49b3d59c-436f-4b36-88fb-19f7f990b1b0",
        "factory_validation_status": "VALID",
        "has_user_template": null,
        "local_parameters": [],
        "namespace": "custom",
        "target": {
            "entity_ref": {
                "name": "SignProofOfDelivery",
                "namespace": "custom"
            },
            "kind": "EVENT"
        },
        "transformations": [
            {
                "change_sql_factory_datasets": [],
                "foreign_key_names": [
                    "Delivery"
                ],
                "namespace": "custom",
                "property_names": [
                    "ExecutedBy",
                    "ExecutionType",
                    "ID",
                    "Time"
                ],
                "property_sql_factory_datasets": [
                    {
                        "id": "SignProofOfDeliveryAttributes",
                        "type_": "SQL_FACTORY_DATA_SET",
                        "complete_overwrite": false,
                        "disabled": false,
                        "materialise_cte": false,
                        "overwrite": null,
                        "sql": "SELECT 'SignProofOfDelivery' ||'::'|| \"Delivery\".\"ID\" AS \"ID\",\n       \"Delivery\".\"ID\"                           AS \"Delivery\",\n       \"Delivery\".\"ProofOfDeliveryDate\"          AS \"Time\",\n       \"Delivery\".\"CreatedBy_ID\"                  AS \"ExecutedBy\",\n       \"Delivery\".\"CreationExecutionType\"        AS \"ExecutionType\"\nFROM \"o_custom_Delivery\" AS \"Delivery\"\nWHERE \"Delivery\".\"ProofOfDeliveryDate\" IS NOT NULL"
                    }
                ],
                "relationship_transformations": []
            }
        ]
    }
]