[
    {
        "change_date": 1760108802066.0,
        "changed_by": {
            "id": "2202cbc9-7251-4630-bfb2-36812e688613",
            "name": "l.pigozzi",
            "type_": "USER"
        },
        "created_by": {
            "id": "4d82ae0d-2047-4c83-ac8c-e2da04a3b5a0",
            "name": "Brave Gujral",
            "type_": "USER"
        },
        "creation_date": 1750061930505.0,
        "data_connection_id": "00000000-0000-0000-0000-000000000000",
        "description": null,
        "disabled": null,
        "display_name": "ChangeSalesOrderLine - 1",
        "draft": null,
        "factory_id": "c9ddb2b1-7edf-4be9-af75-addf1677e337",
        "factory_validation_status": "VALID",
        "has_user_template": null,
        "local_parameters": [],
        "namespace": "custom",
        "target": {
            "entity_ref": {
                "name": "ChangeSalesOrderScheduleLine",
                "namespace": "custom"
            },
            "kind": "EVENT"
        },
        "transformations": [
            {
                "change_sql_factory_datasets": [],
                "foreign_key_names": [],
                "namespace": "custom",
                "property_names": [
                    "ChangedAttribute",
                    "ExecutedBy",
                    "ExecutionType",
                    "ID",
                    "NewValue",
                    "OldValue",
                    "Time"
                ],
                "property_sql_factory_datasets": [
                    {
                        "id": "ChangeSalesOrderLineAttributes",
                        "type_": "SQL_FACTORY_DATA_SET",
                        "complete_overwrite": false,
                        "disabled": false,
                        "materialise_cte": false,
                        "overwrite": null,
                        "sql": "SELECT\n    'ChangeSalesOrderScheduleLine' || '::' || \"SalesOrderScheduleLine_Changes\".\"ID\"        AS \"ID\",\n    \"SalesOrderScheduleLine_Changes\".\"Time\"                                        AS \"Time\",\n    \"SalesOrderScheduleLine_Changes\".\"ChangedBy\"                                   AS \"ExecutedBy\",\n    \"SalesOrderScheduleLine_Changes\".\"Attribute\"                                   AS \"ChangedAttribute\",\n    \"SalesOrderScheduleLine_Changes\".\"ExecutionType\"                               AS \"ExecutionType\",\n    \"SalesOrderScheduleLine_Changes\".\"OldValue\"                                    AS \"OldValue\",\n    \"SalesOrderScheduleLine_Changes\".\"NewValue\"                                    AS \"NewValue\"\nFROM \"o_custom_SalesOrderScheduleLine\" AS \"SalesOrderScheduleLine\"\nLEFT JOIN \"c_o_custom_SalesOrderScheduleLine\" AS \"SalesOrderScheduleLine_Changes\"\n    ON \"SalesOrderScheduleLine\".\"ID\" = \"SalesOrderScheduleLine_Changes\".\"ObjectID\"\n        AND \"SalesOrderScheduleLine_Changes\".\"Attribute\" IN (\n            'ConfirmedDeliveryDate',\n            'GoodsIssueDate',\n            'MaterialAvailabilityDate',\n            'NetUnitPrice',\n            'MaterialNumber',\n            'Quantity',\n            'Plant',\n            'RequestedDeliveryDate'\n        )\nWHERE \"SalesOrderScheduleLine_Changes\".\"Attribute\" IS NOT NULL\n    AND \"SalesOrderScheduleLine_Changes\".\"Time\" IS NOT NULL\n    \n"
                    }
                ],
                "relationship_transformations": [
                    {
                        "relationship_name": "SalesOrderScheduleLine",
                        "sql_factory_datasets": [
                            {
                                "id": "Relationship",
                                "type_": "SQL_FACTORY_DATA_SET",
                                "complete_overwrite": false,
                                "disabled": false,
                                "materialise_cte": false,
                                "overwrite": null,
                                "sql": "SELECT \n    'ChangeSalesOrderScheduleLine' || '::' || \"SalesOrderScheduleLine_Changes\".\"ID\"                 AS \"ID\",\n    \"SalesOrderScheduleLine\".\"ID\"                                                           AS \"SalesOrderScheduleLine\"\nFROM \"o_custom_SalesOrderScheduleLine\" AS \"SalesOrderScheduleLine\"\n    LEFT JOIN \"c_o_custom_SalesOrderScheduleLine\" AS \"SalesOrderScheduleLine_Changes\"\n        ON \"SalesOrderScheduleLine\".\"ID\" = \"SalesOrderScheduleLine_Changes\".\"ObjectID\"\n            AND \"SalesOrderScheduleLine_Changes\".\"Attribute\" IN (\n                'ConfirmedDeliveryDate',\n                'GoodsIssueDate',\n                'MaterialAvailabilityDate',\n                'NetUnitPrice',\n                'MaterialNumber',\n                'Quantity',\n                'Plant',\n                'RequestedDeliveryDate'\n            )\nWHERE \"SalesOrderScheduleLine_Changes\".\"Attribute\" IS NOT NULL\n    AND \"SalesOrderScheduleLine_Changes\".\"Time\" IS NOT NULL\n\n"
                            }
                        ]
                    }
                ]
            }
        ]
    }
]