[
    {
        "change_date": 1751460220277.0,
        "changed_by": {
            "id": "2202cbc9-7251-4630-bfb2-36812e688613",
            "name": "l.pigozzi",
            "type_": "USER"
        },
        "created_by": {
            "id": "4d82ae0d-2047-4c83-ac8c-e2da04a3b5a0",
            "name": "Brave Gujral",
            "type_": "USER"
        },
        "creation_date": 1750063811779.0,
        "data_connection_id": "00000000-0000-0000-0000-000000000000",
        "description": null,
        "disabled": null,
        "display_name": "CreateSalesOrder - 1",
        "draft": null,
        "factory_id": "97dcbfbe-a4d9-4b2f-bf48-d0e0505909ae",
        "factory_validation_status": "VALID",
        "has_user_template": null,
        "local_parameters": [],
        "namespace": "custom",
        "target": {
            "entity_ref": {
                "name": "CreateSalesOrder",
                "namespace": "custom"
            },
            "kind": "EVENT"
        },
        "transformations": [
            {
                "change_sql_factory_datasets": [],
                "foreign_key_names": [
                    "SalesOrder"
                ],
                "namespace": "custom",
                "property_names": [
                    "ExecutedBy",
                    "ExecutionType",
                    "ID",
                    "Time"
                ],
                "property_sql_factory_datasets": [
                    {
                        "id": "CreateSalesOrderAttributes",
                        "type_": "SQL_FACTORY_DATA_SET",
                        "complete_overwrite": false,
                        "disabled": false,
                        "materialise_cte": false,
                        "overwrite": null,
                        "sql": "SELECT 'CreateSalesOrder' || '::' || \"SalesOrder\".\"ID\" AS \"ID\",\n       \"SalesOrder\".\"ID\"                                    AS \"SalesOrder\",\n       \"SalesOrder\".\"CreationTime\"                          AS \"Time\",\n       \"SalesOrder\".\"CreatedBy_ID\"                          AS \"ExecutedBy\",\n       \"SalesOrder\".\"CreationExecutionType\"                 AS \"ExecutionType\"\nFROM \"o_custom_SalesOrder\" AS \"SalesOrder\"\nWHERE \"SalesOrder\".\"CreationTime\" IS NOT NULL"
                    }
                ],
                "relationship_transformations": []
            }
        ]
    }
]