[
    {
        "change_date": 1760108504577.0,
        "changed_by": {
            "id": "2202cbc9-7251-4630-bfb2-36812e688613",
            "name": "l.pigozzi",
            "type_": "USER"
        },
        "created_by": {
            "id": "4d82ae0d-2047-4c83-ac8c-e2da04a3b5a0",
            "name": "Brave Gujral",
            "type_": "USER"
        },
        "creation_date": 1750064902782.0,
        "data_connection_id": "00000000-0000-0000-0000-000000000000",
        "description": null,
        "disabled": null,
        "display_name": "CreateSalesOrderScheduleLine - 1",
        "draft": null,
        "factory_id": "9d9ebca9-f613-4386-8942-6ee5ea525dd5",
        "factory_validation_status": "VALID",
        "has_user_template": null,
        "local_parameters": [],
        "namespace": "custom",
        "target": {
            "entity_ref": {
                "name": "CreateSalesOrderScheduleLine",
                "namespace": "custom"
            },
            "kind": "EVENT"
        },
        "transformations": [
            {
                "change_sql_factory_datasets": [],
                "foreign_key_names": [
                    "SalesOrder",
                    "SalesOrderScheduleLine"
                ],
                "namespace": "custom",
                "property_names": [
                    "ExecutedBy",
                    "ExecutionType",
                    "ID",
                    "Time"
                ],
                "property_sql_factory_datasets": [
                    {
                        "id": "CreateSalesOrderLineAttributes",
                        "type_": "SQL_FACTORY_DATA_SET",
                        "complete_overwrite": false,
                        "disabled": false,
                        "materialise_cte": false,
                        "overwrite": null,
                        "sql": "  SELECT 'CreateSalesOrderScheduleLine' || '::' || \"SalesOrderScheduleLine\".\"ID\" AS \"ID\",\n       \"SalesOrderScheduleLine\".\"ID\"                                     AS \"SalesOrderScheduleLine\",\n       \"SalesOrder\".\"ID\"                                         AS \"SalesOrder\",\n       \"SalesOrderScheduleLine\".\"CreationTime\"                           AS \"Time\",\n       \"SalesOrderScheduleLine\".\"CreatedBy_ID\"                           AS \"ExecutedBy\",\n       \"SalesOrderScheduleLine\".\"CreationExecutionType\"                  AS \"ExecutionType\"\nFROM (SELECT \"SalesOrderScheduleLine\".\"ID\" AS ID,\n             \"SalesOrderScheduleLine\".\"SalesOrder_ID\" AS \"Header_ID\",\n             \"SalesOrderScheduleLine\".\"CreationTime\" AS \"CreationTime\",\n             \"SalesOrderScheduleLine\".\"CreatedBy_ID\" AS \"CreatedBy_ID\",\n             \"SalesOrderScheduleLine\".\"CreationExecutionType\" AS \"CreationExecutionType\"\n      FROM \"o_custom_SalesOrderScheduleLine\" AS \"SalesOrderScheduleLine\"\n      ORDER BY \"SalesOrderScheduleLine\".\"ID\") AS \"SalesOrderScheduleLine\"\n         LEFT JOIN \"o_custom_SalesOrder\" AS \"SalesOrder\"\n                   ON \"SalesOrderScheduleLine\".\"Header_ID\" = \"SalesOrder\".\"ID\"\nWHERE \"SalesOrderScheduleLine\".\"CreationTime\" IS NOT NULL"
                    }
                ],
                "relationship_transformations": []
            }
        ]
    }
]