[
    {
        "change_date": 1758102480651.0,
        "changed_by": {
            "id": "83864e97-dd17-42f7-92e4-2c1d1b9c029d",
            "name": "Hema priya Sudhakar",
            "type_": "USER"
        },
        "created_by": {
            "id": "83864e97-dd17-42f7-92e4-2c1d1b9c029d",
            "name": "Hema priya Sudhakar",
            "type_": "USER"
        },
        "creation_date": 1749638430098.0,
        "data_connection_id": "00000000-0000-0000-0000-000000000000",
        "description": null,
        "disabled": null,
        "display_name": "SendDunningNotices - 1",
        "draft": null,
        "factory_id": "0d0788a5-4071-4dd2-8015-4cc98cc31842",
        "factory_validation_status": "VALID",
        "has_user_template": null,
        "local_parameters": [],
        "namespace": "custom",
        "target": {
            "entity_ref": {
                "name": "SendDunningNotices",
                "namespace": "custom"
            },
            "kind": "EVENT"
        },
        "transformations": [
            {
                "change_sql_factory_datasets": [],
                "foreign_key_names": [
                    "ReceivableItem"
                ],
                "namespace": "custom",
                "property_names": [
                    "ExecutedBy",
                    "ExecutionType",
                    "ID",
                    "Level",
                    "Time"
                ],
                "property_sql_factory_datasets": [
                    {
                        "id": "SendDunningNoticesAttributes",
                        "type_": "SQL_FACTORY_DATA_SET",
                        "complete_overwrite": false,
                        "disabled": false,
                        "materialise_cte": false,
                        "overwrite": null,
                        "sql": "SELECT \n    'SendDunningNotices' || '::' || \"ReceivableItem_Changes\".\"ID\"  AS \"ID\",\n    \"ReceivableItem\".\"ID\"                                          AS \"ReceivableItem\",\n    \"ReceivableItem_Changes\".\"Time\"                                AS \"Time\",\n    \"ReceivableItem_Changes\".\"ChangedBy\"                           AS \"ExecutedBy\",\n    CAST(\"ReceivableItem_Changes\".\"NewValue\" AS BIGINT)            AS \"Level\",\n    \"ReceivableItem_Changes\".\"ExecutionType\"                       AS \"ExecutionType\"\nFROM \"o_custom_ReceivableItem\" AS \"ReceivableItem\"\n    LEFT JOIN \"c_o_custom_ReceivableItem\" AS \"ReceivableItem_Changes\"\n        ON \"ReceivableItem\".\"ID\" = \"ReceivableItem_Changes\".\"ObjectID\"                    \nWHERE \"ReceivableItem_Changes\".\"Time\" IS NOT NULL\n    AND \"ReceivableItem_Changes\".\"Attribute\" = 'DunningLevel'"
                    }
                ],
                "relationship_transformations": []
            }
        ]
    }
]