[
    {
        "change_date": 1758870337154.0,
        "changed_by": {
            "id": "ae9989fc-2640-4ab1-9754-cb31999ce77e",
            "name": "j.rosenbauer",
            "type_": "USER"
        },
        "created_by": {
            "id": "ae9989fc-2640-4ab1-9754-cb31999ce77e",
            "name": "j.rosenbauer",
            "type_": "USER"
        },
        "creation_date": 1749720845701.0,
        "data_connection_id": "00000000-0000-0000-0000-000000000000",
        "description": null,
        "disabled": null,
        "display_name": "CreateProductionOrder - 1",
        "draft": null,
        "factory_id": "7d14c020-b2bc-4628-b10b-6c82aee848df",
        "factory_validation_status": "VALID",
        "has_user_template": null,
        "local_parameters": [],
        "namespace": "custom",
        "target": {
            "entity_ref": {
                "name": "CreateProductionOrder",
                "namespace": "custom"
            },
            "kind": "EVENT"
        },
        "transformations": [
            {
                "change_sql_factory_datasets": [],
                "foreign_key_names": [
                    "ProductionOrder"
                ],
                "namespace": "custom",
                "property_names": [
                    "ID",
                    "Time"
                ],
                "property_sql_factory_datasets": [
                    {
                        "id": "CreateProductionOrderAttributes",
                        "type_": "SQL_FACTORY_DATA_SET",
                        "complete_overwrite": false,
                        "disabled": false,
                        "materialise_cte": false,
                        "overwrite": null,
                        "sql": "SELECT DISTINCT\n\t'Create Production Order ' || \"ProductionOrder\".\"ID\"    AS \"ID\",\n\t\"ProductionOrder\".\"CreationTime\"                        AS \"Time\",\n    \"ProductionOrder\".\"ID\"                                  AS ProductionOrder\nFROM \"o_custom_ProductionOrder\" AS \"ProductionOrder\""
                    }
                ],
                "relationship_transformations": []
            }
        ]
    }
]