[
    {
        "change_date": 1758103533974.0,
        "changed_by": {
            "id": "83864e97-dd17-42f7-92e4-2c1d1b9c029d",
            "name": "Hema priya Sudhakar",
            "type_": "USER"
        },
        "created_by": {
            "id": "2202cbc9-7251-4630-bfb2-36812e688613",
            "name": "l.pigozzi",
            "type_": "USER"
        },
        "creation_date": 1749630888946.0,
        "data_connection_id": "00000000-0000-0000-0000-000000000000",
        "description": "",
        "disabled": null,
        "display_name": "PayableItemCashDiscountDueDate transformation - copy - 1",
        "draft": null,
        "factory_id": "9938bec0-fd28-415e-a2fd-628fc6d11469",
        "factory_validation_status": "VALID",
        "has_user_template": null,
        "local_parameters": [],
        "namespace": "custom",
        "target": {
            "entity_ref": {
                "name": "PayableItemCashDiscountDueDate",
                "namespace": "custom"
            },
            "kind": "EVENT"
        },
        "transformations": [
            {
                "change_sql_factory_datasets": [],
                "foreign_key_names": [
                    "PayableItem"
                ],
                "namespace": "custom",
                "property_names": [
                    "DiscountTermOrder",
                    "EligibleDiscountAmount",
                    "ID",
                    "Time"
                ],
                "property_sql_factory_datasets": [
                    {
                        "id": "PayableItemCashDiscountDueDateAttributes",
                        "type_": "SQL_FACTORY_DATA_SET",
                        "complete_overwrite": false,
                        "disabled": false,
                        "materialise_cte": false,
                        "overwrite": null,
                        "sql": "WITH \"CTE_Cash_Discounts\" AS (\n    SELECT \n        \"PayableItem\".\"ID\"                          AS \"ID\",\n        \"PayableItem\".\"CashDiscountDueDate1\"        AS \"CashDiscountDueDate\",\n        \"PayableItem\".\"CashDiscountEligibleAmount1\" AS \"CashDiscountEligibleAmount\"\n    FROM \"o_custom_PayableItem\" AS \"PayableItem\"\n    WHERE \"PayableItem\".\"CashDiscountDueDate1\" IS NOT NULL\n    UNION ALL \n    SELECT \n        \"PayableItem\".\"ID\"                          AS \"ID\",\n        \"PayableItem\".\"CashDiscountDueDate2\"        AS \"CashDiscountDueDate\",\n        \"PayableItem\".\"CashDiscountEligibleAmount2\" AS \"CashDiscountEligibleAmount\"\n    FROM \"o_custom_PayableItem\" AS \"PayableItem\"\n    WHERE \"PayableItem\".\"CashDiscountDueDate2\" IS NOT NULL\n),\n    \"CTE_Disc_Level\" AS (\n    SELECT \n        \"Cash_Discounts\".\"ID\"                                               AS \"ID\",\n        \"Cash_Discounts\".\"CashDiscountDueDate\"                              AS \"CashDiscountDueDate\",\n        \"Cash_Discounts\".\"CashDiscountEligibleAmount\"                       AS \"CashDiscountEligibleAmount\",\n        ROW_NUMBER() OVER (PARTITION BY \"Cash_Discounts\".\"ID\"\n        ORDER BY \"Cash_Discounts\".\"CashDiscountDueDate\")                    AS \"DiscountTermOrder\"\n    FROM \"CTE_Cash_Discounts\" AS \"Cash_Discounts\"\n)                        \nSELECT \n    'PayableItemCashDiscountDueDate' || '::' || \"Disc_Level\".\"ID\" \n        || '::' || \"Disc_Level\".\"DiscountTermOrder\"                                            AS \"ID\",\n    \"Disc_Level\".\"ID\"                                                                          AS \"PayableItem\",\n    \"Disc_Level\".\"CashDiscountDueDate\"                                                         AS \"Time\",\n    \"Disc_Level\".\"DiscountTermOrder\"                                                           AS \"DiscountTermOrder\",\n    \"Disc_Level\".\"CashDiscountEligibleAmount\"                                                  AS \"EligibleDiscountAmount\"\nFROM \"CTE_Disc_Level\" AS \"Disc_Level\"\nWHERE \"Disc_Level\".\"CashDiscountDueDate\" IS NOT NULL"
                    }
                ],
                "relationship_transformations": []
            }
        ]
    }
]