[
    {
        "change_date": 1751279680241.0,
        "changed_by": {
            "id": "4d82ae0d-2047-4c83-ac8c-e2da04a3b5a0",
            "name": "Brave Gujral",
            "type_": "USER"
        },
        "created_by": {
            "id": "bdec2b77-569a-4c86-86a1-73c0f6bbb6c4",
            "name": "Andi",
            "type_": "USER"
        },
        "creation_date": 1749825702208.0,
        "data_connection_id": "00000000-0000-0000-0000-000000000000",
        "description": null,
        "disabled": null,
        "display_name": "ChangeBlockOnSalesOrder - 1",
        "draft": null,
        "factory_id": "ab51e5aa-e1aa-4e02-89f8-c2d47a2c2510",
        "factory_validation_status": "VALID",
        "has_user_template": null,
        "local_parameters": [],
        "namespace": "custom",
        "target": {
            "entity_ref": {
                "name": "ChangeBlockOnSalesOrder",
                "namespace": "custom"
            },
            "kind": "EVENT"
        },
        "transformations": [
            {
                "change_sql_factory_datasets": [],
                "foreign_key_names": [
                    "SalesOrderBlock"
                ],
                "namespace": "custom",
                "property_names": [
                    "BlockType",
                    "ChangedAttribute",
                    "ExecutedBy",
                    "ExecutionType",
                    "ID",
                    "NewValue",
                    "OldValue",
                    "Time"
                ],
                "property_sql_factory_datasets": [
                    {
                        "id": "ReleaseBlockOnSalesOrderAttributes",
                        "type_": "SQL_FACTORY_DATA_SET",
                        "complete_overwrite": false,
                        "disabled": false,
                        "materialise_cte": false,
                        "overwrite": null,
                        "sql": "SELECT 'ChangeBlockOnSalesOrder' || '::' || \"SalesOrderBlock_Changes\".\"ID\" AS \"ID\",\n       \"SalesOrderBlock\".\"ID\"                                           AS \"SalesOrderBlock\",\n       \"SalesOrderBlock_Changes\".\"Time\"                                 AS \"Time\",\n       \"SalesOrderBlock_Changes\".\"ChangedBy\"                            AS \"ExecutedBy\",\n       \"SalesOrderBlock_Changes\".\"Attribute\"                            AS \"ChangedAttribute\",\n       \"SalesOrderBlock_Changes\".\"ExecutionType\"                        AS \"ExecutionType\",\n       \"SalesOrderBlock\".\"BlockType\"                                    AS \"BlockType\",\n       \"SalesOrderBlock_Changes\".\"OldValue\"                             AS \"OldValue\",\n       \"SalesOrderBlock_Changes\".\"NewValue\"                             AS \"NewValue\"\nFROM \"o_custom_SalesOrder\" AS \"SalesOrder\"\n         LEFT JOIN \"o_custom_SalesOrderBlock\" AS \"SalesOrderBlock\"\n                   ON \"SalesOrder\".\"ID\" = \"SalesOrderBlock\".\"SalesOrder_ID\"\n         LEFT JOIN \"c_o_custom_SalesOrderBlock\" AS \"SalesOrderBlock_Changes\"\n                   ON \"SalesOrderBlock\".\"ID\" = \"SalesOrderBlock_Changes\".\"ObjectID\"\nWHERE \"SalesOrderBlock_Changes\".\"Attribute\" = 'LatestBlockReason'\n  AND \"SalesOrderBlock_Changes\".\"Time\" IS NOT NULL\n"
                    }
                ],
                "relationship_transformations": []
            }
        ]
    }
]