[
    {
        "change_date": 1758102351572.0,
        "changed_by": {
            "id": "83864e97-dd17-42f7-92e4-2c1d1b9c029d",
            "name": "Hema priya Sudhakar",
            "type_": "USER"
        },
        "created_by": {
            "id": "2202cbc9-7251-4630-bfb2-36812e688613",
            "name": "l.pigozzi",
            "type_": "USER"
        },
        "creation_date": 1749630868801.0,
        "data_connection_id": "00000000-0000-0000-0000-000000000000",
        "description": "",
        "disabled": null,
        "display_name": "ReceivableItemDueDate transformation - copy - 1",
        "draft": null,
        "factory_id": "a12dbf1a-8094-4ae0-ab2a-8dc388191522",
        "factory_validation_status": "VALID",
        "has_user_template": null,
        "local_parameters": [],
        "namespace": "custom",
        "target": {
            "entity_ref": {
                "name": "ReceivableItemDueDate",
                "namespace": "custom"
            },
            "kind": "EVENT"
        },
        "transformations": [
            {
                "change_sql_factory_datasets": [],
                "foreign_key_names": [
                    "ReceivableItem"
                ],
                "namespace": "custom",
                "property_names": [
                    "ID",
                    "Time"
                ],
                "property_sql_factory_datasets": [
                    {
                        "id": "ReceivableItemDueDateAttributes",
                        "type_": "SQL_FACTORY_DATA_SET",
                        "complete_overwrite": false,
                        "disabled": false,
                        "materialise_cte": false,
                        "overwrite": null,
                        "sql": "SELECT \n    'DueDate' || '::' || \"ReceivableItem\".\"ID\"            AS \"ID\",\n    \"ReceivableItem\".\"ID\"                                 AS \"ReceivableItem\",\n    \"ReceivableItem\".\"NetDueDate\"                         AS \"Time\"\nFROM \"o_custom_ReceivableItem\" AS \"ReceivableItem\"\n"
                    }
                ],
                "relationship_transformations": []
            }
        ]
    }
]