[
    {
        "change_date": 1760437608708.0,
        "changed_by": {
            "id": "2202cbc9-7251-4630-bfb2-36812e688613",
            "name": "l.pigozzi",
            "type_": "USER"
        },
        "created_by": {
            "id": "0c9ee607-6f4d-4976-af88-bac083fc9169",
            "name": "j.vita-martinez",
            "type_": "USER"
        },
        "creation_date": 1753774007051.0,
        "data_connection_id": "00000000-0000-0000-0000-000000000000",
        "description": "",
        "disabled": null,
        "display_name": "CancelPurchaseScheduleLine - 1",
        "draft": null,
        "factory_id": "dfe1625e-f87e-45a6-8135-38c29dfcd5f1",
        "factory_validation_status": "VALID",
        "has_user_template": null,
        "local_parameters": [],
        "namespace": "custom",
        "target": {
            "entity_ref": {
                "name": "CancelPurchaseScheduleLine",
                "namespace": "custom"
            },
            "kind": "EVENT"
        },
        "transformations": [
            {
                "change_sql_factory_datasets": [],
                "foreign_key_names": [
                    "PurchaseDocumentLine",
                    "PurchaseOrderLine",
                    "PurchaseScheduleLine"
                ],
                "namespace": "custom",
                "property_names": [
                    "ExecutedBy",
                    "ExecutionType",
                    "ID",
                    "Time"
                ],
                "property_sql_factory_datasets": [
                    {
                        "id": "DeletePurchaseScheduleLineAttributes",
                        "type_": "SQL_FACTORY_DATA_SET",
                        "complete_overwrite": false,
                        "disabled": false,
                        "materialise_cte": false,
                        "overwrite": null,
                        "sql": "SELECT \n    'CancelPurchaseScheduleLine' || '::' || \"PurchaseScheduleLine_Changes\".\"ID\"     AS \"ID\",\n    \"PurchaseScheduleLine\".\"ID\"                                                     AS \"PurchaseScheduleLine\",\n    \"PurchaseScheduleLine\".\"PurchaseDocumentLine_ID\"                                AS \"PurchaseOrderLine\",\n    \"PurchaseScheduleLine\".\"PurchaseDocumentLine_ID\"                                AS \"PurchaseDocumentLine\",\n    \"PurchaseScheduleLine_Changes\".\"Time\"                                           AS \"Time\",\n    \"PurchaseScheduleLine_Changes\".\"ChangedBy\"                                      AS \"ExecutedBy\",\n    \"PurchaseScheduleLine_Changes\".\"ExecutionType\"                                  AS \"ExecutionType\"\nFROM \"o_custom_PurchaseScheduleLine\" AS \"PurchaseScheduleLine\"\n    LEFT JOIN \"c_o_custom_PurchaseScheduleLine\" AS \"PurchaseScheduleLine_Changes\"\n        ON \"PurchaseScheduleLine\".\"ID\" = \"PurchaseScheduleLine_Changes\".\"ObjectID\"\nWHERE \"PurchaseScheduleLine_Changes\".\"Attribute\" = 'DeletionIndicator'\n    AND \"PurchaseScheduleLine_Changes\".\"NewValue\" = 'Y'\n    AND \"PurchaseScheduleLine_Changes\".\"Time\" IS NOT NULL"
                    }
                ],
                "relationship_transformations": []
            }
        ]
    }
]