[
    {
        "change_date": 1760096892289.0,
        "changed_by": {
            "id": "83864e97-dd17-42f7-92e4-2c1d1b9c029d",
            "name": "Hema priya Sudhakar",
            "type_": "USER"
        },
        "created_by": {
            "id": "2202cbc9-7251-4630-bfb2-36812e688613",
            "name": "l.pigozzi",
            "type_": "USER"
        },
        "creation_date": 1749630845842.0,
        "data_connection_id": "00000000-0000-0000-0000-000000000000",
        "description": "",
        "disabled": null,
        "display_name": "PostPayableItem transformation - copy - 1",
        "draft": null,
        "factory_id": "8d8e71e1-191a-4a23-86ba-4a8e6cab8696",
        "factory_validation_status": "VALID",
        "has_user_template": null,
        "local_parameters": [],
        "namespace": "custom",
        "target": {
            "entity_ref": {
                "name": "PostPayableItem",
                "namespace": "custom"
            },
            "kind": "EVENT"
        },
        "transformations": [
            {
                "change_sql_factory_datasets": [],
                "foreign_key_names": [
                    "PayableItem",
                    "VendorInvoice"
                ],
                "namespace": "custom",
                "property_names": [
                    "ExecutedBy",
                    "ExecutionType",
                    "ID",
                    "PayableItemDocumentCategory",
                    "Time"
                ],
                "property_sql_factory_datasets": [
                    {
                        "id": "PostPayableItemAttributes",
                        "type_": "SQL_FACTORY_DATA_SET",
                        "complete_overwrite": false,
                        "disabled": false,
                        "materialise_cte": false,
                        "overwrite": null,
                        "sql": "SELECT 'PostPayableItem' || '::' || \"PayableItem\".\"ID\"                        AS \"ID\",\n       \"PayableItem\".\"ID\"                                                     AS \"PayableItem\",\n       \"PayableItem\".\"VendorInvoice_ID\"                                       AS \"VendorInvoice\",\n       \"PayableItem\".\"CreationTime\"                                           AS \"Time\",\n       \"PayableItem\".\"CreatedBy_ID\"                                           AS \"ExecutedBy\",\n       \"PayableItem\".\"CreationExecutionType\"                                  AS \"ExecutionType\",\n       \"PayableItem\".\"DocumentCategory\"                                       AS \"PayableItemDocumentCategory\"\nFROM \"o_custom_PayableItem\" AS \"PayableItem\"\nWHERE \"PayableItem\".\"CreationTime\" IS NOT NULL\n"
                    }
                ],
                "relationship_transformations": []
            }
        ]
    }
]