[
    {
        "change_date": 1758870210586.0,
        "changed_by": {
            "id": "ae9989fc-2640-4ab1-9754-cb31999ce77e",
            "name": "j.rosenbauer",
            "type_": "USER"
        },
        "created_by": {
            "id": "ae9989fc-2640-4ab1-9754-cb31999ce77e",
            "name": "j.rosenbauer",
            "type_": "USER"
        },
        "creation_date": 1749823963300.0,
        "data_connection_id": "00000000-0000-0000-0000-000000000000",
        "description": null,
        "disabled": null,
        "display_name": "StartProduction - 1",
        "draft": null,
        "factory_id": "26845595-b7d3-46c6-bd94-673e5b9be61a",
        "factory_validation_status": "VALID",
        "has_user_template": null,
        "local_parameters": [],
        "namespace": "custom",
        "target": {
            "entity_ref": {
                "name": "StartProduction",
                "namespace": "custom"
            },
            "kind": "EVENT"
        },
        "transformations": [
            {
                "change_sql_factory_datasets": [],
                "foreign_key_names": [
                    "ProductionOrder"
                ],
                "namespace": "custom",
                "property_names": [
                    "ID",
                    "Time"
                ],
                "property_sql_factory_datasets": [
                    {
                        "id": "StartProductionAttributes",
                        "type_": "SQL_FACTORY_DATA_SET",
                        "complete_overwrite": false,
                        "disabled": false,
                        "materialise_cte": false,
                        "overwrite": null,
                        "sql": "SELECT\n    'StartProduction' || '::' || \"ProductionOrder\".\"ID\" AS \"ID\",\n    \"ProductionOrder\".\"ID\"                              AS \"ProductionOrder\",\n    \"ProductionOrder\".\"StartTime\"                       AS \"Time\"\nFROM \"o_custom_ProductionOrder\" AS \"ProductionOrder\""
                    }
                ],
                "relationship_transformations": []
            }
        ]
    }
]