[
    {
        "change_date": 1757592683408.0,
        "changed_by": {
            "id": "bdec2b77-569a-4c86-86a1-73c0f6bbb6c4",
            "name": "Andi",
            "type_": "USER"
        },
        "created_by": {
            "id": "4d82ae0d-2047-4c83-ac8c-e2da04a3b5a0",
            "name": "Brave Gujral",
            "type_": "USER"
        },
        "creation_date": 1750079310396.0,
        "data_connection_id": "00000000-0000-0000-0000-000000000000",
        "description": null,
        "disabled": null,
        "display_name": "ExecutePicking - 1",
        "draft": null,
        "factory_id": "b2f9aea3-86a7-43c8-9323-4f18e16dd122",
        "factory_validation_status": "VALID",
        "has_user_template": null,
        "local_parameters": [],
        "namespace": "custom",
        "target": {
            "entity_ref": {
                "name": "ExecutePicking",
                "namespace": "custom"
            },
            "kind": "EVENT"
        },
        "transformations": [
            {
                "change_sql_factory_datasets": [],
                "foreign_key_names": [
                    "Delivery"
                ],
                "namespace": "custom",
                "property_names": [
                    "ExecutedBy",
                    "ExecutionType",
                    "ID",
                    "Time"
                ],
                "property_sql_factory_datasets": [
                    {
                        "id": "ExecutePickingAttributes",
                        "type_": "SQL_FACTORY_DATA_SET",
                        "complete_overwrite": false,
                        "disabled": false,
                        "materialise_cte": false,
                        "overwrite": null,
                        "sql": "SELECT  'ExecutePicking' || '::' || \"Delivery_Changes\".\"ID\"         AS \"ID\",\n       \"Delivery\".\"ID\"                                              AS \"Delivery\",\n       \"Delivery_Changes\".\"Time\"                                    AS \"Time\",\n       \"Delivery_Changes\".\"ChangedBy\"                               AS \"ExecutedBy\",\n       \"Delivery_Changes\".\"ExecutionType\"                           AS \"ExecutionType\"\nFROM \"o_custom_Delivery\" AS \"Delivery\"\nLEFT JOIN \"c_o_custom_Delivery\" AS \"Delivery_Changes\"\n    ON \"Delivery\".\"ID\" = \"Delivery_Changes\".\"ObjectID\"\n        AND \"Delivery_Changes\".\"Attribute\" = 'IsPicked'\n        AND \"Delivery_Changes\".\"OldValue\" = 'f'\n        AND \"Delivery_Changes\".\"NewValue\" = 't'\nWHERE \"Delivery_Changes\".\"Time\" IS NOT NULL"
                    }
                ],
                "relationship_transformations": []
            }
        ]
    }
]