[
    {
        "change_date": 1760542653185.0,
        "changed_by": {
            "id": "2202cbc9-7251-4630-bfb2-36812e688613",
            "name": "l.pigozzi",
            "type_": "USER"
        },
        "created_by": {
            "id": "2202cbc9-7251-4630-bfb2-36812e688613",
            "name": "l.pigozzi",
            "type_": "USER"
        },
        "creation_date": 1749630834115.0,
        "data_connection_id": "00000000-0000-0000-0000-000000000000",
        "description": "",
        "disabled": null,
        "display_name": "ChangePurchaseRequisitionLine transformation",
        "draft": null,
        "factory_id": "44ab0447-ea33-45e7-8528-f9b0e5f680dd",
        "factory_validation_status": "VALID",
        "has_user_template": null,
        "local_parameters": [],
        "namespace": "custom",
        "target": {
            "entity_ref": {
                "name": "ChangePurchaseRequisitionLine",
                "namespace": "custom"
            },
            "kind": "EVENT"
        },
        "transformations": [
            {
                "change_sql_factory_datasets": [],
                "foreign_key_names": [
                    "PurchaseRequisitionLine"
                ],
                "namespace": "custom",
                "property_names": [
                    "ChangedAttribute",
                    "ExecutedBy",
                    "ExecutionType",
                    "ID",
                    "NewValue",
                    "OldValue",
                    "Time"
                ],
                "property_sql_factory_datasets": [
                    {
                        "id": "ChangePurchaseRequisitionItemAttributes",
                        "type_": "SQL_FACTORY_DATA_SET",
                        "complete_overwrite": false,
                        "disabled": false,
                        "materialise_cte": false,
                        "overwrite": null,
                        "sql": "SELECT \n    'ChangePurchaseRequisitionLine' || '::' || \"PurchaseRequisitionLine_Changes\".\"ID\"      AS \"ID\",\n    \"PurchaseRequisitionLine\".\"ID\"                                                         AS \"PurchaseRequisitionLine\",\n    \"PurchaseRequisitionLine_Changes\".\"Time\"                                               AS \"Time\",\n    \"PurchaseRequisitionLine_Changes\".\"ChangedBy\"                                          AS \"ExecutedBy\",\n    \"PurchaseRequisitionLine_Changes\".\"Attribute\"                                          AS \"ChangedAttribute\",\n    \"PurchaseRequisitionLine_Changes\".\"ExecutionType\"                                      AS \"ExecutionType\",\n    \"PurchaseRequisitionLine_Changes\".\"OldValue\"                                           AS \"OldValue\",\n    \"PurchaseRequisitionLine_Changes\".\"NewValue\"                                           AS \"NewValue\"\nFROM \"o_custom_PurchaseRequisitionLine\" AS \"PurchaseRequisitionLine\"\n    LEFT JOIN \"c_o_custom_PurchaseRequisitionLine\" AS \"PurchaseRequisitionLine_Changes\"\n        ON \"PurchaseRequisitionLine\".\"ID\" = \"PurchaseRequisitionLine_Changes\".\"ObjectID\"\nWHERE \"PurchaseRequisitionLine_Changes\".\"Attribute\" IN ('ReleaseIndicator', 'NetUnitPrice' , 'Quantity' , 'Description' , 'Vendor', 'Currency')\n    AND \"PurchaseRequisitionLine_Changes\".\"Time\" IS NOT NULL"
                    }
                ],
                "relationship_transformations": []
            }
        ]
    }
]