[
    {
        "change_date": 1760542612394.0,
        "changed_by": {
            "id": "2202cbc9-7251-4630-bfb2-36812e688613",
            "name": "l.pigozzi",
            "type_": "USER"
        },
        "created_by": {
            "id": "83864e97-dd17-42f7-92e4-2c1d1b9c029d",
            "name": "Hema priya Sudhakar",
            "type_": "USER"
        },
        "creation_date": 1749716352907.0,
        "data_connection_id": "00000000-0000-0000-0000-000000000000",
        "description": null,
        "disabled": null,
        "display_name": "ApprovePurchaseRequisitionLine",
        "draft": null,
        "factory_id": "7e1e3dd6-675a-42d4-ab7d-18e88c86b186",
        "factory_validation_status": "VALID",
        "has_user_template": null,
        "local_parameters": [],
        "namespace": "custom",
        "target": {
            "entity_ref": {
                "name": "ApprovePurchaseRequisitionLine",
                "namespace": "custom"
            },
            "kind": "EVENT"
        },
        "transformations": [
            {
                "change_sql_factory_datasets": [],
                "foreign_key_names": [
                    "PurchaseRequisitionLine"
                ],
                "namespace": "custom",
                "property_names": [
                    "ExecutedBy",
                    "ExecutionType",
                    "ID",
                    "Level",
                    "Time"
                ],
                "property_sql_factory_datasets": [
                    {
                        "id": "ApprovePurchaseRequisitionAttributes",
                        "type_": "SQL_FACTORY_DATA_SET",
                        "complete_overwrite": false,
                        "disabled": false,
                        "materialise_cte": true,
                        "overwrite": null,
                        "sql": "SELECT \n    'ApprovePurchaseRequisitionLine' || '::' || \"PurchaseRequisitionLine_Changes\".\"ID\"    AS \"ID\",\n    \"PurchaseRequisitionLine\".\"ID\"                                                        AS \"PurchaseRequisitionLine\",\n    \"PurchaseRequisitionLine_Changes\".\"Time\"                                              AS \"Time\",\n    \"PurchaseRequisitionLine_Changes\".\"ChangedBy\"                                         AS \"ExecutedBy\",\n    \"PurchaseRequisitionLine_Changes\".\"NewValue\"                                          AS \"Level\",\n    \"PurchaseRequisitionLine_Changes\".\"ExecutionType\"                                     AS \"ExecutionType\"\nFROM \"o_custom_PurchaseRequisitionLine\" AS \"PurchaseRequisitionLine\"\n    LEFT JOIN \"c_o_custom_PurchaseRequisitionLine\" AS \"PurchaseRequisitionLine_Changes\"\n        ON \"PurchaseRequisitionLine\".\"ID\" = \"PurchaseRequisitionLine_Changes\".\"ObjectID\"\nWHERE \"PurchaseRequisitionLine_Changes\".\"Attribute\" = 'ApprovalLevel'\n    AND \"PurchaseRequisitionLine_Changes\".\"Time\" IS NOT NULL\n    "
                    }
                ],
                "relationship_transformations": []
            }
        ]
    }
]