[
    {
        "change_date": 1758102868919.0,
        "changed_by": {
            "id": "83864e97-dd17-42f7-92e4-2c1d1b9c029d",
            "name": "Hema priya Sudhakar",
            "type_": "USER"
        },
        "created_by": {
            "id": "2202cbc9-7251-4630-bfb2-36812e688613",
            "name": "l.pigozzi",
            "type_": "USER"
        },
        "creation_date": 1749630876703.0,
        "data_connection_id": "00000000-0000-0000-0000-000000000000",
        "description": "",
        "disabled": null,
        "display_name": "ChangePurchaseDocument transformation - copy - 1",
        "draft": null,
        "factory_id": "2ceb3b14-8aa7-4e9a-b1bf-32eea9c9e670",
        "factory_validation_status": "VALID",
        "has_user_template": null,
        "local_parameters": [],
        "namespace": "custom",
        "target": {
            "entity_ref": {
                "name": "ChangePurchaseDocument",
                "namespace": "custom"
            },
            "kind": "EVENT"
        },
        "transformations": [
            {
                "change_sql_factory_datasets": [],
                "foreign_key_names": [
                    "PurchaseDocument",
                    "PurchaseOrder"
                ],
                "namespace": "custom",
                "property_names": [
                    "ChangedAttribute",
                    "DocumentCategory",
                    "ExecutedBy",
                    "ExecutionType",
                    "ID",
                    "NewValue",
                    "OldValue",
                    "Time"
                ],
                "property_sql_factory_datasets": [
                    {
                        "id": "ChangePurchaseDocumentAttributes",
                        "type_": "SQL_FACTORY_DATA_SET",
                        "complete_overwrite": false,
                        "disabled": false,
                        "materialise_cte": false,
                        "overwrite": null,
                        "sql": "SELECT \n    'ChangePurchaseDocument' || '::' || \"PurchaseDocument_Changes\".\"ID\"  AS \"ID\",\n    \"PurchaseDocument\".\"ID\"                                              AS \"PurchaseDocument\",\n    \"PurchaseDocument\".\"ID\"                                              AS \"PurchaseOrder\",\n    \"PurchaseDocument\".\"DocumentCategory\"                                       AS \"DocumentCategory\",\n    \"PurchaseDocument_Changes\".\"Time\"                                    AS \"Time\",\n    \"PurchaseDocument_Changes\".\"ChangedBy\"                               AS \"ExecutedBy\",\n    \"PurchaseDocument_Changes\".\"Attribute\"                               AS \"ChangedAttribute\",\n    \"PurchaseDocument_Changes\".\"ExecutionType\"                           AS \"ExecutionType\",\n    \"PurchaseDocument_Changes\".\"OldValue\"                                AS \"OldValue\",\n    \"PurchaseDocument_Changes\".\"NewValue\"                                AS \"NewValue\"\nFROM \"o_custom_PurchaseDocument\" AS \"PurchaseDocument\"\n    LEFT JOIN \"c_o_custom_PurchaseDocument\" AS \"PurchaseDocument_Changes\"\n        ON \"PurchaseDocument\".\"ID\" = \"PurchaseDocument_Changes\".\"ObjectID\"\nWHERE \"PurchaseDocument_Changes\".\"Attribute\" IN ('Vendor', 'Currency', 'PaymentTerms', 'ReleaseIndicator')\n    AND \"PurchaseDocument_Changes\".\"Time\" IS NOT NULL\n"
                    }
                ],
                "relationship_transformations": []
            }
        ]
    }
]