[
    {
        "change_date": 1751459738291.0,
        "changed_by": {
            "id": "2202cbc9-7251-4630-bfb2-36812e688613",
            "name": "l.pigozzi",
            "type_": "USER"
        },
        "created_by": {
            "id": "2202cbc9-7251-4630-bfb2-36812e688613",
            "name": "l.pigozzi",
            "type_": "USER"
        },
        "creation_date": 1749630896218.0,
        "data_connection_id": "00000000-0000-0000-0000-000000000000",
        "description": "",
        "disabled": null,
        "display_name": "ChangeSalesOrder transformation - copy - 1",
        "draft": null,
        "factory_id": "1ea8ba49-e063-4b28-b9b7-31dc42b7ff81",
        "factory_validation_status": "VALID",
        "has_user_template": null,
        "local_parameters": [],
        "namespace": "custom",
        "target": {
            "entity_ref": {
                "name": "ChangeSalesOrder",
                "namespace": "custom"
            },
            "kind": "EVENT"
        },
        "transformations": [
            {
                "change_sql_factory_datasets": [],
                "foreign_key_names": [
                    "SalesOrder"
                ],
                "namespace": "custom",
                "property_names": [
                    "ChangedAttribute",
                    "ExecutedBy",
                    "ExecutionType",
                    "ID",
                    "NewValue",
                    "OldValue",
                    "Time"
                ],
                "property_sql_factory_datasets": [
                    {
                        "id": "ChangeSalesOrderAttributes",
                        "type_": "SQL_FACTORY_DATA_SET",
                        "complete_overwrite": false,
                        "disabled": false,
                        "materialise_cte": false,
                        "overwrite": null,
                        "sql": "SELECT 'ChangeSalesOrder' || '::' || \"SalesOrder_Changes\".\"ID\" AS \"ID\",\n       \"SalesOrder\".\"ID\"                                      AS \"SalesOrder\",\n       \"SalesOrder_Changes\".\"Time\"                            AS \"Time\",\n       \"SalesOrder_Changes\".\"ChangedBy\"                       AS \"ExecutedBy\",\n       \"SalesOrder_Changes\".\"Attribute\"                       AS \"ChangedAttribute\",\n       \"SalesOrder_Changes\".\"ExecutionType\"                   AS \"ExecutionType\",\n       \"SalesOrder_Changes\".\"OldValue\"                        AS \"OldValue\",\n       \"SalesOrder_Changes\".\"NewValue\"                        AS \"NewValue\"\nFROM \"o_custom_SalesOrder\" AS \"SalesOrder\"\n         LEFT JOIN \"c_o_custom_SalesOrder\" AS \"SalesOrder_Changes\"\n                   ON \"SalesOrder\".\"ID\" = \"SalesOrder_Changes\".\"ObjectID\"\n                       AND \"SalesOrder_Changes\".\"Attribute\" IN\n                           ('FreightTerms', 'PaymentTerms', 'RequestedDeliveryDate')\nWHERE \"SalesOrder_Changes\".\"Time\" IS NOT NULL"
                    }
                ],
                "relationship_transformations": []
            }
        ]
    }
]