[
    {
        "change_date": 1761292082597.0,
        "changed_by": {
            "id": "83864e97-dd17-42f7-92e4-2c1d1b9c029d",
            "name": "Hema priya Sudhakar",
            "type_": "USER"
        },
        "created_by": {
            "id": "2202cbc9-7251-4630-bfb2-36812e688613",
            "name": "l.pigozzi",
            "type_": "USER"
        },
        "creation_date": 1749630893056.0,
        "data_connection_id": "00000000-0000-0000-0000-000000000000",
        "description": "",
        "disabled": null,
        "display_name": "CreatePurchaseScheduleLine transformation - copy - 1",
        "draft": null,
        "factory_id": "923b3050-8209-457a-8f8e-d2e89436aa06",
        "factory_validation_status": "VALID",
        "has_user_template": null,
        "local_parameters": [],
        "namespace": "custom",
        "target": {
            "entity_ref": {
                "name": "CreatePurchaseScheduleLine",
                "namespace": "custom"
            },
            "kind": "EVENT"
        },
        "transformations": [
            {
                "change_sql_factory_datasets": [],
                "foreign_key_names": [
                    "PurchaseDocumentLine",
                    "PurchaseOrderLine",
                    "PurchaseScheduleLine"
                ],
                "namespace": "custom",
                "property_names": [
                    "ExecutedBy",
                    "ExecutionType",
                    "ID",
                    "Time"
                ],
                "property_sql_factory_datasets": [
                    {
                        "id": "CreatePurchaseScheduleLineAttributes",
                        "type_": "SQL_FACTORY_DATA_SET",
                        "complete_overwrite": false,
                        "disabled": false,
                        "materialise_cte": false,
                        "overwrite": null,
                        "sql": "SELECT \n    'CreatePurchaseScheduleLine' || '::' || \"PurchaseScheduleLine\".\"ID\"          AS \"ID\",\n    \"PurchaseScheduleLine\".\"ID\"                                                  AS \"PurchaseScheduleLine\",\n    COALESCE(\"PurchaseScheduleLine\".\"CreationTime\",\n            \"PurchaseScheduleLine_Changes\".\"Time\")                               AS \"Time\",\n    \"PurchaseScheduleLine_Changes\".\"ChangedBy\"                                   AS \"ExecutedBy\",\n    \"PurchaseScheduleLine_Changes\".\"ExecutionType\"                               AS \"ExecutionType\",\n    \"PurchaseScheduleLine\".\"PurchaseDocumentLine_ID\"                             AS \"PurchaseOrderLine\",\n    \"PurchaseScheduleLine\".\"PurchaseDocumentLine_ID\"                             AS \"PurchaseDocumentLine\"\nFROM \"o_custom_PurchaseScheduleLine\" AS \"PurchaseScheduleLine\"\n    LEFT JOIN \"o_custom_PurchaseDocumentLine\" AS \"PurchaseDocumentLine\"\n        ON \"PurchaseScheduleLine\".\"PurchaseDocumentLine_ID\" = \"PurchaseDocumentLine\".\"ID\"\n    LEFT JOIN \"c_o_custom_PurchaseScheduleLine\" AS \"PurchaseScheduleLine_Changes\"\n        ON \"PurchaseScheduleLine_Changes\".\"ObjectID\" = \"PurchaseScheduleLine\".\"ID\"\n            AND \"PurchaseScheduleLine_Changes\".\"Attribute\" = 'CreationTime'\nWHERE (\"PurchaseScheduleLine\".\"CreationTime\" IS NOT NULL \n    OR \"PurchaseScheduleLine_Changes\".\"Time\" IS NOT NULL)"
                    }
                ],
                "relationship_transformations": []
            }
        ]
    }
]