[
    {
        "change_date": 1751279732890.0,
        "changed_by": {
            "id": "4d82ae0d-2047-4c83-ac8c-e2da04a3b5a0",
            "name": "Brave Gujral",
            "type_": "USER"
        },
        "created_by": {
            "id": "bdec2b77-569a-4c86-86a1-73c0f6bbb6c4",
            "name": "Andi",
            "type_": "USER"
        },
        "creation_date": 1749823894299.0,
        "data_connection_id": "00000000-0000-0000-0000-000000000000",
        "description": null,
        "disabled": null,
        "display_name": "ReleaseBlockOnSalesOrder - 1",
        "draft": null,
        "factory_id": "9a39ee0a-39bb-4724-bfcc-cb3f6f5283a1",
        "factory_validation_status": "VALID",
        "has_user_template": null,
        "local_parameters": [],
        "namespace": "custom",
        "target": {
            "entity_ref": {
                "name": "ReleaseBlockOnSalesOrder",
                "namespace": "custom"
            },
            "kind": "EVENT"
        },
        "transformations": [
            {
                "change_sql_factory_datasets": [],
                "foreign_key_names": [
                    "SalesOrder",
                    "SalesOrderBlock"
                ],
                "namespace": "custom",
                "property_names": [
                    "BlockReason",
                    "BlockType",
                    "ExecutedBy",
                    "ExecutionType",
                    "ID",
                    "Time"
                ],
                "property_sql_factory_datasets": [
                    {
                        "id": "ReleaseBlockOnSalesOrderAttributes",
                        "type_": "SQL_FACTORY_DATA_SET",
                        "complete_overwrite": false,
                        "disabled": false,
                        "materialise_cte": false,
                        "overwrite": null,
                        "sql": "SELECT 'ReleaseBlockOnSalesOrder' || '::' || \"SalesOrderBlock\".\"ID\" AS \"ID\",\n       \"SalesOrderBlock\".\"ID\"                                 AS \"SalesOrderBlock\",\n       \"SalesOrder\".\"ID\"                                      AS \"SalesOrder\",\n       \"SalesOrderBlock\".\"ReleaseTime\"                        AS \"Time\",\n       \"SalesOrderBlock\".\"ReleasedBy_ID\"                      AS \"ExecutedBy\",\n       \"SalesOrderBlock\".\"ReleaseExecutionType\"               AS \"ExecutionType\",\n       \"SalesOrderBlock\".\"BlockType\"                          AS \"BlockType\",\n       \"SalesOrderBlock\".\"ReleaseReason\"                      AS \"BlockReason\"\nFROM \"o_custom_SalesOrder\" AS \"SalesOrder\"\n         LEFT JOIN \"o_custom_SalesOrderBlock\" AS \"SalesOrderBlock\"\n                   ON \"SalesOrder\".\"ID\" = \"SalesOrderBlock\".\"SalesOrder_ID\"\nWHERE \"SalesOrderBlock\".\"ReleaseTime\" IS NOT NULL\n"
                    }
                ],
                "relationship_transformations": []
            }
        ]
    }
]