[
    {
        "change_date": 1760095623857.0,
        "changed_by": {
            "id": "83864e97-dd17-42f7-92e4-2c1d1b9c029d",
            "name": "Hema priya Sudhakar",
            "type_": "USER"
        },
        "created_by": {
            "id": "2202cbc9-7251-4630-bfb2-36812e688613",
            "name": "l.pigozzi",
            "type_": "USER"
        },
        "creation_date": 1749630871212.0,
        "data_connection_id": "00000000-0000-0000-0000-000000000000",
        "description": "",
        "disabled": null,
        "display_name": "CancelVendorInvoice transformation - copy - 1",
        "draft": null,
        "factory_id": "44de9ef2-55cf-472b-9952-f10e0ab0037f",
        "factory_validation_status": "VALID",
        "has_user_template": null,
        "local_parameters": [],
        "namespace": "custom",
        "target": {
            "entity_ref": {
                "name": "CancelVendorInvoice",
                "namespace": "custom"
            },
            "kind": "EVENT"
        },
        "transformations": [
            {
                "change_sql_factory_datasets": [],
                "foreign_key_names": [
                    "VendorInvoice"
                ],
                "namespace": "custom",
                "property_names": [
                    "ExecutedBy",
                    "ExecutionType",
                    "ID",
                    "Time"
                ],
                "property_sql_factory_datasets": [
                    {
                        "id": "CancelVendorInvoiceAttributes",
                        "type_": "SQL_FACTORY_DATA_SET",
                        "complete_overwrite": false,
                        "disabled": false,
                        "materialise_cte": false,
                        "overwrite": null,
                        "sql": "SELECT \n    'CancelVendorInvoice' || '::' || \"VendorInvoice_Changes\".\"ID\"       AS \"ID\",\n    \"VendorInvoice\".\"ID\"                                                AS \"VendorInvoice\",\n    \"VendorInvoice_Changes\".\"Time\"                                      AS \"Time\",\n    \"VendorInvoice_Changes\".\"ChangedBy\"                                 AS \"ExecutedBy\",\n    \"VendorInvoice_Changes\".\"ExecutionType\"                             AS \"ExecutionType\"\nFROM \"o_custom_VendorInvoice\" AS \"VendorInvoice\"\n    LEFT JOIN \"c_o_custom_VendorInvoice\" AS \"VendorInvoice_Changes\"\n        ON \"VendorInvoice\".\"ID\" = \"VendorInvoice_Changes\".\"ObjectID\"\nWHERE \"VendorInvoice_Changes\".\"Attribute\" =  'Cancellation'\n    AND \"VendorInvoice_Changes\".\"Time\" IS NOT NULL"
                    }
                ],
                "relationship_transformations": []
            }
        ]
    }
]