[
    {
        "change_date": 1752775989586.0,
        "changed_by": {
            "id": "bdec2b77-569a-4c86-86a1-73c0f6bbb6c4",
            "name": "Andi",
            "type_": "USER"
        },
        "created_by": {
            "id": "bdec2b77-569a-4c86-86a1-73c0f6bbb6c4",
            "name": "Andi",
            "type_": "USER"
        },
        "creation_date": 1749829073202.0,
        "data_connection_id": "00000000-0000-0000-0000-000000000000",
        "description": null,
        "disabled": null,
        "display_name": "SetBlockOnCustomer - 1",
        "draft": null,
        "factory_id": "9c31cc66-291e-4bb0-ae2f-b24576c4cd9d",
        "factory_validation_status": "VALID",
        "has_user_template": null,
        "local_parameters": [],
        "namespace": "custom",
        "target": {
            "entity_ref": {
                "name": "SetBlockOnCustomer",
                "namespace": "custom"
            },
            "kind": "EVENT"
        },
        "transformations": [
            {
                "change_sql_factory_datasets": [],
                "foreign_key_names": [
                    "Customer",
                    "CustomerBlock"
                ],
                "namespace": "custom",
                "property_names": [
                    "BlockReason",
                    "BlockType",
                    "ExecutedBy",
                    "ExecutionType",
                    "ID",
                    "Time"
                ],
                "property_sql_factory_datasets": [
                    {
                        "id": "SetBlockOnSalesOrderAttributes",
                        "type_": "SQL_FACTORY_DATA_SET",
                        "complete_overwrite": false,
                        "disabled": false,
                        "materialise_cte": false,
                        "overwrite": null,
                        "sql": "SELECT 'SetBlockOnCustomer' || '::' || \"CustomerBlock\".\"ID\" AS \"ID\",\n       \"CustomerBlock\".\"ID\"                             AS \"CustomerBlock\",\n       \"Customer\".\"ID\"                                  AS \"Customer\",\n       \"CustomerBlock\".\"CreationTime\"                   AS \"Time\",\n       \"CustomerBlock\".\"BlockedBy_ID\"                   AS \"ExecutedBy\",\n       \"CustomerBlock\".\"BlockExecutionType\"             AS \"ExecutionType\",\n       \"CustomerBlock\".\"BlockType\"                      AS \"BlockType\",\n       \"CustomerBlock\".\"FirstBlockReason\"               AS \"BlockReason\"\nFROM \"o_custom_Customer\" AS \"Customer\"\n         LEFT JOIN \"o_custom_CustomerBlock\" AS \"CustomerBlock\"\n                   ON \"Customer\".\"ID\" = \"CustomerBlock\".\"Customer_ID\"\nWHERE \"CustomerBlock\".\"CreationTime\" IS NOT NULL"
                    }
                ],
                "relationship_transformations": [
                    {
                        "relationship_name": "SalesOrder",
                        "sql_factory_datasets": [
                            {
                                "id": "RelationshipSalesOrder",
                                "type_": "SQL_FACTORY_DATA_SET",
                                "complete_overwrite": false,
                                "disabled": false,
                                "materialise_cte": false,
                                "overwrite": null,
                                "sql": "SELECT\n\t'SetBlockOnCustomer' || '::' || \"CustomerBlock\".\"ID\" AS \"ID\",\n\t\"SalesOrder\".\"ID\" AS \"SalesOrder\"\nFROM \"o_custom_CustomerBlock\" AS \"CustomerBlock\"\n\tLEFT JOIN \"o_custom_SalesOrder\" AS \"SalesOrder\"\n\t    ON \"CustomerBlock\".\"Customer_ID\" = \"SalesOrder\".\"Customer_ID\"\nWHERE \"CustomerBlock\".\"CreationTime\" IS NOT NULL\n    AND \"SalesOrder\".\"ID\" IS NOT NULL\n    -- Only inlcude the event if the block was set after the creation of the sales order\n    -- as blocks that were active on the customer level when the sales order was created\n    -- are typically copied to the sales order.\n    AND \"CustomerBlock\".\"CreationTime\" >= \"SalesOrder\".\"CreationTime\"\n"
                            }
                        ]
                    }
                ]
            }
        ]
    }
]