{
    "base_ref": null,
    "categories": [],
    "change_date": 1740748237361.0,
    "changed_by": {
        "id": "945b3dbd-8a0a-42d4-8c9f-62dd51c531c5",
        "name": "Timmy Smith",
        "type_": "USER"
    },
    "created_by": {
        "id": "2e501ed7-9bdf-4dd6-8328-d853f30e6a1b",
        "name": "c.demosthenous",
        "type_": "USER"
    },
    "creation_date": 1736421001283.0,
    "default_projection": "PurchaseOrderItemActivities",
    "description": null,
    "events": [],
    "id": "328c9c39-4984-4f43-b45e-b8e9fe9e7276",
    "name": "ProcurementExtended",
    "namespace": "custom",
    "objects": [
        {
            "custom_alias": null,
            "default_alias": null,
            "entity_metadata": {
                "name": "AuditEntry",
                "namespace": "custom"
            },
            "name": "AuditEntry",
            "namespace": "custom",
            "origin_ref": {
                "name": "ProcurementExtended",
                "namespace": "custom"
            },
            "relationships": [
                {
                    "name": "RfxDocument",
                    "namespace": "custom",
                    "origin_ref": {
                        "name": "ProcurementExtended",
                        "namespace": "custom"
                    },
                    "strategy": "LINK"
                }
            ]
        },
        {
            "custom_alias": null,
            "default_alias": null,
            "entity_metadata": {
                "name": "Bid",
                "namespace": "custom"
            },
            "name": "Bid",
            "namespace": "custom",
            "origin_ref": {
                "name": "ProcurementExtended",
                "namespace": "custom"
            },
            "relationships": [
                {
                    "name": "RfxDocument",
                    "namespace": "custom",
                    "origin_ref": {
                        "name": "ProcurementExtended",
                        "namespace": "custom"
                    },
                    "strategy": "LINK"
                }
            ]
        },
        {
            "custom_alias": null,
            "default_alias": null,
            "entity_metadata": {
                "name": "Contract",
                "namespace": "celonis"
            },
            "name": "Contract",
            "namespace": "celonis",
            "origin_ref": {
                "name": "ProcurementExtended",
                "namespace": "custom"
            },
            "relationships": [
                {
                    "name": "ContractWorkspace",
                    "namespace": "custom",
                    "origin_ref": {
                        "name": "ProcurementExtended",
                        "namespace": "custom"
                    },
                    "strategy": "LINK"
                },
                {
                    "name": "OperationalContract",
                    "namespace": "custom",
                    "origin_ref": {
                        "name": "ProcurementExtended",
                        "namespace": "custom"
                    },
                    "strategy": "LINK"
                },
                {
                    "name": "Vendor",
                    "namespace": "celonis",
                    "origin_ref": {
                        "name": "ProcurementExtended",
                        "namespace": "custom"
                    },
                    "strategy": "EMBED"
                },
                {
                    "name": "VendorMasterCompanyCode",
                    "namespace": "celonis",
                    "origin_ref": {
                        "name": "ProcurementExtended",
                        "namespace": "custom"
                    },
                    "strategy": "EMBED"
                }
            ]
        },
        {
            "custom_alias": null,
            "default_alias": null,
            "entity_metadata": {
                "name": "ContractItem",
                "namespace": "celonis"
            },
            "name": "ContractItem",
            "namespace": "celonis",
            "origin_ref": {
                "name": "ProcurementExtended",
                "namespace": "custom"
            },
            "relationships": [
                {
                    "name": "Header",
                    "namespace": "celonis",
                    "origin_ref": {
                        "name": "ProcurementExtended",
                        "namespace": "custom"
                    },
                    "strategy": "LINK"
                },
                {
                    "name": "Material",
                    "namespace": "celonis",
                    "origin_ref": {
                        "name": "ProcurementExtended",
                        "namespace": "custom"
                    },
                    "strategy": "EMBED"
                },
                {
                    "name": "Plant",
                    "namespace": "celonis",
                    "origin_ref": {
                        "name": "ProcurementExtended",
                        "namespace": "custom"
                    },
                    "strategy": "EMBED"
                }
            ]
        },
        {
            "custom_alias": null,
            "default_alias": null,
            "entity_metadata": {
                "name": "ContractWorkspace",
                "namespace": "custom"
            },
            "name": "ContractWorkspace",
            "namespace": "custom",
            "origin_ref": {
                "name": "ProcurementExtended",
                "namespace": "custom"
            },
            "relationships": [
                {
                    "name": "Contract",
                    "namespace": "custom",
                    "origin_ref": {
                        "name": "ProcurementExtended",
                        "namespace": "custom"
                    },
                    "strategy": "LINK"
                },
                {
                    "name": "RelationshipSourcing",
                    "namespace": "custom",
                    "origin_ref": {
                        "name": "ProcurementExtended",
                        "namespace": "custom"
                    },
                    "strategy": "LINK"
                }
            ]
        },
        {
            "custom_alias": null,
            "default_alias": null,
            "entity_metadata": {
                "name": "CurrencyConversion",
                "namespace": "celonis"
            },
            "name": "CurrencyConversion",
            "namespace": "celonis",
            "origin_ref": {
                "name": "ProcurementExtended",
                "namespace": "custom"
            },
            "relationships": []
        },
        {
            "custom_alias": null,
            "default_alias": null,
            "entity_metadata": {
                "name": "IncomingMaterialDocumentItem",
                "namespace": "celonis"
            },
            "name": "IncomingMaterialDocumentItem",
            "namespace": "celonis",
            "origin_ref": {
                "name": "ProcurementExtended",
                "namespace": "custom"
            },
            "relationships": []
        },
        {
            "custom_alias": null,
            "default_alias": null,
            "entity_metadata": {
                "name": "MaterialMasterPlant",
                "namespace": "celonis"
            },
            "name": "MaterialMasterPlant",
            "namespace": "celonis",
            "origin_ref": {
                "name": "ProcurementExtended",
                "namespace": "custom"
            },
            "relationships": []
        },
        {
            "custom_alias": null,
            "default_alias": null,
            "entity_metadata": {
                "name": "OperationalContract",
                "namespace": "custom"
            },
            "name": "OperationalContract",
            "namespace": "custom",
            "origin_ref": {
                "name": "ProcurementExtended",
                "namespace": "custom"
            },
            "relationships": [
                {
                    "name": "Contract",
                    "namespace": "custom",
                    "origin_ref": {
                        "name": "ProcurementExtended",
                        "namespace": "custom"
                    },
                    "strategy": "LINK"
                },
                {
                    "name": "OperationalContractHistory",
                    "namespace": "custom",
                    "origin_ref": {
                        "name": "ProcurementExtended",
                        "namespace": "custom"
                    },
                    "strategy": "LINK"
                }
            ]
        },
        {
            "custom_alias": null,
            "default_alias": null,
            "entity_metadata": {
                "name": "OperationalContractHistory",
                "namespace": "custom"
            },
            "name": "OperationalContractHistory",
            "namespace": "custom",
            "origin_ref": {
                "name": "ProcurementExtended",
                "namespace": "custom"
            },
            "relationships": [
                {
                    "name": "OperationalContract",
                    "namespace": "custom",
                    "origin_ref": {
                        "name": "ProcurementExtended",
                        "namespace": "custom"
                    },
                    "strategy": "LINK"
                }
            ]
        },
        {
            "custom_alias": null,
            "default_alias": null,
            "entity_metadata": {
                "name": "OutgoingMaterialDocumentItem",
                "namespace": "celonis"
            },
            "name": "OutgoingMaterialDocumentItem",
            "namespace": "celonis",
            "origin_ref": {
                "name": "ProcurementExtended",
                "namespace": "custom"
            },
            "relationships": [
                {
                    "name": "ReversedIncomingGood",
                    "namespace": "celonis",
                    "origin_ref": {
                        "name": "ProcurementExtended",
                        "namespace": "custom"
                    },
                    "strategy": "LINK"
                }
            ]
        },
        {
            "custom_alias": null,
            "default_alias": null,
            "entity_metadata": {
                "name": "PurchaseOrder",
                "namespace": "celonis"
            },
            "name": "PurchaseOrder",
            "namespace": "celonis",
            "origin_ref": {
                "name": "ProcurementExtended",
                "namespace": "custom"
            },
            "relationships": [
                {
                    "name": "Vendor",
                    "namespace": "celonis",
                    "origin_ref": {
                        "name": "ProcurementExtended",
                        "namespace": "custom"
                    },
                    "strategy": "LINK"
                }
            ]
        },
        {
            "custom_alias": null,
            "default_alias": null,
            "entity_metadata": {
                "name": "PurchaseOrderItem",
                "namespace": "celonis"
            },
            "name": "PurchaseOrderItem",
            "namespace": "celonis",
            "origin_ref": {
                "name": "ProcurementExtended",
                "namespace": "custom"
            },
            "relationships": [
                {
                    "name": "Header",
                    "namespace": "celonis",
                    "origin_ref": {
                        "name": "ProcurementExtended",
                        "namespace": "custom"
                    },
                    "strategy": "LINK"
                },
                {
                    "name": "Material",
                    "namespace": "celonis",
                    "origin_ref": {
                        "name": "ProcurementExtended",
                        "namespace": "custom"
                    },
                    "strategy": "EMBED"
                },
                {
                    "name": "MaterialMasterPlant",
                    "namespace": "celonis",
                    "origin_ref": {
                        "name": "ProcurementExtended",
                        "namespace": "custom"
                    },
                    "strategy": "EMBED"
                },
                {
                    "name": "Plant",
                    "namespace": "celonis",
                    "origin_ref": {
                        "name": "ProcurementExtended",
                        "namespace": "custom"
                    },
                    "strategy": "EMBED"
                },
                {
                    "name": "RecommendedMaterialContractItems",
                    "namespace": "celonis",
                    "origin_ref": {
                        "name": "ProcurementExtended",
                        "namespace": "custom"
                    },
                    "strategy": "EMBED"
                },
                {
                    "name": "RecommendedMaterialContracts",
                    "namespace": "celonis",
                    "origin_ref": {
                        "name": "ProcurementExtended",
                        "namespace": "custom"
                    },
                    "strategy": "EMBED"
                }
            ]
        },
        {
            "custom_alias": null,
            "default_alias": null,
            "entity_metadata": {
                "name": "PurchaseOrderScheduleLine",
                "namespace": "celonis"
            },
            "name": "PurchaseOrderScheduleLine",
            "namespace": "celonis",
            "origin_ref": {
                "name": "ProcurementExtended",
                "namespace": "custom"
            },
            "relationships": [
                {
                    "name": "PurchaseOrderItem",
                    "namespace": "celonis",
                    "origin_ref": {
                        "name": "ProcurementExtended",
                        "namespace": "custom"
                    },
                    "strategy": "LINK"
                }
            ]
        },
        {
            "custom_alias": null,
            "default_alias": null,
            "entity_metadata": {
                "name": "PurchaseRequisitionItem",
                "namespace": "celonis"
            },
            "name": "PurchaseRequisitionItem",
            "namespace": "celonis",
            "origin_ref": {
                "name": "ProcurementExtended",
                "namespace": "custom"
            },
            "relationships": [
                {
                    "name": "Material",
                    "namespace": "celonis",
                    "origin_ref": {
                        "name": "ProcurementExtended",
                        "namespace": "custom"
                    },
                    "strategy": "EMBED"
                },
                {
                    "name": "Plant",
                    "namespace": "celonis",
                    "origin_ref": {
                        "name": "ProcurementExtended",
                        "namespace": "custom"
                    },
                    "strategy": "EMBED"
                },
                {
                    "name": "RequestedBy",
                    "namespace": "custom",
                    "origin_ref": {
                        "name": "ProcurementExtended",
                        "namespace": "custom"
                    },
                    "strategy": "EMBED"
                },
                {
                    "name": "RequisitionItem",
                    "namespace": "custom",
                    "origin_ref": {
                        "name": "ProcurementExtended",
                        "namespace": "custom"
                    },
                    "strategy": "LINK"
                },
                {
                    "name": "Vendor",
                    "namespace": "celonis",
                    "origin_ref": {
                        "name": "ProcurementExtended",
                        "namespace": "custom"
                    },
                    "strategy": "EMBED"
                }
            ]
        },
        {
            "custom_alias": null,
            "default_alias": null,
            "entity_metadata": {
                "name": "RFXItem",
                "namespace": "custom"
            },
            "name": "RFXItem",
            "namespace": "custom",
            "origin_ref": {
                "name": "ProcurementExtended",
                "namespace": "custom"
            },
            "relationships": [
                {
                    "name": "RfxDocument",
                    "namespace": "custom",
                    "origin_ref": {
                        "name": "ProcurementExtended",
                        "namespace": "custom"
                    },
                    "strategy": "LINK"
                },
                {
                    "name": "RfxItemValue",
                    "namespace": "custom",
                    "origin_ref": {
                        "name": "ProcurementExtended",
                        "namespace": "custom"
                    },
                    "strategy": "LINK"
                }
            ]
        },
        {
            "custom_alias": null,
            "default_alias": null,
            "entity_metadata": {
                "name": "RelationshipContractItem",
                "namespace": "celonis"
            },
            "name": "RelationshipContractItem",
            "namespace": "celonis",
            "origin_ref": {
                "name": "ProcurementExtended",
                "namespace": "custom"
            },
            "relationships": [
                {
                    "name": "ContractItem",
                    "namespace": "celonis",
                    "origin_ref": {
                        "name": "ProcurementExtended",
                        "namespace": "custom"
                    },
                    "strategy": "LINK"
                },
                {
                    "name": "PurchaseOrderItem",
                    "namespace": "celonis",
                    "origin_ref": {
                        "name": "ProcurementExtended",
                        "namespace": "custom"
                    },
                    "strategy": "LINK"
                },
                {
                    "name": "PurchaseRequisitionItem",
                    "namespace": "celonis",
                    "origin_ref": {
                        "name": "ProcurementExtended",
                        "namespace": "custom"
                    },
                    "strategy": "LINK"
                }
            ]
        },
        {
            "custom_alias": null,
            "default_alias": null,
            "entity_metadata": {
                "name": "RelationshipSourcing",
                "namespace": "custom"
            },
            "name": "RelationshipSourcing",
            "namespace": "custom",
            "origin_ref": {
                "name": "ProcurementExtended",
                "namespace": "custom"
            },
            "relationships": [
                {
                    "name": "ContractWorkspace",
                    "namespace": "custom",
                    "origin_ref": {
                        "name": "ProcurementExtended",
                        "namespace": "custom"
                    },
                    "strategy": "LINK"
                },
                {
                    "name": "SourcingRequest",
                    "namespace": "custom",
                    "origin_ref": {
                        "name": "ProcurementExtended",
                        "namespace": "custom"
                    },
                    "strategy": "LINK"
                }
            ]
        },
        {
            "custom_alias": null,
            "default_alias": null,
            "entity_metadata": {
                "name": "RelationshipThreeWayMatch",
                "namespace": "celonis"
            },
            "name": "RelationshipThreeWayMatch",
            "namespace": "celonis",
            "origin_ref": {
                "name": "ProcurementExtended",
                "namespace": "custom"
            },
            "relationships": [
                {
                    "name": "IncomingMaterialDocumentItem",
                    "namespace": "celonis",
                    "origin_ref": {
                        "name": "ProcurementExtended",
                        "namespace": "custom"
                    },
                    "strategy": "LINK"
                },
                {
                    "name": "PurchaseOrderItem",
                    "namespace": "celonis",
                    "origin_ref": {
                        "name": "ProcurementExtended",
                        "namespace": "custom"
                    },
                    "strategy": "LINK"
                },
                {
                    "name": "VendorInvoiceItem",
                    "namespace": "celonis",
                    "origin_ref": {
                        "name": "ProcurementExtended",
                        "namespace": "custom"
                    },
                    "strategy": "LINK"
                }
            ]
        },
        {
            "custom_alias": null,
            "default_alias": null,
            "entity_metadata": {
                "name": "Requisition",
                "namespace": "custom"
            },
            "name": "Requisition",
            "namespace": "custom",
            "origin_ref": {
                "name": "ProcurementExtended",
                "namespace": "custom"
            },
            "relationships": [
                {
                    "name": "RequisitionHistory",
                    "namespace": "custom",
                    "origin_ref": {
                        "name": "ProcurementExtended",
                        "namespace": "custom"
                    },
                    "strategy": "LINK"
                },
                {
                    "name": "RequisitionItem",
                    "namespace": "custom",
                    "origin_ref": {
                        "name": "ProcurementExtended",
                        "namespace": "custom"
                    },
                    "strategy": "LINK"
                }
            ]
        },
        {
            "custom_alias": null,
            "default_alias": null,
            "entity_metadata": {
                "name": "RequisitionHistory",
                "namespace": "custom"
            },
            "name": "RequisitionHistory",
            "namespace": "custom",
            "origin_ref": {
                "name": "ProcurementExtended",
                "namespace": "custom"
            },
            "relationships": [
                {
                    "name": "Requisition",
                    "namespace": "custom",
                    "origin_ref": {
                        "name": "ProcurementExtended",
                        "namespace": "custom"
                    },
                    "strategy": "LINK"
                }
            ]
        },
        {
            "custom_alias": null,
            "default_alias": null,
            "entity_metadata": {
                "name": "RequisitionItem",
                "namespace": "custom"
            },
            "name": "RequisitionItem",
            "namespace": "custom",
            "origin_ref": {
                "name": "ProcurementExtended",
                "namespace": "custom"
            },
            "relationships": [
                {
                    "name": "PurchaseRequisitionItem",
                    "namespace": "custom",
                    "origin_ref": {
                        "name": "ProcurementExtended",
                        "namespace": "custom"
                    },
                    "strategy": "LINK"
                },
                {
                    "name": "Requisition",
                    "namespace": "custom",
                    "origin_ref": {
                        "name": "ProcurementExtended",
                        "namespace": "custom"
                    },
                    "strategy": "LINK"
                },
                {
                    "name": "RequisitionItemHistory",
                    "namespace": "custom",
                    "origin_ref": {
                        "name": "ProcurementExtended",
                        "namespace": "custom"
                    },
                    "strategy": "LINK"
                }
            ]
        },
        {
            "custom_alias": null,
            "default_alias": null,
            "entity_metadata": {
                "name": "RequisitionItemHistory",
                "namespace": "custom"
            },
            "name": "RequisitionItemHistory",
            "namespace": "custom",
            "origin_ref": {
                "name": "ProcurementExtended",
                "namespace": "custom"
            },
            "relationships": [
                {
                    "name": "RequisitionItem",
                    "namespace": "custom",
                    "origin_ref": {
                        "name": "ProcurementExtended",
                        "namespace": "custom"
                    },
                    "strategy": "LINK"
                }
            ]
        },
        {
            "custom_alias": null,
            "default_alias": null,
            "entity_metadata": {
                "name": "RfxDocument",
                "namespace": "custom"
            },
            "name": "RfxDocument",
            "namespace": "custom",
            "origin_ref": {
                "name": "ProcurementExtended",
                "namespace": "custom"
            },
            "relationships": [
                {
                    "name": "AuditEntry",
                    "namespace": "custom",
                    "origin_ref": {
                        "name": "ProcurementExtended",
                        "namespace": "custom"
                    },
                    "strategy": "LINK"
                },
                {
                    "name": "Bid",
                    "namespace": "custom",
                    "origin_ref": {
                        "name": "ProcurementExtended",
                        "namespace": "custom"
                    },
                    "strategy": "LINK"
                },
                {
                    "name": "SourcingScenario",
                    "namespace": "custom",
                    "origin_ref": {
                        "name": "ProcurementExtended",
                        "namespace": "custom"
                    },
                    "strategy": "LINK"
                }
            ]
        },
        {
            "custom_alias": null,
            "default_alias": null,
            "entity_metadata": {
                "name": "RfxItemValue",
                "namespace": "custom"
            },
            "name": "RfxItemValue",
            "namespace": "custom",
            "origin_ref": {
                "name": "ProcurementExtended",
                "namespace": "custom"
            },
            "relationships": [
                {
                    "name": "RfxDocumentItem",
                    "namespace": "custom",
                    "origin_ref": {
                        "name": "ProcurementExtended",
                        "namespace": "custom"
                    },
                    "strategy": "LINK"
                }
            ]
        },
        {
            "custom_alias": null,
            "default_alias": null,
            "entity_metadata": {
                "name": "SourcingRequest",
                "namespace": "custom"
            },
            "name": "SourcingRequest",
            "namespace": "custom",
            "origin_ref": {
                "name": "ProcurementExtended",
                "namespace": "custom"
            },
            "relationships": [
                {
                    "name": "RelationshipSourcing",
                    "namespace": "custom",
                    "origin_ref": {
                        "name": "ProcurementExtended",
                        "namespace": "custom"
                    },
                    "strategy": "LINK"
                }
            ]
        },
        {
            "custom_alias": null,
            "default_alias": null,
            "entity_metadata": {
                "name": "SourcingScenario",
                "namespace": "custom"
            },
            "name": "SourcingScenario",
            "namespace": "custom",
            "origin_ref": {
                "name": "ProcurementExtended",
                "namespace": "custom"
            },
            "relationships": [
                {
                    "name": "RfxDocument",
                    "namespace": "custom",
                    "origin_ref": {
                        "name": "ProcurementExtended",
                        "namespace": "custom"
                    },
                    "strategy": "LINK"
                }
            ]
        },
        {
            "custom_alias": null,
            "default_alias": null,
            "entity_metadata": {
                "name": "Sourcingproject",
                "namespace": "custom"
            },
            "name": "Sourcingproject",
            "namespace": "custom",
            "origin_ref": {
                "name": "ProcurementExtended",
                "namespace": "custom"
            },
            "relationships": [
                {
                    "name": "RelationshipSourcing",
                    "namespace": "custom",
                    "origin_ref": {
                        "name": "ProcurementExtended",
                        "namespace": "custom"
                    },
                    "strategy": "LINK"
                },
                {
                    "name": "RfxDocument",
                    "namespace": "custom",
                    "origin_ref": {
                        "name": "ProcurementExtended",
                        "namespace": "custom"
                    },
                    "strategy": "LINK"
                }
            ]
        },
        {
            "custom_alias": null,
            "default_alias": null,
            "entity_metadata": {
                "name": "Task",
                "namespace": "custom"
            },
            "name": "Task",
            "namespace": "custom",
            "origin_ref": {
                "name": "ProcurementExtended",
                "namespace": "custom"
            },
            "relationships": []
        },
        {
            "custom_alias": null,
            "default_alias": null,
            "entity_metadata": {
                "name": "User",
                "namespace": "celonis"
            },
            "name": "User",
            "namespace": "celonis",
            "origin_ref": {
                "name": "ProcurementExtended",
                "namespace": "custom"
            },
            "relationships": []
        },
        {
            "custom_alias": null,
            "default_alias": null,
            "entity_metadata": {
                "name": "Vendor",
                "namespace": "celonis"
            },
            "name": "Vendor",
            "namespace": "celonis",
            "origin_ref": {
                "name": "ProcurementExtended",
                "namespace": "custom"
            },
            "relationships": []
        },
        {
            "custom_alias": null,
            "default_alias": null,
            "entity_metadata": {
                "name": "VendorAccountClearingAssignment",
                "namespace": "celonis"
            },
            "name": "VendorAccountClearingAssignment",
            "namespace": "celonis",
            "origin_ref": {
                "name": "ProcurementExtended",
                "namespace": "custom"
            },
            "relationships": [
                {
                    "name": "CreatedBy",
                    "namespace": "celonis",
                    "origin_ref": {
                        "name": "ProcurementExtended",
                        "namespace": "custom"
                    },
                    "strategy": "EMBED"
                },
                {
                    "name": "VendorAccountCreditItems",
                    "namespace": "celonis",
                    "origin_ref": {
                        "name": "ProcurementExtended",
                        "namespace": "custom"
                    },
                    "strategy": "LINK"
                },
                {
                    "name": "VendorAccountDebitItems",
                    "namespace": "celonis",
                    "origin_ref": {
                        "name": "ProcurementExtended",
                        "namespace": "custom"
                    },
                    "strategy": "LINK"
                }
            ]
        },
        {
            "custom_alias": null,
            "default_alias": null,
            "entity_metadata": {
                "name": "VendorAccountCreditItem",
                "namespace": "celonis"
            },
            "name": "VendorAccountCreditItem",
            "namespace": "celonis",
            "origin_ref": {
                "name": "ProcurementExtended",
                "namespace": "custom"
            },
            "relationships": [
                {
                    "name": "CreatedBy",
                    "namespace": "celonis",
                    "origin_ref": {
                        "name": "ProcurementExtended",
                        "namespace": "custom"
                    },
                    "strategy": "EMBED"
                },
                {
                    "name": "Vendor",
                    "namespace": "celonis",
                    "origin_ref": {
                        "name": "ProcurementExtended",
                        "namespace": "custom"
                    },
                    "strategy": "EMBED"
                },
                {
                    "name": "VendorInvoice",
                    "namespace": "celonis",
                    "origin_ref": {
                        "name": "ProcurementExtended",
                        "namespace": "custom"
                    },
                    "strategy": "LINK"
                },
                {
                    "name": "VendorMasterCompanyCode",
                    "namespace": "celonis",
                    "origin_ref": {
                        "name": "ProcurementExtended",
                        "namespace": "custom"
                    },
                    "strategy": "EMBED"
                }
            ]
        },
        {
            "custom_alias": null,
            "default_alias": null,
            "entity_metadata": {
                "name": "VendorAccountCreditItemBlock",
                "namespace": "celonis"
            },
            "name": "VendorAccountCreditItemBlock",
            "namespace": "celonis",
            "origin_ref": {
                "name": "ProcurementExtended",
                "namespace": "custom"
            },
            "relationships": [
                {
                    "name": "VendorAccountCreditItem",
                    "namespace": "celonis",
                    "origin_ref": {
                        "name": "ProcurementExtended",
                        "namespace": "custom"
                    },
                    "strategy": "LINK"
                }
            ]
        },
        {
            "custom_alias": null,
            "default_alias": null,
            "entity_metadata": {
                "name": "VendorAccountDebitItem",
                "namespace": "celonis"
            },
            "name": "VendorAccountDebitItem",
            "namespace": "celonis",
            "origin_ref": {
                "name": "ProcurementExtended",
                "namespace": "custom"
            },
            "relationships": [
                {
                    "name": "CreatedBy",
                    "namespace": "celonis",
                    "origin_ref": {
                        "name": "ProcurementExtended",
                        "namespace": "custom"
                    },
                    "strategy": "EMBED"
                },
                {
                    "name": "Vendor",
                    "namespace": "celonis",
                    "origin_ref": {
                        "name": "ProcurementExtended",
                        "namespace": "custom"
                    },
                    "strategy": "EMBED"
                },
                {
                    "name": "VendorMasterCompanyCode",
                    "namespace": "celonis",
                    "origin_ref": {
                        "name": "ProcurementExtended",
                        "namespace": "custom"
                    },
                    "strategy": "EMBED"
                }
            ]
        },
        {
            "custom_alias": null,
            "default_alias": null,
            "entity_metadata": {
                "name": "VendorConfirmation",
                "namespace": "celonis"
            },
            "name": "VendorConfirmation",
            "namespace": "celonis",
            "origin_ref": {
                "name": "ProcurementExtended",
                "namespace": "custom"
            },
            "relationships": [
                {
                    "name": "PurchaseOrderItem",
                    "namespace": "celonis",
                    "origin_ref": {
                        "name": "ProcurementExtended",
                        "namespace": "custom"
                    },
                    "strategy": "LINK"
                }
            ]
        },
        {
            "custom_alias": null,
            "default_alias": null,
            "entity_metadata": {
                "name": "VendorInvoice",
                "namespace": "celonis"
            },
            "name": "VendorInvoice",
            "namespace": "celonis",
            "origin_ref": {
                "name": "ProcurementExtended",
                "namespace": "custom"
            },
            "relationships": []
        },
        {
            "custom_alias": null,
            "default_alias": null,
            "entity_metadata": {
                "name": "VendorInvoiceCancellationItem",
                "namespace": "celonis"
            },
            "name": "VendorInvoiceCancellationItem",
            "namespace": "celonis",
            "origin_ref": {
                "name": "ProcurementExtended",
                "namespace": "custom"
            },
            "relationships": [
                {
                    "name": "VendorInvoiceItem",
                    "namespace": "celonis",
                    "origin_ref": {
                        "name": "ProcurementExtended",
                        "namespace": "custom"
                    },
                    "strategy": "LINK"
                }
            ]
        },
        {
            "custom_alias": null,
            "default_alias": null,
            "entity_metadata": {
                "name": "VendorInvoiceItem",
                "namespace": "celonis"
            },
            "name": "VendorInvoiceItem",
            "namespace": "celonis",
            "origin_ref": {
                "name": "ProcurementExtended",
                "namespace": "custom"
            },
            "relationships": [
                {
                    "name": "CreatedBy",
                    "namespace": "celonis",
                    "origin_ref": {
                        "name": "ProcurementExtended",
                        "namespace": "custom"
                    },
                    "strategy": "EMBED"
                },
                {
                    "name": "Header",
                    "namespace": "celonis",
                    "origin_ref": {
                        "name": "ProcurementExtended",
                        "namespace": "custom"
                    },
                    "strategy": "LINK"
                },
                {
                    "name": "VendorInvoiceCancellationItem",
                    "namespace": "celonis",
                    "origin_ref": {
                        "name": "ProcurementExtended",
                        "namespace": "custom"
                    },
                    "strategy": "LINK"
                }
            ]
        }
    ],
    "projections": [
        {
            "event_list": [],
            "events": [
                {
                    "name": "AddResponseTeamMember",
                    "namespace": "custom"
                },
                {
                    "name": "ApproveOperationalContract",
                    "namespace": "custom"
                },
                {
                    "name": "ApproveOrder",
                    "namespace": "custom"
                },
                {
                    "name": "ApprovePurchaseOrder",
                    "namespace": "celonis"
                },
                {
                    "name": "ApproveRequisition",
                    "namespace": "custom"
                },
                {
                    "name": "ArchivedSourcingEvent",
                    "namespace": "custom"
                },
                {
                    "name": "BeginTaskContractWorkspace",
                    "namespace": "custom"
                },
                {
                    "name": "BeginTaskSourcingProject",
                    "namespace": "custom"
                },
                {
                    "name": "BeginTaskSourcingRequest",
                    "namespace": "custom"
                },
                {
                    "name": "BiddingEnds",
                    "namespace": "custom"
                },
                {
                    "name": "BidIsDeleted",
                    "namespace": "custom"
                },
                {
                    "name": "BidIsRejected",
                    "namespace": "custom"
                },
                {
                    "name": "BidIsSubmitted",
                    "namespace": "custom"
                },
                {
                    "name": "BlockPurchaseOrderItem",
                    "namespace": "celonis"
                },
                {
                    "name": "CancelledSourcingEvent",
                    "namespace": "custom"
                },
                {
                    "name": "CancelVendorAccountCreditItem",
                    "namespace": "celonis"
                },
                {
                    "name": "CancelVendorInvoiceItem",
                    "namespace": "celonis"
                },
                {
                    "name": "ChangeContract",
                    "namespace": "celonis"
                },
                {
                    "name": "ChangeContractItem",
                    "namespace": "celonis"
                },
                {
                    "name": "ChangePurchaseOrder",
                    "namespace": "celonis"
                },
                {
                    "name": "ChangePurchaseOrderItem",
                    "namespace": "celonis"
                },
                {
                    "name": "ChangePurchaseOrderScheduleLine",
                    "namespace": "celonis"
                },
                {
                    "name": "ChangePurchaseRequisitionItem",
                    "namespace": "celonis"
                },
                {
                    "name": "ChangeRFXBid",
                    "namespace": "custom"
                },
                {
                    "name": "ChangeVendorAccountCreditItem",
                    "namespace": "celonis"
                },
                {
                    "name": "ChangeVendorAccountCreditItemBlock",
                    "namespace": "celonis"
                },
                {
                    "name": "ChangeVendorConfirmation",
                    "namespace": "celonis"
                },
                {
                    "name": "ChangeVendorInvoice",
                    "namespace": "celonis"
                },
                {
                    "name": "ClearVendorAccountItem",
                    "namespace": "celonis"
                },
                {
                    "name": "CloseSourcingEvent",
                    "namespace": "custom"
                },
                {
                    "name": "CreateContractHeader",
                    "namespace": "celonis"
                },
                {
                    "name": "CreateContractItem",
                    "namespace": "celonis"
                },
                {
                    "name": "CreateContractWorkspace",
                    "namespace": "custom"
                },
                {
                    "name": "CreateOrder",
                    "namespace": "custom"
                },
                {
                    "name": "CreateOrderVersion",
                    "namespace": "custom"
                },
                {
                    "name": "CreatePurchaseOrderHeader",
                    "namespace": "celonis"
                },
                {
                    "name": "CreatePurchaseOrderItem",
                    "namespace": "celonis"
                },
                {
                    "name": "CreatePurchaseOrderScheduleLine",
                    "namespace": "celonis"
                },
                {
                    "name": "CreatePurchaseRequisitionItem",
                    "namespace": "celonis"
                },
                {
                    "name": "CreateRequisition",
                    "namespace": "custom"
                },
                {
                    "name": "CreateRFXBid",
                    "namespace": "custom"
                },
                {
                    "name": "CreateRFXItemLine",
                    "namespace": "custom"
                },
                {
                    "name": "CreateScenario",
                    "namespace": "custom"
                },
                {
                    "name": "CreateSourcingEvent",
                    "namespace": "custom"
                },
                {
                    "name": "CreateSourcingProject",
                    "namespace": "custom"
                },
                {
                    "name": "CreateSourcingRequest",
                    "namespace": "custom"
                },
                {
                    "name": "CreateVendorInvoice",
                    "namespace": "celonis"
                },
                {
                    "name": "DeclineBidderAgreement",
                    "namespace": "custom"
                },
                {
                    "name": "DeclineToRespond",
                    "namespace": "custom"
                },
                {
                    "name": "DeleteContract",
                    "namespace": "celonis"
                },
                {
                    "name": "DeleteContractItem",
                    "namespace": "celonis"
                },
                {
                    "name": "DeletePurchaseOrder",
                    "namespace": "celonis"
                },
                {
                    "name": "DeletePurchaseOrderItem",
                    "namespace": "celonis"
                },
                {
                    "name": "DeletePurchaseOrderScheduleLine",
                    "namespace": "celonis"
                },
                {
                    "name": "DeletePurchaseRequisitionItem",
                    "namespace": "celonis"
                },
                {
                    "name": "EndSourcingProject",
                    "namespace": "custom"
                },
                {
                    "name": "EndTaskContractWorkspace",
                    "namespace": "custom"
                },
                {
                    "name": "EndTaskSourcingProject",
                    "namespace": "custom"
                },
                {
                    "name": "EndTaskSourcingRequest",
                    "namespace": "custom"
                },
                {
                    "name": "EventCancelled",
                    "namespace": "custom"
                },
                {
                    "name": "EventClosingTimeExtendedReduced",
                    "namespace": "custom"
                },
                {
                    "name": "EventEditedAndRepublished",
                    "namespace": "custom"
                },
                {
                    "name": "EventMovesToOpenState",
                    "namespace": "custom"
                },
                {
                    "name": "EventPaused",
                    "namespace": "custom"
                },
                {
                    "name": "EventReopened",
                    "namespace": "custom"
                },
                {
                    "name": "EventResumed",
                    "namespace": "custom"
                },
                {
                    "name": "LockParticipant",
                    "namespace": "custom"
                },
                {
                    "name": "MessageCreatedByAUser",
                    "namespace": "custom"
                },
                {
                    "name": "MessageRepliedToByAUser",
                    "namespace": "custom"
                },
                {
                    "name": "OrderRequisition",
                    "namespace": "custom"
                },
                {
                    "name": "PostGoodsReceipt",
                    "namespace": "celonis"
                },
                {
                    "name": "PostGoodsReceiptAgainstReversal",
                    "namespace": "celonis"
                },
                {
                    "name": "PostVendorAccountCreditItem",
                    "namespace": "celonis"
                },
                {
                    "name": "PostVendorAccountDebitItem",
                    "namespace": "celonis"
                },
                {
                    "name": "PublishEventInvitationForParticipants",
                    "namespace": "custom"
                },
                {
                    "name": "ReceiveAdvancedShipmentNotice",
                    "namespace": "celonis"
                },
                {
                    "name": "ReceivePurchaseOrderConfirmation",
                    "namespace": "celonis"
                },
                {
                    "name": "ReleasePaymentBlock",
                    "namespace": "celonis"
                },
                {
                    "name": "RestoreContract",
                    "namespace": "celonis"
                },
                {
                    "name": "RestoreContractItem",
                    "namespace": "celonis"
                },
                {
                    "name": "RestorePurchaseOrder",
                    "namespace": "celonis"
                },
                {
                    "name": "RestorePurchaseOrderItem",
                    "namespace": "celonis"
                },
                {
                    "name": "RestorePurchaseRequisitionItem",
                    "namespace": "celonis"
                },
                {
                    "name": "ResubmitOrder",
                    "namespace": "custom"
                },
                {
                    "name": "ResubmitRequisition",
                    "namespace": "custom"
                },
                {
                    "name": "ReverseGoodsReceipt",
                    "namespace": "celonis"
                },
                {
                    "name": "ReverseVendorAccountDebitItem",
                    "namespace": "celonis"
                },
                {
                    "name": "RFXBidRejected",
                    "namespace": "custom"
                },
                {
                    "name": "ScenarioAwardedSourcingEvent",
                    "namespace": "custom"
                },
                {
                    "name": "SendOrder",
                    "namespace": "custom"
                },
                {
                    "name": "SendPurchaseOrder",
                    "namespace": "celonis"
                },
                {
                    "name": "SendPurchaseOrderOverdueNotice",
                    "namespace": "celonis"
                },
                {
                    "name": "SendPurchaseOrderUpdate",
                    "namespace": "celonis"
                },
                {
                    "name": "SetConfirmedPOItemDeliveryDate",
                    "namespace": "celonis"
                },
                {
                    "name": "SetPaymentBlock",
                    "namespace": "celonis"
                },
                {
                    "name": "SetRequestedPOItemDeliveryDate",
                    "namespace": "celonis"
                },
                {
                    "name": "SubmitOperationalContract",
                    "namespace": "custom"
                },
                {
                    "name": "SubmitOrder",
                    "namespace": "custom"
                },
                {
                    "name": "SubmitRequisition",
                    "namespace": "custom"
                },
                {
                    "name": "UnlockParticipant",
                    "namespace": "custom"
                },
                {
                    "name": "UpdateOperationalContract",
                    "namespace": "custom"
                },
                {
                    "name": "UpdateRequisition",
                    "namespace": "custom"
                },
                {
                    "name": "UpdateSourcingProject",
                    "namespace": "custom"
                },
                {
                    "name": "UpdateSourcingRequest",
                    "namespace": "custom"
                }
            ],
            "lead_object": {
                "name": "Contract",
                "namespace": "celonis"
            },
            "name": "ContractAll",
            "origin_ref": {
                "name": "ProcurementExtended",
                "namespace": "custom"
            }
        },
        {
            "event_list": [],
            "events": [
                {
                    "name": "AddResponseTeamMember",
                    "namespace": "custom"
                },
                {
                    "name": "ApproveOperationalContract",
                    "namespace": "custom"
                },
                {
                    "name": "ApproveOrder",
                    "namespace": "custom"
                },
                {
                    "name": "ApprovePurchaseOrder",
                    "namespace": "celonis"
                },
                {
                    "name": "ApproveRequisition",
                    "namespace": "custom"
                },
                {
                    "name": "ArchivedSourcingEvent",
                    "namespace": "custom"
                },
                {
                    "name": "BeginTaskContractWorkspace",
                    "namespace": "custom"
                },
                {
                    "name": "BeginTaskSourcingProject",
                    "namespace": "custom"
                },
                {
                    "name": "BeginTaskSourcingRequest",
                    "namespace": "custom"
                },
                {
                    "name": "BiddingEnds",
                    "namespace": "custom"
                },
                {
                    "name": "BidIsDeleted",
                    "namespace": "custom"
                },
                {
                    "name": "BidIsRejected",
                    "namespace": "custom"
                },
                {
                    "name": "BidIsSubmitted",
                    "namespace": "custom"
                },
                {
                    "name": "BlockPurchaseOrderItem",
                    "namespace": "celonis"
                },
                {
                    "name": "CancelledSourcingEvent",
                    "namespace": "custom"
                },
                {
                    "name": "CancelVendorAccountCreditItem",
                    "namespace": "celonis"
                },
                {
                    "name": "CancelVendorInvoiceItem",
                    "namespace": "celonis"
                },
                {
                    "name": "ChangeContract",
                    "namespace": "celonis"
                },
                {
                    "name": "ChangeContractItem",
                    "namespace": "celonis"
                },
                {
                    "name": "ChangePurchaseOrder",
                    "namespace": "celonis"
                },
                {
                    "name": "ChangePurchaseOrderItem",
                    "namespace": "celonis"
                },
                {
                    "name": "ChangePurchaseOrderScheduleLine",
                    "namespace": "celonis"
                },
                {
                    "name": "ChangePurchaseRequisitionItem",
                    "namespace": "celonis"
                },
                {
                    "name": "ChangeRFXBid",
                    "namespace": "custom"
                },
                {
                    "name": "ChangeVendorAccountCreditItem",
                    "namespace": "celonis"
                },
                {
                    "name": "ChangeVendorAccountCreditItemBlock",
                    "namespace": "celonis"
                },
                {
                    "name": "ChangeVendorConfirmation",
                    "namespace": "celonis"
                },
                {
                    "name": "ChangeVendorInvoice",
                    "namespace": "celonis"
                },
                {
                    "name": "ClearVendorAccountItem",
                    "namespace": "celonis"
                },
                {
                    "name": "CloseSourcingEvent",
                    "namespace": "custom"
                },
                {
                    "name": "CreateContractHeader",
                    "namespace": "celonis"
                },
                {
                    "name": "CreateContractItem",
                    "namespace": "celonis"
                },
                {
                    "name": "CreateContractWorkspace",
                    "namespace": "custom"
                },
                {
                    "name": "CreateOrder",
                    "namespace": "custom"
                },
                {
                    "name": "CreateOrderVersion",
                    "namespace": "custom"
                },
                {
                    "name": "CreatePurchaseOrderHeader",
                    "namespace": "celonis"
                },
                {
                    "name": "CreatePurchaseOrderItem",
                    "namespace": "celonis"
                },
                {
                    "name": "CreatePurchaseOrderScheduleLine",
                    "namespace": "celonis"
                },
                {
                    "name": "CreatePurchaseRequisitionItem",
                    "namespace": "celonis"
                },
                {
                    "name": "CreateRequisition",
                    "namespace": "custom"
                },
                {
                    "name": "CreateRFXBid",
                    "namespace": "custom"
                },
                {
                    "name": "CreateRFXItemLine",
                    "namespace": "custom"
                },
                {
                    "name": "CreateScenario",
                    "namespace": "custom"
                },
                {
                    "name": "CreateSourcingEvent",
                    "namespace": "custom"
                },
                {
                    "name": "CreateSourcingProject",
                    "namespace": "custom"
                },
                {
                    "name": "CreateSourcingRequest",
                    "namespace": "custom"
                },
                {
                    "name": "CreateVendorInvoice",
                    "namespace": "celonis"
                },
                {
                    "name": "DeclineBidderAgreement",
                    "namespace": "custom"
                },
                {
                    "name": "DeclineToRespond",
                    "namespace": "custom"
                },
                {
                    "name": "DeleteContract",
                    "namespace": "celonis"
                },
                {
                    "name": "DeleteContractItem",
                    "namespace": "celonis"
                },
                {
                    "name": "DeletePurchaseOrder",
                    "namespace": "celonis"
                },
                {
                    "name": "DeletePurchaseOrderItem",
                    "namespace": "celonis"
                },
                {
                    "name": "DeletePurchaseOrderScheduleLine",
                    "namespace": "celonis"
                },
                {
                    "name": "DeletePurchaseRequisitionItem",
                    "namespace": "celonis"
                },
                {
                    "name": "EndSourcingProject",
                    "namespace": "custom"
                },
                {
                    "name": "EndTaskContractWorkspace",
                    "namespace": "custom"
                },
                {
                    "name": "EndTaskSourcingProject",
                    "namespace": "custom"
                },
                {
                    "name": "EndTaskSourcingRequest",
                    "namespace": "custom"
                },
                {
                    "name": "EventCancelled",
                    "namespace": "custom"
                },
                {
                    "name": "EventClosingTimeExtendedReduced",
                    "namespace": "custom"
                },
                {
                    "name": "EventEditedAndRepublished",
                    "namespace": "custom"
                },
                {
                    "name": "EventMovesToOpenState",
                    "namespace": "custom"
                },
                {
                    "name": "EventPaused",
                    "namespace": "custom"
                },
                {
                    "name": "EventReopened",
                    "namespace": "custom"
                },
                {
                    "name": "EventResumed",
                    "namespace": "custom"
                },
                {
                    "name": "LockParticipant",
                    "namespace": "custom"
                },
                {
                    "name": "MessageCreatedByAUser",
                    "namespace": "custom"
                },
                {
                    "name": "MessageRepliedToByAUser",
                    "namespace": "custom"
                },
                {
                    "name": "OrderRequisition",
                    "namespace": "custom"
                },
                {
                    "name": "PostGoodsReceipt",
                    "namespace": "celonis"
                },
                {
                    "name": "PostGoodsReceiptAgainstReversal",
                    "namespace": "celonis"
                },
                {
                    "name": "PostVendorAccountCreditItem",
                    "namespace": "celonis"
                },
                {
                    "name": "PostVendorAccountDebitItem",
                    "namespace": "celonis"
                },
                {
                    "name": "PublishEventInvitationForParticipants",
                    "namespace": "custom"
                },
                {
                    "name": "ReceiveAdvancedShipmentNotice",
                    "namespace": "celonis"
                },
                {
                    "name": "ReceivePurchaseOrderConfirmation",
                    "namespace": "celonis"
                },
                {
                    "name": "ReleasePaymentBlock",
                    "namespace": "celonis"
                },
                {
                    "name": "RestoreContract",
                    "namespace": "celonis"
                },
                {
                    "name": "RestoreContractItem",
                    "namespace": "celonis"
                },
                {
                    "name": "RestorePurchaseOrder",
                    "namespace": "celonis"
                },
                {
                    "name": "RestorePurchaseOrderItem",
                    "namespace": "celonis"
                },
                {
                    "name": "RestorePurchaseRequisitionItem",
                    "namespace": "celonis"
                },
                {
                    "name": "ResubmitOrder",
                    "namespace": "custom"
                },
                {
                    "name": "ResubmitRequisition",
                    "namespace": "custom"
                },
                {
                    "name": "ReverseGoodsReceipt",
                    "namespace": "celonis"
                },
                {
                    "name": "ReverseVendorAccountDebitItem",
                    "namespace": "celonis"
                },
                {
                    "name": "RFXBidRejected",
                    "namespace": "custom"
                },
                {
                    "name": "ScenarioAwardedSourcingEvent",
                    "namespace": "custom"
                },
                {
                    "name": "SendOrder",
                    "namespace": "custom"
                },
                {
                    "name": "SendPurchaseOrder",
                    "namespace": "celonis"
                },
                {
                    "name": "SendPurchaseOrderOverdueNotice",
                    "namespace": "celonis"
                },
                {
                    "name": "SendPurchaseOrderUpdate",
                    "namespace": "celonis"
                },
                {
                    "name": "SetConfirmedPOItemDeliveryDate",
                    "namespace": "celonis"
                },
                {
                    "name": "SetPaymentBlock",
                    "namespace": "celonis"
                },
                {
                    "name": "SetRequestedPOItemDeliveryDate",
                    "namespace": "celonis"
                },
                {
                    "name": "SubmitOperationalContract",
                    "namespace": "custom"
                },
                {
                    "name": "SubmitOrder",
                    "namespace": "custom"
                },
                {
                    "name": "SubmitRequisition",
                    "namespace": "custom"
                },
                {
                    "name": "UnlockParticipant",
                    "namespace": "custom"
                },
                {
                    "name": "UpdateOperationalContract",
                    "namespace": "custom"
                },
                {
                    "name": "UpdateRequisition",
                    "namespace": "custom"
                },
                {
                    "name": "UpdateSourcingProject",
                    "namespace": "custom"
                },
                {
                    "name": "UpdateSourcingRequest",
                    "namespace": "custom"
                }
            ],
            "lead_object": {
                "name": "PurchaseOrderItem",
                "namespace": "celonis"
            },
            "name": "POItemAll",
            "origin_ref": {
                "name": "ProcurementExtended",
                "namespace": "custom"
            }
        },
        {
            "event_list": [
                {
                    "breakdown_attributes": [
                        {
                            "metadata": {
                                "data_type": "CT_UTF8_STRING",
                                "name": "ChangedAttribute",
                                "namespace": "celonis"
                            }
                        },
                        {
                            "metadata": {
                                "data_type": "CT_UTF8_STRING",
                                "name": "ExecutedBy",
                                "namespace": "celonis"
                            }
                        },
                        {
                            "metadata": {
                                "data_type": "CT_UTF8_STRING",
                                "name": "ExecutionType",
                                "namespace": "celonis"
                            }
                        },
                        {
                            "metadata": {
                                "data_type": "CT_UTF8_STRING",
                                "name": "NewValue",
                                "namespace": "celonis"
                            }
                        },
                        {
                            "metadata": {
                                "data_type": "CT_UTF8_STRING",
                                "name": "OldValue",
                                "namespace": "celonis"
                            }
                        }
                    ],
                    "name": "ChangePurchaseOrder",
                    "namespace": "celonis"
                },
                {
                    "breakdown_attributes": [
                        {
                            "metadata": {
                                "data_type": "CT_UTF8_STRING",
                                "name": "ChangedAttribute",
                                "namespace": "celonis"
                            }
                        },
                        {
                            "metadata": {
                                "data_type": "CT_UTF8_STRING",
                                "name": "ExecutedBy",
                                "namespace": "celonis"
                            }
                        },
                        {
                            "metadata": {
                                "data_type": "CT_UTF8_STRING",
                                "name": "ExecutionType",
                                "namespace": "celonis"
                            }
                        },
                        {
                            "metadata": {
                                "data_type": "CT_UTF8_STRING",
                                "name": "NewValue",
                                "namespace": "celonis"
                            }
                        },
                        {
                            "metadata": {
                                "data_type": "CT_UTF8_STRING",
                                "name": "OldValue",
                                "namespace": "celonis"
                            }
                        }
                    ],
                    "name": "ChangePurchaseOrderItem",
                    "namespace": "celonis"
                },
                {
                    "breakdown_attributes": [
                        {
                            "metadata": {
                                "data_type": "CT_UTF8_STRING",
                                "name": "ChangedAttribute",
                                "namespace": "celonis"
                            }
                        },
                        {
                            "metadata": {
                                "data_type": "CT_UTF8_STRING",
                                "name": "ExecutedBy",
                                "namespace": "celonis"
                            }
                        },
                        {
                            "metadata": {
                                "data_type": "CT_UTF8_STRING",
                                "name": "ExecutionType",
                                "namespace": "celonis"
                            }
                        },
                        {
                            "metadata": {
                                "data_type": "CT_UTF8_STRING",
                                "name": "NewValue",
                                "namespace": "celonis"
                            }
                        },
                        {
                            "metadata": {
                                "data_type": "CT_UTF8_STRING",
                                "name": "OldValue",
                                "namespace": "celonis"
                            }
                        }
                    ],
                    "name": "ChangePurchaseOrderScheduleLine",
                    "namespace": "celonis"
                }
            ],
            "events": [
                {
                    "name": "BlockPurchaseOrderItem",
                    "namespace": "celonis"
                },
                {
                    "name": "ChangePurchaseRequisitionItem",
                    "namespace": "celonis"
                },
                {
                    "name": "ChangeVendorConfirmation",
                    "namespace": "celonis"
                },
                {
                    "name": "CreatePurchaseOrderItem",
                    "namespace": "celonis"
                },
                {
                    "name": "CreatePurchaseRequisitionItem",
                    "namespace": "celonis"
                },
                {
                    "name": "CreateVendorInvoice",
                    "namespace": "celonis"
                },
                {
                    "name": "DeletePurchaseOrderItem",
                    "namespace": "celonis"
                },
                {
                    "name": "PostGoodsReceipt",
                    "namespace": "celonis"
                },
                {
                    "name": "ReceiveAdvancedShipmentNotice",
                    "namespace": "celonis"
                },
                {
                    "name": "ReceivePurchaseOrderConfirmation",
                    "namespace": "celonis"
                },
                {
                    "name": "RestorePurchaseOrderItem",
                    "namespace": "celonis"
                },
                {
                    "name": "ReverseGoodsReceipt",
                    "namespace": "celonis"
                },
                {
                    "name": "SendPurchaseOrder",
                    "namespace": "celonis"
                },
                {
                    "name": "SendPurchaseOrderOverdueNotice",
                    "namespace": "celonis"
                },
                {
                    "name": "SendPurchaseOrderUpdate",
                    "namespace": "celonis"
                },
                {
                    "name": "SetConfirmedPOItemDeliveryDate",
                    "namespace": "celonis"
                },
                {
                    "name": "SetPaymentBlock",
                    "namespace": "celonis"
                },
                {
                    "name": "SetRequestedPOItemDeliveryDate",
                    "namespace": "celonis"
                }
            ],
            "lead_object": {
                "name": "PurchaseOrderItem",
                "namespace": "celonis"
            },
            "name": "PurchaseOrderItemActivities",
            "origin_ref": {
                "name": "ProcurementExtended",
                "namespace": "custom"
            }
        },
        {
            "event_list": [],
            "events": [
                {
                    "name": "CancelVendorAccountCreditItem",
                    "namespace": "celonis"
                },
                {
                    "name": "CancelVendorInvoiceItem",
                    "namespace": "celonis"
                },
                {
                    "name": "ChangeVendorAccountCreditItem",
                    "namespace": "celonis"
                },
                {
                    "name": "ChangeVendorAccountCreditItemBlock",
                    "namespace": "celonis"
                },
                {
                    "name": "ChangeVendorInvoice",
                    "namespace": "celonis"
                },
                {
                    "name": "ClearVendorAccountItem",
                    "namespace": "celonis"
                },
                {
                    "name": "CreateVendorInvoice",
                    "namespace": "celonis"
                },
                {
                    "name": "PostVendorAccountCreditItem",
                    "namespace": "celonis"
                },
                {
                    "name": "ReleasePaymentBlock",
                    "namespace": "celonis"
                },
                {
                    "name": "SetPaymentBlock",
                    "namespace": "celonis"
                }
            ],
            "lead_object": {
                "name": "VendorAccountCreditItem",
                "namespace": "celonis"
            },
            "name": "VendorAccountCreditItemActivities",
            "origin_ref": {
                "name": "ProcurementExtended",
                "namespace": "custom"
            }
        },
        {
            "event_list": [],
            "events": [
                {
                    "name": "AddResponseTeamMember",
                    "namespace": "custom"
                },
                {
                    "name": "ApproveOperationalContract",
                    "namespace": "custom"
                },
                {
                    "name": "ApproveOrder",
                    "namespace": "custom"
                },
                {
                    "name": "ApprovePurchaseOrder",
                    "namespace": "celonis"
                },
                {
                    "name": "ApproveRequisition",
                    "namespace": "custom"
                },
                {
                    "name": "ArchivedSourcingEvent",
                    "namespace": "custom"
                },
                {
                    "name": "BeginTaskContractWorkspace",
                    "namespace": "custom"
                },
                {
                    "name": "BeginTaskSourcingProject",
                    "namespace": "custom"
                },
                {
                    "name": "BeginTaskSourcingRequest",
                    "namespace": "custom"
                },
                {
                    "name": "BiddingEnds",
                    "namespace": "custom"
                },
                {
                    "name": "BidIsDeleted",
                    "namespace": "custom"
                },
                {
                    "name": "BidIsRejected",
                    "namespace": "custom"
                },
                {
                    "name": "BidIsSubmitted",
                    "namespace": "custom"
                },
                {
                    "name": "BlockPurchaseOrderItem",
                    "namespace": "celonis"
                },
                {
                    "name": "CancelledSourcingEvent",
                    "namespace": "custom"
                },
                {
                    "name": "CancelVendorAccountCreditItem",
                    "namespace": "celonis"
                },
                {
                    "name": "CancelVendorInvoiceItem",
                    "namespace": "celonis"
                },
                {
                    "name": "ChangeContract",
                    "namespace": "celonis"
                },
                {
                    "name": "ChangeContractItem",
                    "namespace": "celonis"
                },
                {
                    "name": "ChangePurchaseOrder",
                    "namespace": "celonis"
                },
                {
                    "name": "ChangePurchaseOrderItem",
                    "namespace": "celonis"
                },
                {
                    "name": "ChangePurchaseOrderScheduleLine",
                    "namespace": "celonis"
                },
                {
                    "name": "ChangePurchaseRequisitionItem",
                    "namespace": "celonis"
                },
                {
                    "name": "ChangeRFXBid",
                    "namespace": "custom"
                },
                {
                    "name": "ChangeVendorAccountCreditItem",
                    "namespace": "celonis"
                },
                {
                    "name": "ChangeVendorAccountCreditItemBlock",
                    "namespace": "celonis"
                },
                {
                    "name": "ChangeVendorConfirmation",
                    "namespace": "celonis"
                },
                {
                    "name": "ChangeVendorInvoice",
                    "namespace": "celonis"
                },
                {
                    "name": "ClearVendorAccountItem",
                    "namespace": "celonis"
                },
                {
                    "name": "CloseSourcingEvent",
                    "namespace": "custom"
                },
                {
                    "name": "CreateContractHeader",
                    "namespace": "celonis"
                },
                {
                    "name": "CreateContractItem",
                    "namespace": "celonis"
                },
                {
                    "name": "CreateContractWorkspace",
                    "namespace": "custom"
                },
                {
                    "name": "CreateOrder",
                    "namespace": "custom"
                },
                {
                    "name": "CreateOrderVersion",
                    "namespace": "custom"
                },
                {
                    "name": "CreatePurchaseOrderHeader",
                    "namespace": "celonis"
                },
                {
                    "name": "CreatePurchaseOrderItem",
                    "namespace": "celonis"
                },
                {
                    "name": "CreatePurchaseOrderScheduleLine",
                    "namespace": "celonis"
                },
                {
                    "name": "CreatePurchaseRequisitionItem",
                    "namespace": "celonis"
                },
                {
                    "name": "CreateRequisition",
                    "namespace": "custom"
                },
                {
                    "name": "CreateRFXBid",
                    "namespace": "custom"
                },
                {
                    "name": "CreateRFXItemLine",
                    "namespace": "custom"
                },
                {
                    "name": "CreateScenario",
                    "namespace": "custom"
                },
                {
                    "name": "CreateSourcingEvent",
                    "namespace": "custom"
                },
                {
                    "name": "CreateSourcingProject",
                    "namespace": "custom"
                },
                {
                    "name": "CreateSourcingRequest",
                    "namespace": "custom"
                },
                {
                    "name": "CreateVendorInvoice",
                    "namespace": "celonis"
                },
                {
                    "name": "DeclineBidderAgreement",
                    "namespace": "custom"
                },
                {
                    "name": "DeclineToRespond",
                    "namespace": "custom"
                },
                {
                    "name": "DeleteContract",
                    "namespace": "celonis"
                },
                {
                    "name": "DeleteContractItem",
                    "namespace": "celonis"
                },
                {
                    "name": "DeletePurchaseOrder",
                    "namespace": "celonis"
                },
                {
                    "name": "DeletePurchaseOrderItem",
                    "namespace": "celonis"
                },
                {
                    "name": "DeletePurchaseOrderScheduleLine",
                    "namespace": "celonis"
                },
                {
                    "name": "DeletePurchaseRequisitionItem",
                    "namespace": "celonis"
                },
                {
                    "name": "EndTaskContractWorkspace",
                    "namespace": "custom"
                },
                {
                    "name": "EndTaskSourcingProject",
                    "namespace": "custom"
                },
                {
                    "name": "EndTaskSourcingRequest",
                    "namespace": "custom"
                },
                {
                    "name": "EventCancelled",
                    "namespace": "custom"
                },
                {
                    "name": "EventClosingTimeExtendedReduced",
                    "namespace": "custom"
                },
                {
                    "name": "EventEditedAndRepublished",
                    "namespace": "custom"
                },
                {
                    "name": "EventMovesToOpenState",
                    "namespace": "custom"
                },
                {
                    "name": "EventPaused",
                    "namespace": "custom"
                },
                {
                    "name": "EventReopened",
                    "namespace": "custom"
                },
                {
                    "name": "EventResumed",
                    "namespace": "custom"
                },
                {
                    "name": "LockParticipant",
                    "namespace": "custom"
                },
                {
                    "name": "MessageCreatedByAUser",
                    "namespace": "custom"
                },
                {
                    "name": "MessageRepliedToByAUser",
                    "namespace": "custom"
                },
                {
                    "name": "OrderRequisition",
                    "namespace": "custom"
                },
                {
                    "name": "PostGoodsReceipt",
                    "namespace": "celonis"
                },
                {
                    "name": "PostGoodsReceiptAgainstReversal",
                    "namespace": "celonis"
                },
                {
                    "name": "PostVendorAccountCreditItem",
                    "namespace": "celonis"
                },
                {
                    "name": "PostVendorAccountDebitItem",
                    "namespace": "celonis"
                },
                {
                    "name": "PublishEventInvitationForParticipants",
                    "namespace": "custom"
                },
                {
                    "name": "ReceiveAdvancedShipmentNotice",
                    "namespace": "celonis"
                },
                {
                    "name": "ReceivePurchaseOrderConfirmation",
                    "namespace": "celonis"
                },
                {
                    "name": "ReleasePaymentBlock",
                    "namespace": "celonis"
                },
                {
                    "name": "RestoreContract",
                    "namespace": "celonis"
                },
                {
                    "name": "RestoreContractItem",
                    "namespace": "celonis"
                },
                {
                    "name": "RestorePurchaseOrder",
                    "namespace": "celonis"
                },
                {
                    "name": "RestorePurchaseOrderItem",
                    "namespace": "celonis"
                },
                {
                    "name": "RestorePurchaseRequisitionItem",
                    "namespace": "celonis"
                },
                {
                    "name": "ResubmitOrder",
                    "namespace": "custom"
                },
                {
                    "name": "ResubmitRequisition",
                    "namespace": "custom"
                },
                {
                    "name": "ReverseGoodsReceipt",
                    "namespace": "celonis"
                },
                {
                    "name": "ReverseVendorAccountDebitItem",
                    "namespace": "celonis"
                },
                {
                    "name": "RFXBidRejected",
                    "namespace": "custom"
                },
                {
                    "name": "ScenarioAwardedSourcingEvent",
                    "namespace": "custom"
                },
                {
                    "name": "SendOrder",
                    "namespace": "custom"
                },
                {
                    "name": "SendPurchaseOrder",
                    "namespace": "celonis"
                },
                {
                    "name": "SendPurchaseOrderOverdueNotice",
                    "namespace": "celonis"
                },
                {
                    "name": "SendPurchaseOrderUpdate",
                    "namespace": "celonis"
                },
                {
                    "name": "SetConfirmedPOItemDeliveryDate",
                    "namespace": "celonis"
                },
                {
                    "name": "SetPaymentBlock",
                    "namespace": "celonis"
                },
                {
                    "name": "SetRequestedPOItemDeliveryDate",
                    "namespace": "celonis"
                },
                {
                    "name": "SubmitOperationalContract",
                    "namespace": "custom"
                },
                {
                    "name": "SubmitOrder",
                    "namespace": "custom"
                },
                {
                    "name": "SubmitRequisition",
                    "namespace": "custom"
                },
                {
                    "name": "UnlockParticipant",
                    "namespace": "custom"
                },
                {
                    "name": "UpdateOperationalContract",
                    "namespace": "custom"
                },
                {
                    "name": "UpdateRequisition",
                    "namespace": "custom"
                },
                {
                    "name": "UpdateSourcingProject",
                    "namespace": "custom"
                },
                {
                    "name": "UpdateSourcingRequest",
                    "namespace": "custom"
                }
            ],
            "lead_object": {
                "name": "VendorAccountCreditItem",
                "namespace": "celonis"
            },
            "name": "VendorAccountCreditItemAll",
            "origin_ref": {
                "name": "ProcurementExtended",
                "namespace": "custom"
            }
        },
        {
            "event_list": [],
            "events": [
                {
                    "name": "CancelVendorAccountCreditItem",
                    "namespace": "celonis"
                },
                {
                    "name": "CancelVendorInvoiceItem",
                    "namespace": "celonis"
                },
                {
                    "name": "ChangeVendorAccountCreditItem",
                    "namespace": "celonis"
                },
                {
                    "name": "ChangeVendorAccountCreditItemBlock",
                    "namespace": "celonis"
                },
                {
                    "name": "ClearVendorAccountItem",
                    "namespace": "celonis"
                },
                {
                    "name": "CreateVendorInvoice",
                    "namespace": "celonis"
                },
                {
                    "name": "PostVendorAccountCreditItem",
                    "namespace": "celonis"
                },
                {
                    "name": "ReleasePaymentBlock",
                    "namespace": "celonis"
                },
                {
                    "name": "SetPaymentBlock",
                    "namespace": "celonis"
                }
            ],
            "lead_object": {
                "name": "VendorAccountCreditItemBlock",
                "namespace": "celonis"
            },
            "name": "VendorAccountCreditItemBlockActivities",
            "origin_ref": {
                "name": "ProcurementExtended",
                "namespace": "custom"
            }
        }
    ],
    "tags": []
}