{
    "base_ref": null,
    "categories": [],
    "change_date": 1761055980010.0,
    "changed_by": {
        "id": "2202cbc9-7251-4630-bfb2-36812e688613",
        "name": "l.pigozzi",
        "type_": "USER"
    },
    "created_by": {
        "id": "bdec2b77-569a-4c86-86a1-73c0f6bbb6c4",
        "name": "Andi",
        "type_": "USER"
    },
    "creation_date": 1749823483489.0,
    "default_projection": "SalesOrderScheduleLineActivities",
    "description": null,
    "events": [
        {
            "custom_alias": null,
            "default_alias": "Cancel Sales Order Schedule Line",
            "entity_metadata": {
                "name": "CancelSalesOrderScheduleLine",
                "namespace": "custom"
            },
            "name": "CancelSalesOrderScheduleLine",
            "namespace": "custom"
        },
        {
            "custom_alias": null,
            "default_alias": "Change Sales Order",
            "entity_metadata": {
                "name": "ChangeSalesOrder",
                "namespace": "custom"
            },
            "name": "ChangeSalesOrder",
            "namespace": "custom"
        },
        {
            "custom_alias": null,
            "default_alias": "Post Receivable Item",
            "entity_metadata": {
                "name": "PostReceivableItem",
                "namespace": "custom"
            },
            "name": "PostReceivableItem",
            "namespace": "custom"
        },
        {
            "custom_alias": null,
            "default_alias": "Post Goods Issue",
            "entity_metadata": {
                "name": "PostGoodsIssue",
                "namespace": "custom"
            },
            "name": "PostGoodsIssue",
            "namespace": "custom"
        },
        {
            "custom_alias": null,
            "default_alias": "Set Block On Sales Order",
            "entity_metadata": {
                "name": "SetBlockOnSalesOrder",
                "namespace": "custom"
            },
            "name": "SetBlockOnSalesOrder",
            "namespace": "custom"
        },
        {
            "custom_alias": null,
            "default_alias": "Release Block On Sales Order",
            "entity_metadata": {
                "name": "ReleaseBlockOnSalesOrder",
                "namespace": "custom"
            },
            "name": "ReleaseBlockOnSalesOrder",
            "namespace": "custom"
        },
        {
            "custom_alias": null,
            "default_alias": "Change Block On Sales Order",
            "entity_metadata": {
                "name": "ChangeBlockOnSalesOrder",
                "namespace": "custom"
            },
            "name": "ChangeBlockOnSalesOrder",
            "namespace": "custom"
        },
        {
            "custom_alias": null,
            "default_alias": "Set Block On Customer",
            "entity_metadata": {
                "name": "SetBlockOnCustomer",
                "namespace": "custom"
            },
            "name": "SetBlockOnCustomer",
            "namespace": "custom"
        },
        {
            "custom_alias": null,
            "default_alias": "Release Block On Customer",
            "entity_metadata": {
                "name": "ReleaseBlockOnCustomer",
                "namespace": "custom"
            },
            "name": "ReleaseBlockOnCustomer",
            "namespace": "custom"
        },
        {
            "custom_alias": null,
            "default_alias": "Change Sales Order Schedule Line",
            "entity_metadata": {
                "name": "ChangeSalesOrderScheduleLine",
                "namespace": "custom"
            },
            "name": "ChangeSalesOrderScheduleLine",
            "namespace": "custom"
        },
        {
            "custom_alias": null,
            "default_alias": "Create Sales Order",
            "entity_metadata": {
                "name": "CreateSalesOrder",
                "namespace": "custom"
            },
            "name": "CreateSalesOrder",
            "namespace": "custom"
        },
        {
            "custom_alias": null,
            "default_alias": "Create Sales Order Schedule Line",
            "entity_metadata": {
                "name": "CreateSalesOrderScheduleLine",
                "namespace": "custom"
            },
            "name": "CreateSalesOrderScheduleLine",
            "namespace": "custom"
        },
        {
            "custom_alias": null,
            "default_alias": "Create Delivery",
            "entity_metadata": {
                "name": "CreateDelivery",
                "namespace": "custom"
            },
            "name": "CreateDelivery",
            "namespace": "custom"
        },
        {
            "custom_alias": null,
            "default_alias": "Create Delivery Line",
            "entity_metadata": {
                "name": "CreateDeliveryLine",
                "namespace": "custom"
            },
            "name": "CreateDeliveryLine",
            "namespace": "custom"
        },
        {
            "custom_alias": null,
            "default_alias": "Execute Picking",
            "entity_metadata": {
                "name": "ExecutePicking",
                "namespace": "custom"
            },
            "name": "ExecutePicking",
            "namespace": "custom"
        },
        {
            "custom_alias": null,
            "default_alias": "Sign Proof Of Delivery",
            "entity_metadata": {
                "name": "SignProofOfDelivery",
                "namespace": "custom"
            },
            "name": "SignProofOfDelivery",
            "namespace": "custom"
        },
        {
            "custom_alias": null,
            "default_alias": "Set Block On Sales Order Schedule Line",
            "entity_metadata": {
                "name": "SetBlockOnSalesOrderScheduleLine",
                "namespace": "custom"
            },
            "name": "SetBlockOnSalesOrderScheduleLine",
            "namespace": "custom"
        },
        {
            "custom_alias": null,
            "default_alias": "Change Block On Sales Order Schedule Line",
            "entity_metadata": {
                "name": "ChangeBlockOnSalesOrderScheduleLine",
                "namespace": "custom"
            },
            "name": "ChangeBlockOnSalesOrderScheduleLine",
            "namespace": "custom"
        },
        {
            "custom_alias": null,
            "default_alias": "Release Block On Sales Order Schedule Line",
            "entity_metadata": {
                "name": "ReleaseBlockOnSalesOrderScheduleLine",
                "namespace": "custom"
            },
            "name": "ReleaseBlockOnSalesOrderScheduleLine",
            "namespace": "custom"
        },
        {
            "custom_alias": null,
            "default_alias": "Create Customer Invoice Line",
            "entity_metadata": {
                "name": "CreateCustomerInvoiceLine",
                "namespace": "custom"
            },
            "name": "CreateCustomerInvoiceLine",
            "namespace": "custom"
        },
        {
            "custom_alias": null,
            "default_alias": "Create Customer Invoice",
            "entity_metadata": {
                "name": "CreateCustomerInvoice",
                "namespace": "custom"
            },
            "name": "CreateCustomerInvoice",
            "namespace": "custom"
        },
        {
            "custom_alias": null,
            "default_alias": "Cancel Customer Invoice",
            "entity_metadata": {
                "name": "CancelCustomerInvoice",
                "namespace": "custom"
            },
            "name": "CancelCustomerInvoice",
            "namespace": "custom"
        },
        {
            "custom_alias": null,
            "default_alias": "Change Delivery",
            "entity_metadata": {
                "name": "ChangeDelivery",
                "namespace": "custom"
            },
            "name": "ChangeDelivery",
            "namespace": "custom"
        },
        {
            "custom_alias": null,
            "default_alias": "Change Delivery Line",
            "entity_metadata": {
                "name": "ChangeDeliveryLine",
                "namespace": "custom"
            },
            "name": "ChangeDeliveryLine",
            "namespace": "custom"
        },
        {
            "custom_alias": null,
            "default_alias": "Apply Customer Invoice Line",
            "entity_metadata": {
                "name": "ApplyCustomerInvoiceLine",
                "namespace": "custom"
            },
            "name": "ApplyCustomerInvoiceLine",
            "namespace": "custom"
        }
    ],
    "id": "5a710944-e28f-4cac-afdd-6673869013d1",
    "name": "OrderManagement",
    "namespace": "custom",
    "objects": [
        {
            "custom_alias": null,
            "default_alias": "Currency Conversion",
            "entity_metadata": {
                "name": "CurrencyConversion",
                "namespace": "custom"
            },
            "name": "CurrencyConversion",
            "namespace": "custom",
            "origin_ref": {
                "name": "OrderManagement",
                "namespace": "custom"
            },
            "relationships": []
        },
        {
            "custom_alias": null,
            "default_alias": "Customer",
            "entity_metadata": {
                "name": "Customer",
                "namespace": "custom"
            },
            "name": "Customer",
            "namespace": "custom",
            "origin_ref": {
                "name": "OrderManagement",
                "namespace": "custom"
            },
            "relationships": [
                {
                    "name": "CustomerBlock",
                    "namespace": "custom",
                    "origin_ref": {
                        "name": "OrderManagement",
                        "namespace": "custom"
                    },
                    "strategy": "LINK"
                },
                {
                    "name": "SalesOrder",
                    "namespace": "custom",
                    "origin_ref": {
                        "name": "OrderManagement",
                        "namespace": "custom"
                    },
                    "strategy": "LINK"
                }
            ]
        },
        {
            "custom_alias": null,
            "default_alias": "Customer Block",
            "entity_metadata": {
                "name": "CustomerBlock",
                "namespace": "custom"
            },
            "name": "CustomerBlock",
            "namespace": "custom",
            "origin_ref": {
                "name": "OrderManagement",
                "namespace": "custom"
            },
            "relationships": [
                {
                    "name": "Customer",
                    "namespace": "custom",
                    "origin_ref": {
                        "name": "OrderManagement",
                        "namespace": "custom"
                    },
                    "strategy": "LINK"
                }
            ]
        },
        {
            "custom_alias": null,
            "default_alias": "Customer Invoice",
            "entity_metadata": {
                "name": "CustomerInvoice",
                "namespace": "custom"
            },
            "name": "CustomerInvoice",
            "namespace": "custom",
            "origin_ref": {
                "name": "OrderManagement",
                "namespace": "custom"
            },
            "relationships": [
                {
                    "name": "CustomerInvoiceLine",
                    "namespace": "custom",
                    "origin_ref": {
                        "name": "OrderManagement",
                        "namespace": "custom"
                    },
                    "strategy": "LINK"
                }
            ]
        },
        {
            "custom_alias": null,
            "default_alias": "Customer Invoice Line",
            "entity_metadata": {
                "name": "CustomerInvoiceLine",
                "namespace": "custom"
            },
            "name": "CustomerInvoiceLine",
            "namespace": "custom",
            "origin_ref": {
                "name": "OrderManagement",
                "namespace": "custom"
            },
            "relationships": [
                {
                    "name": "CustomerInvoice",
                    "namespace": "custom",
                    "origin_ref": {
                        "name": "OrderManagement",
                        "namespace": "custom"
                    },
                    "strategy": "LINK"
                },
                {
                    "name": "RelationshipOrderToInvoice",
                    "namespace": "custom",
                    "origin_ref": {
                        "name": "OrderManagement",
                        "namespace": "custom"
                    },
                    "strategy": "LINK"
                }
            ]
        },
        {
            "custom_alias": null,
            "default_alias": "Delivery",
            "entity_metadata": {
                "name": "Delivery",
                "namespace": "custom"
            },
            "name": "Delivery",
            "namespace": "custom",
            "origin_ref": {
                "name": "OrderManagement",
                "namespace": "custom"
            },
            "relationships": []
        },
        {
            "custom_alias": null,
            "default_alias": "Delivery Line",
            "entity_metadata": {
                "name": "DeliveryLine",
                "namespace": "custom"
            },
            "name": "DeliveryLine",
            "namespace": "custom",
            "origin_ref": {
                "name": "OrderManagement",
                "namespace": "custom"
            },
            "relationships": [
                {
                    "name": "Delivery",
                    "namespace": "custom",
                    "origin_ref": {
                        "name": "OrderManagement",
                        "namespace": "custom"
                    },
                    "strategy": "LINK"
                },
                {
                    "name": "RelationshipOrderToInvoice",
                    "namespace": "custom",
                    "origin_ref": {
                        "name": "OrderManagement",
                        "namespace": "custom"
                    },
                    "strategy": "LINK"
                }
            ]
        },
        {
            "custom_alias": null,
            "default_alias": "Goods Issue",
            "entity_metadata": {
                "name": "GoodsIssue",
                "namespace": "custom"
            },
            "name": "GoodsIssue",
            "namespace": "custom",
            "origin_ref": {
                "name": "OrderManagement",
                "namespace": "custom"
            },
            "relationships": [
                {
                    "name": "RelationshipOrderToInvoice",
                    "namespace": "custom",
                    "origin_ref": {
                        "name": "OrderManagement",
                        "namespace": "custom"
                    },
                    "strategy": "LINK"
                }
            ]
        },
        {
            "custom_alias": null,
            "default_alias": "Material",
            "entity_metadata": {
                "name": "Material",
                "namespace": "custom"
            },
            "name": "Material",
            "namespace": "custom",
            "origin_ref": {
                "name": "OrderManagement",
                "namespace": "custom"
            },
            "relationships": [
                {
                    "name": "MaterialMasterPlant",
                    "namespace": "custom",
                    "origin_ref": {
                        "name": "OrderManagement",
                        "namespace": "custom"
                    },
                    "strategy": "LINK"
                }
            ]
        },
        {
            "custom_alias": null,
            "default_alias": "Material Master Plant",
            "entity_metadata": {
                "name": "MaterialMasterPlant",
                "namespace": "custom"
            },
            "name": "MaterialMasterPlant",
            "namespace": "custom",
            "origin_ref": {
                "name": "OrderManagement",
                "namespace": "custom"
            },
            "relationships": [
                {
                    "name": "Material",
                    "namespace": "custom",
                    "origin_ref": {
                        "name": "OrderManagement",
                        "namespace": "custom"
                    },
                    "strategy": "LINK"
                },
                {
                    "name": "Plant",
                    "namespace": "custom",
                    "origin_ref": {
                        "name": "OrderManagement",
                        "namespace": "custom"
                    },
                    "strategy": "LINK"
                }
            ]
        },
        {
            "custom_alias": null,
            "default_alias": "Plant",
            "entity_metadata": {
                "name": "Plant",
                "namespace": "custom"
            },
            "name": "Plant",
            "namespace": "custom",
            "origin_ref": {
                "name": "OrderManagement",
                "namespace": "custom"
            },
            "relationships": [
                {
                    "name": "MaterialMasterPlant",
                    "namespace": "custom",
                    "origin_ref": {
                        "name": "OrderManagement",
                        "namespace": "custom"
                    },
                    "strategy": "LINK"
                }
            ]
        },
        {
            "custom_alias": null,
            "default_alias": "Relationship Order To Invoice",
            "entity_metadata": {
                "name": "RelationshipOrderToInvoice",
                "namespace": "custom"
            },
            "name": "RelationshipOrderToInvoice",
            "namespace": "custom",
            "origin_ref": {
                "name": "OrderManagement",
                "namespace": "custom"
            },
            "relationships": [
                {
                    "name": "CustomerInvoiceLine",
                    "namespace": "custom",
                    "origin_ref": {
                        "name": "OrderManagement",
                        "namespace": "custom"
                    },
                    "strategy": "LINK"
                },
                {
                    "name": "GoodsIssue",
                    "namespace": "custom",
                    "origin_ref": {
                        "name": "OrderManagement",
                        "namespace": "custom"
                    },
                    "strategy": "LINK"
                }
            ]
        },
        {
            "custom_alias": null,
            "default_alias": "Sales Order",
            "entity_metadata": {
                "name": "SalesOrder",
                "namespace": "custom"
            },
            "name": "SalesOrder",
            "namespace": "custom",
            "origin_ref": {
                "name": "OrderManagement",
                "namespace": "custom"
            },
            "relationships": [
                {
                    "name": "Customer",
                    "namespace": "custom",
                    "origin_ref": {
                        "name": "OrderManagement",
                        "namespace": "custom"
                    },
                    "strategy": "LINK"
                },
                {
                    "name": "SalesOrderBlock",
                    "namespace": "custom",
                    "origin_ref": {
                        "name": "OrderManagement",
                        "namespace": "custom"
                    },
                    "strategy": "LINK"
                }
            ]
        },
        {
            "custom_alias": null,
            "default_alias": "Sales Order Block",
            "entity_metadata": {
                "name": "SalesOrderBlock",
                "namespace": "custom"
            },
            "name": "SalesOrderBlock",
            "namespace": "custom",
            "origin_ref": {
                "name": "OrderManagement",
                "namespace": "custom"
            },
            "relationships": [
                {
                    "name": "SalesOrder",
                    "namespace": "custom",
                    "origin_ref": {
                        "name": "OrderManagement",
                        "namespace": "custom"
                    },
                    "strategy": "LINK"
                }
            ]
        },
        {
            "custom_alias": null,
            "default_alias": "Sales Order Schedule Line",
            "entity_metadata": {
                "name": "SalesOrderScheduleLine",
                "namespace": "custom"
            },
            "name": "SalesOrderScheduleLine",
            "namespace": "custom",
            "origin_ref": {
                "name": "OrderManagement",
                "namespace": "custom"
            },
            "relationships": [
                {
                    "name": "MaterialMasterPlant",
                    "namespace": "custom",
                    "origin_ref": {
                        "name": "OrderManagement",
                        "namespace": "custom"
                    },
                    "strategy": "LINK"
                },
                {
                    "name": "RelationshipOrderToInvoice",
                    "namespace": "custom",
                    "origin_ref": {
                        "name": "OrderManagement",
                        "namespace": "custom"
                    },
                    "strategy": "LINK"
                },
                {
                    "name": "SalesOrder",
                    "namespace": "custom",
                    "origin_ref": {
                        "name": "OrderManagement",
                        "namespace": "custom"
                    },
                    "strategy": "LINK"
                },
                {
                    "name": "SalesOrderScheduleLineBlock",
                    "namespace": "custom",
                    "origin_ref": {
                        "name": "OrderManagement",
                        "namespace": "custom"
                    },
                    "strategy": "LINK"
                }
            ]
        },
        {
            "custom_alias": null,
            "default_alias": "Sales Order Schedule Line Block",
            "entity_metadata": {
                "name": "SalesOrderScheduleLineBlock",
                "namespace": "custom"
            },
            "name": "SalesOrderScheduleLineBlock",
            "namespace": "custom",
            "origin_ref": {
                "name": "OrderManagement",
                "namespace": "custom"
            },
            "relationships": [
                {
                    "name": "SalesOrderScheduleLine",
                    "namespace": "custom",
                    "origin_ref": {
                        "name": "OrderManagement",
                        "namespace": "custom"
                    },
                    "strategy": "LINK"
                }
            ]
        },
        {
            "custom_alias": null,
            "default_alias": "User",
            "entity_metadata": {
                "name": "User",
                "namespace": "custom"
            },
            "name": "User",
            "namespace": "custom",
            "origin_ref": {
                "name": "OrderManagement",
                "namespace": "custom"
            },
            "relationships": []
        }
    ],
    "projections": [
        {
            "event_list": [
                {
                    "breakdown_attributes": [
                        {
                            "metadata": {
                                "data_type": "CT_UTF8_STRING",
                                "name": "BlockType",
                                "namespace": "custom"
                            }
                        }
                    ],
                    "name": "ChangeBlockOnSalesOrder",
                    "namespace": "custom"
                },
                {
                    "breakdown_attributes": [
                        {
                            "metadata": {
                                "data_type": "CT_UTF8_STRING",
                                "name": "BlockType",
                                "namespace": "custom"
                            }
                        },
                        {
                            "metadata": {
                                "data_type": "CT_UTF8_STRING",
                                "name": "ChangedAttribute",
                                "namespace": "custom"
                            }
                        }
                    ],
                    "name": "ChangeBlockOnSalesOrderScheduleLine",
                    "namespace": "custom"
                },
                {
                    "breakdown_attributes": [
                        {
                            "metadata": {
                                "data_type": "CT_UTF8_STRING",
                                "name": "ChangedAttribute",
                                "namespace": "custom"
                            }
                        }
                    ],
                    "name": "ChangeSalesOrder",
                    "namespace": "custom"
                },
                {
                    "breakdown_attributes": [
                        {
                            "metadata": {
                                "data_type": "CT_UTF8_STRING",
                                "name": "ChangedAttribute",
                                "namespace": "custom"
                            }
                        }
                    ],
                    "name": "ChangeSalesOrderScheduleLine",
                    "namespace": "custom"
                },
                {
                    "breakdown_attributes": [
                        {
                            "metadata": {
                                "data_type": "CT_UTF8_STRING",
                                "name": "BlockType",
                                "namespace": "custom"
                            }
                        },
                        {
                            "metadata": {
                                "data_type": "CT_UTF8_STRING",
                                "name": "BlockReason",
                                "namespace": "custom"
                            }
                        }
                    ],
                    "name": "ReleaseBlockOnCustomer",
                    "namespace": "custom"
                },
                {
                    "breakdown_attributes": [
                        {
                            "metadata": {
                                "data_type": "CT_UTF8_STRING",
                                "name": "BlockReason",
                                "namespace": "custom"
                            }
                        },
                        {
                            "metadata": {
                                "data_type": "CT_UTF8_STRING",
                                "name": "BlockType",
                                "namespace": "custom"
                            }
                        }
                    ],
                    "name": "ReleaseBlockOnSalesOrder",
                    "namespace": "custom"
                },
                {
                    "breakdown_attributes": [
                        {
                            "metadata": {
                                "data_type": "CT_UTF8_STRING",
                                "name": "BlockReason",
                                "namespace": "custom"
                            }
                        },
                        {
                            "metadata": {
                                "data_type": "CT_UTF8_STRING",
                                "name": "BlockType",
                                "namespace": "custom"
                            }
                        }
                    ],
                    "name": "ReleaseBlockOnSalesOrderScheduleLine",
                    "namespace": "custom"
                },
                {
                    "breakdown_attributes": [
                        {
                            "metadata": {
                                "data_type": "CT_UTF8_STRING",
                                "name": "BlockReason",
                                "namespace": "custom"
                            }
                        },
                        {
                            "metadata": {
                                "data_type": "CT_UTF8_STRING",
                                "name": "BlockType",
                                "namespace": "custom"
                            }
                        }
                    ],
                    "name": "SetBlockOnCustomer",
                    "namespace": "custom"
                },
                {
                    "breakdown_attributes": [
                        {
                            "metadata": {
                                "data_type": "CT_UTF8_STRING",
                                "name": "BlockReason",
                                "namespace": "custom"
                            }
                        },
                        {
                            "metadata": {
                                "data_type": "CT_UTF8_STRING",
                                "name": "BlockType",
                                "namespace": "custom"
                            }
                        }
                    ],
                    "name": "SetBlockOnSalesOrder",
                    "namespace": "custom"
                },
                {
                    "breakdown_attributes": [
                        {
                            "metadata": {
                                "data_type": "CT_UTF8_STRING",
                                "name": "BlockReason",
                                "namespace": "custom"
                            }
                        },
                        {
                            "metadata": {
                                "data_type": "CT_UTF8_STRING",
                                "name": "BlockType",
                                "namespace": "custom"
                            }
                        }
                    ],
                    "name": "SetBlockOnSalesOrderScheduleLine",
                    "namespace": "custom"
                }
            ],
            "events": [
                {
                    "name": "CancelCustomerInvoice",
                    "namespace": "custom"
                },
                {
                    "name": "CancelSalesOrderScheduleLine",
                    "namespace": "custom"
                },
                {
                    "name": "CreateCustomerInvoice",
                    "namespace": "custom"
                },
                {
                    "name": "CreateCustomerInvoiceLine",
                    "namespace": "custom"
                },
                {
                    "name": "CreateDelivery",
                    "namespace": "custom"
                },
                {
                    "name": "CreateDeliveryLine",
                    "namespace": "custom"
                },
                {
                    "name": "CreateSalesOrder",
                    "namespace": "custom"
                },
                {
                    "name": "CreateSalesOrderScheduleLine",
                    "namespace": "custom"
                },
                {
                    "name": "ExecutePicking",
                    "namespace": "custom"
                },
                {
                    "name": "PostGoodsIssue",
                    "namespace": "custom"
                },
                {
                    "name": "SignProofOfDelivery",
                    "namespace": "custom"
                }
            ],
            "lead_object": {
                "name": "SalesOrderScheduleLine",
                "namespace": "custom"
            },
            "name": "SalesOrderScheduleLineActivities",
            "origin_ref": {
                "name": "OrderManagement",
                "namespace": "custom"
            }
        }
    ],
    "tags": []
}