{
    "base_ref": null,
    "categories": [],
    "change_date": 1760542581457.0,
    "changed_by": {
        "id": "2202cbc9-7251-4630-bfb2-36812e688613",
        "name": "l.pigozzi",
        "type_": "USER"
    },
    "created_by": {
        "id": "0c9ee607-6f4d-4976-af88-bac083fc9169",
        "name": "j.vita-martinez",
        "type_": "USER"
    },
    "creation_date": 1752572154267.0,
    "default_projection": "PurchaseDocumentLine",
    "description": null,
    "events": [
        {
            "custom_alias": null,
            "default_alias": "Cancel Vendor Invoice",
            "entity_metadata": {
                "name": "CancelVendorInvoice",
                "namespace": "custom"
            },
            "name": "CancelVendorInvoice",
            "namespace": "custom"
        },
        {
            "custom_alias": null,
            "default_alias": "Change Purchase Document",
            "entity_metadata": {
                "name": "ChangePurchaseDocument",
                "namespace": "custom"
            },
            "name": "ChangePurchaseDocument",
            "namespace": "custom"
        },
        {
            "custom_alias": null,
            "default_alias": "Change Purchase Document Line",
            "entity_metadata": {
                "name": "ChangePurchaseDocumentLine",
                "namespace": "custom"
            },
            "name": "ChangePurchaseDocumentLine",
            "namespace": "custom"
        },
        {
            "custom_alias": null,
            "default_alias": "Change Purchase Requisition Line",
            "entity_metadata": {
                "name": "ChangePurchaseRequisitionLine",
                "namespace": "custom"
            },
            "name": "ChangePurchaseRequisitionLine",
            "namespace": "custom"
        },
        {
            "custom_alias": null,
            "default_alias": "Change Purchase Schedule Line",
            "entity_metadata": {
                "name": "ChangePurchaseScheduleLine",
                "namespace": "custom"
            },
            "name": "ChangePurchaseScheduleLine",
            "namespace": "custom"
        },
        {
            "custom_alias": null,
            "default_alias": "Change Vendor Invoice",
            "entity_metadata": {
                "name": "ChangeVendorInvoice",
                "namespace": "custom"
            },
            "name": "ChangeVendorInvoice",
            "namespace": "custom"
        },
        {
            "custom_alias": null,
            "default_alias": "Create Purchase Document",
            "entity_metadata": {
                "name": "CreatePurchaseDocument",
                "namespace": "custom"
            },
            "name": "CreatePurchaseDocument",
            "namespace": "custom"
        },
        {
            "custom_alias": null,
            "default_alias": "Create Purchase Document Line",
            "entity_metadata": {
                "name": "CreatePurchaseDocumentLine",
                "namespace": "custom"
            },
            "name": "CreatePurchaseDocumentLine",
            "namespace": "custom"
        },
        {
            "custom_alias": null,
            "default_alias": "Create Purchase Requisition Line",
            "entity_metadata": {
                "name": "CreatePurchaseRequisitionLine",
                "namespace": "custom"
            },
            "name": "CreatePurchaseRequisitionLine",
            "namespace": "custom"
        },
        {
            "custom_alias": null,
            "default_alias": "Create Purchase Schedule Line",
            "entity_metadata": {
                "name": "CreatePurchaseScheduleLine",
                "namespace": "custom"
            },
            "name": "CreatePurchaseScheduleLine",
            "namespace": "custom"
        },
        {
            "custom_alias": null,
            "default_alias": "Enter Vendor Invoice",
            "entity_metadata": {
                "name": "EnterVendorInvoice",
                "namespace": "custom"
            },
            "name": "EnterVendorInvoice",
            "namespace": "custom"
        },
        {
            "custom_alias": null,
            "default_alias": "Post Goods Receipt",
            "entity_metadata": {
                "name": "PostGoodsReceipt",
                "namespace": "custom"
            },
            "name": "PostGoodsReceipt",
            "namespace": "custom"
        },
        {
            "custom_alias": null,
            "default_alias": "Post Payable Item",
            "entity_metadata": {
                "name": "PostPayableItem",
                "namespace": "custom"
            },
            "name": "PostPayableItem",
            "namespace": "custom"
        },
        {
            "custom_alias": null,
            "default_alias": "Approve Purchase Document",
            "entity_metadata": {
                "name": "ApprovePurchaseDocument",
                "namespace": "custom"
            },
            "name": "ApprovePurchaseDocument",
            "namespace": "custom"
        },
        {
            "custom_alias": null,
            "default_alias": "Approve Purchase Requisition Line",
            "entity_metadata": {
                "name": "ApprovePurchaseRequisitionLine",
                "namespace": "custom"
            },
            "name": "ApprovePurchaseRequisitionLine",
            "namespace": "custom"
        },
        {
            "custom_alias": null,
            "default_alias": "Cancel Purchase Document",
            "entity_metadata": {
                "name": "CancelPurchaseDocument",
                "namespace": "custom"
            },
            "name": "CancelPurchaseDocument",
            "namespace": "custom"
        },
        {
            "custom_alias": null,
            "default_alias": "Cancel Purchase Document Line",
            "entity_metadata": {
                "name": "CancelPurchaseDocumentLine",
                "namespace": "custom"
            },
            "name": "CancelPurchaseDocumentLine",
            "namespace": "custom"
        },
        {
            "custom_alias": null,
            "default_alias": "Cancel Purchase Requisition Line",
            "entity_metadata": {
                "name": "CancelPurchaseRequisitionLine",
                "namespace": "custom"
            },
            "name": "CancelPurchaseRequisitionLine",
            "namespace": "custom"
        },
        {
            "custom_alias": null,
            "default_alias": "Cancel Purchase Schedule Line",
            "entity_metadata": {
                "name": "CancelPurchaseScheduleLine",
                "namespace": "custom"
            },
            "name": "CancelPurchaseScheduleLine",
            "namespace": "custom"
        }
    ],
    "id": "cf0a1243-532f-4bf2-b19c-cd3207635c1a",
    "name": "Procurement",
    "namespace": "custom",
    "objects": [
        {
            "custom_alias": null,
            "default_alias": "Currency Conversion",
            "entity_metadata": {
                "name": "CurrencyConversion",
                "namespace": "custom"
            },
            "name": "CurrencyConversion",
            "namespace": "custom",
            "origin_ref": {
                "name": "Procurement",
                "namespace": "custom"
            },
            "relationships": []
        },
        {
            "custom_alias": null,
            "default_alias": "Goods Receipt",
            "entity_metadata": {
                "name": "GoodsReceipt",
                "namespace": "custom"
            },
            "name": "GoodsReceipt",
            "namespace": "custom",
            "origin_ref": {
                "name": "Procurement",
                "namespace": "custom"
            },
            "relationships": []
        },
        {
            "custom_alias": null,
            "default_alias": "Purchase Document",
            "entity_metadata": {
                "name": "PurchaseDocument",
                "namespace": "custom"
            },
            "name": "PurchaseDocument",
            "namespace": "custom",
            "origin_ref": {
                "name": "Procurement",
                "namespace": "custom"
            },
            "relationships": [
                {
                    "name": "CreatedBy",
                    "namespace": "custom",
                    "origin_ref": {
                        "name": "Procurement",
                        "namespace": "custom"
                    },
                    "strategy": "EMBED"
                },
                {
                    "name": "Vendor",
                    "namespace": "custom",
                    "origin_ref": {
                        "name": "Procurement",
                        "namespace": "custom"
                    },
                    "strategy": "LINK"
                }
            ]
        },
        {
            "custom_alias": null,
            "default_alias": "Purchase Document Line",
            "entity_metadata": {
                "name": "PurchaseDocumentLine",
                "namespace": "custom"
            },
            "name": "PurchaseDocumentLine",
            "namespace": "custom",
            "origin_ref": {
                "name": "Procurement",
                "namespace": "custom"
            },
            "relationships": [
                {
                    "name": "CreatedBy",
                    "namespace": "custom",
                    "origin_ref": {
                        "name": "Procurement",
                        "namespace": "custom"
                    },
                    "strategy": "EMBED"
                },
                {
                    "name": "GoodsReceipt",
                    "namespace": "custom",
                    "origin_ref": {
                        "name": "Procurement",
                        "namespace": "custom"
                    },
                    "strategy": "LINK"
                },
                {
                    "name": "Header",
                    "namespace": "custom",
                    "origin_ref": {
                        "name": "Procurement",
                        "namespace": "custom"
                    },
                    "strategy": "LINK"
                },
                {
                    "name": "PurchaseRequisitionLine",
                    "namespace": "custom",
                    "origin_ref": {
                        "name": "Procurement",
                        "namespace": "custom"
                    },
                    "strategy": "LINK"
                },
                {
                    "name": "PurchaseScheduleLine",
                    "namespace": "custom",
                    "origin_ref": {
                        "name": "Procurement",
                        "namespace": "custom"
                    },
                    "strategy": "LINK"
                },
                {
                    "name": "VendorInvoiceLine",
                    "namespace": "custom",
                    "origin_ref": {
                        "name": "Procurement",
                        "namespace": "custom"
                    },
                    "strategy": "LINK"
                }
            ]
        },
        {
            "custom_alias": null,
            "default_alias": "Purchase Requisition Line",
            "entity_metadata": {
                "name": "PurchaseRequisitionLine",
                "namespace": "custom"
            },
            "name": "PurchaseRequisitionLine",
            "namespace": "custom",
            "origin_ref": {
                "name": "Procurement",
                "namespace": "custom"
            },
            "relationships": [
                {
                    "name": "Material",
                    "namespace": "custom",
                    "origin_ref": {
                        "name": "Procurement",
                        "namespace": "custom"
                    },
                    "strategy": "EMBED"
                },
                {
                    "name": "PurchaseDocumentLines",
                    "namespace": "custom",
                    "origin_ref": {
                        "name": "Procurement",
                        "namespace": "custom"
                    },
                    "strategy": "LINK"
                }
            ]
        },
        {
            "custom_alias": null,
            "default_alias": "Purchase Schedule Line",
            "entity_metadata": {
                "name": "PurchaseScheduleLine",
                "namespace": "custom"
            },
            "name": "PurchaseScheduleLine",
            "namespace": "custom",
            "origin_ref": {
                "name": "Procurement",
                "namespace": "custom"
            },
            "relationships": []
        },
        {
            "custom_alias": null,
            "default_alias": "Vendor",
            "entity_metadata": {
                "name": "Vendor",
                "namespace": "custom"
            },
            "name": "Vendor",
            "namespace": "custom",
            "origin_ref": {
                "name": "Procurement",
                "namespace": "custom"
            },
            "relationships": [
                {
                    "name": "PurchaseDocument",
                    "namespace": "custom",
                    "origin_ref": {
                        "name": "Procurement",
                        "namespace": "custom"
                    },
                    "strategy": "LINK"
                }
            ]
        },
        {
            "custom_alias": null,
            "default_alias": "Vendor Invoice",
            "entity_metadata": {
                "name": "VendorInvoice",
                "namespace": "custom"
            },
            "name": "VendorInvoice",
            "namespace": "custom",
            "origin_ref": {
                "name": "Procurement",
                "namespace": "custom"
            },
            "relationships": []
        },
        {
            "custom_alias": null,
            "default_alias": "Vendor Invoice Line",
            "entity_metadata": {
                "name": "VendorInvoiceLine",
                "namespace": "custom"
            },
            "name": "VendorInvoiceLine",
            "namespace": "custom",
            "origin_ref": {
                "name": "Procurement",
                "namespace": "custom"
            },
            "relationships": [
                {
                    "name": "PurchaseDocumentLine",
                    "namespace": "custom",
                    "origin_ref": {
                        "name": "Procurement",
                        "namespace": "custom"
                    },
                    "strategy": "LINK"
                },
                {
                    "name": "VendorInvoice",
                    "namespace": "custom",
                    "origin_ref": {
                        "name": "Procurement",
                        "namespace": "custom"
                    },
                    "strategy": "LINK"
                }
            ]
        }
    ],
    "projections": [
        {
            "event_list": [],
            "events": [
                {
                    "name": "ApprovePurchaseDocument",
                    "namespace": "custom"
                },
                {
                    "name": "CancelPurchaseDocument",
                    "namespace": "custom"
                },
                {
                    "name": "ChangePurchaseDocument",
                    "namespace": "custom"
                },
                {
                    "name": "ChangePurchaseDocumentLine",
                    "namespace": "custom"
                }
            ],
            "lead_object": {
                "name": "PurchaseDocument",
                "namespace": "custom"
            },
            "name": "PurchaseDocument",
            "origin_ref": {
                "name": "Procurement",
                "namespace": "custom"
            }
        },
        {
            "event_list": [
                {
                    "breakdown_attributes": [
                        {
                            "metadata": {
                                "data_type": "CT_UTF8_STRING",
                                "name": "ExecutedBy",
                                "namespace": "custom"
                            }
                        },
                        {
                            "metadata": {
                                "data_type": "CT_UTF8_STRING",
                                "name": "ExecutionType",
                                "namespace": "custom"
                            }
                        }
                    ],
                    "name": "ApprovePurchaseDocument",
                    "namespace": "custom"
                },
                {
                    "breakdown_attributes": [
                        {
                            "metadata": {
                                "data_type": "CT_UTF8_STRING",
                                "name": "OldValue",
                                "namespace": "custom"
                            }
                        },
                        {
                            "metadata": {
                                "data_type": "CT_UTF8_STRING",
                                "name": "NewValue",
                                "namespace": "custom"
                            }
                        },
                        {
                            "metadata": {
                                "data_type": "CT_UTF8_STRING",
                                "name": "ExecutionType",
                                "namespace": "custom"
                            }
                        },
                        {
                            "metadata": {
                                "data_type": "CT_UTF8_STRING",
                                "name": "ExecutedBy",
                                "namespace": "custom"
                            }
                        },
                        {
                            "metadata": {
                                "data_type": "CT_UTF8_STRING",
                                "name": "ChangedAttribute",
                                "namespace": "custom"
                            }
                        }
                    ],
                    "name": "ChangePurchaseDocument",
                    "namespace": "custom"
                },
                {
                    "breakdown_attributes": [
                        {
                            "metadata": {
                                "data_type": "CT_UTF8_STRING",
                                "name": "OldValue",
                                "namespace": "custom"
                            }
                        },
                        {
                            "metadata": {
                                "data_type": "CT_UTF8_STRING",
                                "name": "NewValue",
                                "namespace": "custom"
                            }
                        },
                        {
                            "metadata": {
                                "data_type": "CT_UTF8_STRING",
                                "name": "ExecutionType",
                                "namespace": "custom"
                            }
                        },
                        {
                            "metadata": {
                                "data_type": "CT_UTF8_STRING",
                                "name": "ExecutedBy",
                                "namespace": "custom"
                            }
                        },
                        {
                            "metadata": {
                                "data_type": "CT_UTF8_STRING",
                                "name": "ChangedAttribute",
                                "namespace": "custom"
                            }
                        }
                    ],
                    "name": "ChangePurchaseDocumentLine",
                    "namespace": "custom"
                },
                {
                    "breakdown_attributes": [
                        {
                            "metadata": {
                                "data_type": "CT_UTF8_STRING",
                                "name": "ChangedAttribute",
                                "namespace": "custom"
                            }
                        },
                        {
                            "metadata": {
                                "data_type": "CT_UTF8_STRING",
                                "name": "ExecutedBy",
                                "namespace": "custom"
                            }
                        },
                        {
                            "metadata": {
                                "data_type": "CT_UTF8_STRING",
                                "name": "ExecutionType",
                                "namespace": "custom"
                            }
                        },
                        {
                            "metadata": {
                                "data_type": "CT_UTF8_STRING",
                                "name": "NewValue",
                                "namespace": "custom"
                            }
                        },
                        {
                            "metadata": {
                                "data_type": "CT_UTF8_STRING",
                                "name": "OldValue",
                                "namespace": "custom"
                            }
                        }
                    ],
                    "name": "ChangePurchaseScheduleLine",
                    "namespace": "custom"
                }
            ],
            "events": [
                {
                    "name": "CancelPurchaseDocument",
                    "namespace": "custom"
                },
                {
                    "name": "CancelPurchaseDocumentLine",
                    "namespace": "custom"
                },
                {
                    "name": "CancelPurchaseScheduleLine",
                    "namespace": "custom"
                },
                {
                    "name": "CreatePurchaseDocument",
                    "namespace": "custom"
                },
                {
                    "name": "CreatePurchaseDocumentLine",
                    "namespace": "custom"
                },
                {
                    "name": "CreatePurchaseRequisitionLine",
                    "namespace": "custom"
                },
                {
                    "name": "CreatePurchaseScheduleLine",
                    "namespace": "custom"
                },
                {
                    "name": "EnterVendorInvoice",
                    "namespace": "custom"
                },
                {
                    "name": "PostGoodsReceipt",
                    "namespace": "custom"
                }
            ],
            "lead_object": {
                "name": "PurchaseDocumentLine",
                "namespace": "custom"
            },
            "name": "PurchaseDocumentLine",
            "origin_ref": {
                "name": "Procurement",
                "namespace": "custom"
            }
        }
    ],
    "tags": []
}