{
    "change_date": 1736777686434.0,
    "changed_by": {
        "id": "85c7b727-381a-4cec-8f44-b3d474b3277d",
        "name": "Philipp",
        "type_": "USER"
    },
    "created_by": {
        "id": "85c7b727-381a-4cec-8f44-b3d474b3277d",
        "name": "Philipp",
        "type_": "USER"
    },
    "creation_date": 1730809622962.0,
    "data_source_connections": [
        {
            "custom_transformation_count": 0,
            "data_source_id": "b3c59e17-798d-49ea-b0b3-99d0bae2e011",
            "data_source_name": "1000 - RAW test data sets_13 - TS1 - Full",
            "data_source_type": "imported",
            "enabled": false,
            "global_transformation_count": 63,
            "mitigate_ccdm_differences": false,
            "transformation_type": "sap-ecc"
        },
        {
            "custom_transformation_count": 0,
            "data_source_id": "da0fb715-059b-4a79-9625-e64f7226e30a",
            "data_source_name": "1000 - RAW test data sets_21 - ORACLE_EBS Test system",
            "data_source_type": "imported",
            "enabled": false,
            "global_transformation_count": 63,
            "mitigate_ccdm_differences": false,
            "transformation_type": "oracle-ebs"
        }
    ],
    "description": null,
    "display_name": "Procurement",
    "enable_date": 1730884455115.0,
    "enabled": true,
    "event_count": 39,
    "name": "Procurement",
    "object_count": 33
}