[
    {
        "change_date": 1763396111724.0,
        "changed_by": {
            "id": "5477e5f1-b56c-404c-b581-116f9517bb0d",
            "name": "Robert Connolly",
            "type_": "USER"
        },
        "created_by": {
            "id": "2202cbc9-7251-4630-bfb2-36812e688613",
            "name": "l.pigozzi",
            "type_": "USER"
        },
        "creation_date": 1752508700419.0,
        "description": "Testing template approach for S4 usage",
        "id": "2062e0c6-3537-4843-8291-308e0b80179c",
        "instance_names": [
            "ReceivableItem - 00. Central Extraction Pool_TS1",
            "ReceivableItem - SAP S4"
        ],
        "instances_count": 2,
        "name": "ReceivableItem - SAP ECC - 1",
        "target": {
            "entity_ref": {
                "name": "ReceivableItem",
                "namespace": "custom"
            },
            "kind": "OBJECT"
        }
    }
]